gameId,playId,targetNflId,displayName,officialPosition,week,split,complete,p_catch
2021090900,97,44896,Chris Godwin,WR,1,train,0,0.384909
2021090900,137,42347,Amari Cooper,WR,1,train,1,0.564531
2021090900,187,46206,Dalton Schultz,TE,1,train,1,0.842461
2021090900,282,52425,CeeDee Lamb,WR,1,train,0,0.66256
2021090900,349,52425,CeeDee Lamb,WR,1,train,0,0.294105
2021090900,410,41233,Mike Evans,WR,1,train,1,0.861238
2021090900,434,41233,Mike Evans,WR,1,train,0,0.817647
2021090900,456,35481,Rob Gronkowski,TE,1,train,1,0.407264
2021090900,480,35634,Antonio Brown,WR,1,train,1,0.386049
2021090900,509,35634,Antonio Brown,WR,1,train,1,0.503842
2021090900,559,44896,Chris Godwin,WR,1,train,1,0.756216
2021090900,583,44896,Chris Godwin,WR,1,train,1,0.770646
2021090900,687,46150,Michael Gallup,WR,1,train,1,0.627794
2021090900,735,46150,Michael Gallup,WR,1,train,1,0.461817
2021090900,764,45532,Blake Jarwin,TE,1,train,1,0.879235
2021090900,788,52425,CeeDee Lamb,WR,1,train,1,0.760461
2021090900,869,35634,Antonio Brown,WR,1,train,1,0.865161
2021090900,925,44816,Leonard Fournette,RB,1,train,0,0.468303
2021090900,947,35634,Antonio Brown,WR,1,train,0,0.613755
2021090900,1078,47911,Tony Pollard,RB,1,train,1,0.867079
2021090900,1203,35481,Rob Gronkowski,TE,1,train,1,0.820022
2021090900,1227,44896,Chris Godwin,WR,1,train,1,0.84188
2021090900,1267,44896,Chris Godwin,WR,1,train,1,0.758154
2021090900,1312,35481,Rob Gronkowski,TE,1,train,1,0.810118
2021090900,1368,52425,CeeDee Lamb,WR,1,train,1,0.808572
2021090900,1392,42347,Amari Cooper,WR,1,train,0,0.298114
2021090900,1425,45532,Blake Jarwin,TE,1,train,1,0.346356
2021090900,1506,46150,Michael Gallup,WR,1,train,0,0.07487
2021090900,1563,42347,Amari Cooper,WR,1,train,1,0.759753
2021090900,1587,52425,CeeDee Lamb,WR,1,train,0,0.224196
2021090900,1687,52425,CeeDee Lamb,WR,1,train,0,0.111678
2021090900,1726,46277,Cedrick Wilson,WR,1,train,1,0.835661
2021090900,1776,42347,Amari Cooper,WR,1,train,1,0.385298
2021090900,1918,46150,Michael Gallup,WR,1,train,0,0.510629
2021090900,1940,52425,CeeDee Lamb,WR,1,train,0,0.40631
2021090900,2008,44896,Chris Godwin,WR,1,train,1,0.883158
2021090900,2032,35634,Antonio Brown,WR,1,train,1,0.198809
2021090900,2088,42347,Amari Cooper,WR,1,train,1,0.770056
2021090900,2129,46150,Michael Gallup,WR,1,train,1,0.169758
2021090900,2169,42347,Amari Cooper,WR,1,train,1,0.762841
2021090900,2211,46150,Michael Gallup,WR,1,train,0,0.429745
2021090900,2233,52425,CeeDee Lamb,WR,1,train,1,0.773402
2021090900,2397,39985,Giovani Bernard,RB,1,train,0,0.451734
2021090900,2419,52569,Tyler Johnson,WR,1,train,0,0.576982
2021090900,2530,46206,Dalton Schultz,TE,1,train,1,0.897893
2021090900,2554,42347,Amari Cooper,WR,1,train,1,0.434591
2021090900,2632,42347,Amari Cooper,WR,1,train,1,0.623037
2021090900,2656,46150,Michael Gallup,WR,1,train,0,0.802418
2021090900,2678,45532,Blake Jarwin,TE,1,train,0,0.58165
2021090900,2735,42347,Amari Cooper,WR,1,train,1,0.677205
2021090900,2780,43293,Ezekiel Elliott,RB,1,train,1,0.791581
2021090900,2871,44896,Chris Godwin,WR,1,train,0,0.285747
2021090900,2893,44896,Chris Godwin,WR,1,train,0,0.815983
2021090900,3014,52425,CeeDee Lamb,WR,1,train,0,0.514537
2021090900,3062,35481,Rob Gronkowski,TE,1,train,1,0.345681
2021090900,3110,44816,Leonard Fournette,RB,1,train,1,0.856101
2021090900,3134,35481,Rob Gronkowski,TE,1,train,1,0.756634
2021090900,3216,45532,Blake Jarwin,TE,1,train,1,0.856338
2021090900,3261,46206,Dalton Schultz,TE,1,train,1,0.852481
2021090900,3306,52425,CeeDee Lamb,WR,1,train,1,0.816235
2021090900,3330,46206,Dalton Schultz,TE,1,train,1,0.768297
2021090900,3406,42347,Amari Cooper,WR,1,train,1,0.312389
2021090900,3462,44816,Leonard Fournette,RB,1,train,1,0.873319
2021090900,3588,41233,Mike Evans,WR,1,train,1,0.832269
2021090900,3633,41233,Mike Evans,WR,1,train,0,0.661437
2021090900,3655,44896,Chris Godwin,WR,1,train,0,0.5508
2021090900,3724,42347,Amari Cooper,WR,1,train,0,0.475863
2021090900,3746,42347,Amari Cooper,WR,1,train,0,0.471754
2021090900,3793,35481,Rob Gronkowski,TE,1,train,1,0.899789
2021090900,3862,44816,Leonard Fournette,RB,1,train,1,0.592626
2021090900,3909,41233,Mike Evans,WR,1,train,1,0.924802
2021090900,3933,44816,Leonard Fournette,RB,1,train,1,0.886905
2021090900,3962,35634,Antonio Brown,WR,1,train,1,0.88997
2021090900,4094,46206,Dalton Schultz,TE,1,train,1,0.80589
2021090900,4141,52425,CeeDee Lamb,WR,1,train,1,0.824515
2021090900,4189,42347,Amari Cooper,WR,1,train,0,0.27747
2021090900,4211,52425,CeeDee Lamb,WR,1,train,1,0.52211
2021090900,4246,46277,Cedrick Wilson,WR,1,train,1,0.741484
2021090900,4287,52425,CeeDee Lamb,WR,1,train,1,0.612743
2021090900,4393,43293,Ezekiel Elliott,RB,1,train,1,0.276465
2021090900,4428,42347,Amari Cooper,WR,1,train,1,0.899469
2021090900,4538,41233,Mike Evans,WR,1,train,0,0.186042
2021090900,4560,39985,Giovani Bernard,RB,1,train,1,0.79248
2021090900,4624,35481,Rob Gronkowski,TE,1,train,1,0.861481
2021090900,4653,35481,Rob Gronkowski,TE,1,train,1,0.811477
2021090900,4677,35634,Antonio Brown,WR,1,train,0,0.434378
2021090900,4699,44896,Chris Godwin,WR,1,train,1,0.398966
2021091200,56,46095,Calvin Ridley,WR,1,train,1,0.794563
2021091200,122,39975,Cordarrelle Patterson,RB,1,train,1,0.850319
2021091200,146,46095,Calvin Ridley,WR,1,train,1,0.792875
2021091200,176,53433,Kyle Pitts,TE,1,train,0,0.611847
2021091200,231,46095,Calvin Ridley,WR,1,train,1,0.633262
2021091200,303,46094,Hayden Hurst,TE,1,train,1,0.922656
2021091200,348,46263,Russell Gage,WR,1,train,0,0.740679
2021091200,370,42469,Mike Davis,RB,1,train,0,0.74343
2021091200,605,53439,DeVonta Smith,WR,1,train,1,0.577838
2021091200,705,41808,Keith Smith,FB,1,train,1,0.887309
2021091200,750,46094,Hayden Hurst,TE,1,train,1,0.907546
2021091200,821,53433,Kyle Pitts,TE,1,train,0,0.851628
2021091200,864,53433,Kyle Pitts,TE,1,train,1,0.788677
2021091200,1023,53433,Kyle Pitts,TE,1,train,0,0.729431
2021091200,1085,42469,Mike Davis,RB,1,train,0,0.595755
2021091200,1153,46118,Dallas Goedert,TE,1,train,1,0.70166
2021091200,1182,39983,Zach Ertz,TE,1,train,1,0.700409
2021091200,1206,47836,Miles Sanders,RB,1,train,0,0.895948
2021091200,1249,53439,DeVonta Smith,WR,1,train,0,0.395531
2021091200,1326,42469,Mike Davis,RB,1,train,1,0.865047
2021091200,1494,46094,Hayden Hurst,TE,1,train,1,0.873057
2021091200,1558,53439,DeVonta Smith,WR,1,train,1,0.872114
2021091200,1582,53439,DeVonta Smith,WR,1,train,1,0.85884
2021091200,1606,53439,DeVonta Smith,WR,1,train,1,0.713502
2021091200,1630,53439,DeVonta Smith,WR,1,train,1,0.503849
2021091200,1732,53579,Kenneth Gainwell,RB,1,train,1,0.896946
2021091200,1792,53439,DeVonta Smith,WR,1,train,0,0.60392
2021091200,1991,53579,Kenneth Gainwell,RB,1,train,1,0.892947
2021091200,2020,53579,Kenneth Gainwell,RB,1,train,0,0.857205
2021091200,2121,39983,Zach Ertz,TE,1,train,1,0.862896
2021091200,2275,52429,Jalen Reagor,WR,1,train,1,0.779428
2021091200,2321,46118,Dallas Goedert,TE,1,train,1,0.454593
2021091200,2399,46118,Dallas Goedert,TE,1,train,1,0.460623
2021091200,2675,46095,Calvin Ridley,WR,1,train,1,0.832933
2021091200,2720,46095,Calvin Ridley,WR,1,train,0,0.529045
2021091200,2767,52429,Jalen Reagor,WR,1,train,1,0.887915
2021091200,2906,47836,Miles Sanders,RB,1,train,1,0.879805
2021091200,2935,46118,Dallas Goedert,TE,1,train,0,0.34605
2021091200,2978,53433,Kyle Pitts,TE,1,train,1,0.848395
2021091200,3045,53433,Kyle Pitts,TE,1,train,1,0.760242
2021091200,3110,42469,Mike Davis,RB,1,train,1,0.842992
2021091200,3145,46094,Hayden Hurst,TE,1,train,1,0.878383
2021091200,3383,42469,Mike Davis,RB,1,train,0,0.791188
2021091200,3416,39975,Cordarrelle Patterson,RB,1,train,1,0.84002
2021091200,3480,53433,Kyle Pitts,TE,1,train,0,0.68258
2021091200,3502,46095,Calvin Ridley,WR,1,train,0,0.572092
2021091200,3599,53439,DeVonta Smith,WR,1,train,1,0.810085
2021091200,3659,47836,Miles Sanders,RB,1,train,1,0.795431
2021091200,3728,41808,Keith Smith,FB,1,train,1,0.861837
2021091200,3752,41808,Keith Smith,FB,1,train,1,0.806792
2021091200,3776,46095,Calvin Ridley,WR,1,train,0,0.795181
2021091200,3798,42469,Mike Davis,RB,1,train,0,0.906917
2021091200,3820,53433,Kyle Pitts,TE,1,train,1,0.747897
2021091200,3928,47836,Miles Sanders,RB,1,train,1,0.84034
2021091200,3988,42469,Mike Davis,RB,1,train,1,0.847039
2021091200,4017,42469,Mike Davis,RB,1,train,1,0.896856
2021091200,4240,46095,Calvin Ridley,WR,1,train,0,0.612441
2021091200,4274,53433,Kyle Pitts,TE,1,train,1,0.652662
2021091200,4317,46263,Russell Gage,WR,1,train,0,0.596922
2021091200,4367,46095,Calvin Ridley,WR,1,train,1,0.64006
2021091201,63,38947,Cole Beasley,WR,1,train,1,0.885576
2021091201,111,42489,Stefon Diggs,WR,1,train,0,0.173773
2021091201,262,47849,Diontae Johnson,WR,1,train,0,0.759202
2021091201,406,38947,Cole Beasley,WR,1,train,1,0.855971
2021091201,430,47879,Dawson Knox,TE,1,train,1,0.779733
2021091201,454,38947,Cole Beasley,WR,1,train,0,0.793357
2021091201,476,35521,Emmanuel Sanders,WR,1,train,1,0.374637
2021091201,500,42489,Stefon Diggs,WR,1,train,1,0.647008
2021091201,561,35521,Emmanuel Sanders,WR,1,train,0,0.381228
2021091201,589,38947,Cole Beasley,WR,1,train,0,0.589445
2021091201,639,47849,Diontae Johnson,WR,1,train,1,0.815705
2021091201,856,44874,JuJu Smith-Schuster,WR,1,train,1,0.870788
2021091201,901,44874,JuJu Smith-Schuster,WR,1,train,1,0.765367
2021091201,997,52457,Chase Claypool,WR,1,train,0,0.165511
2021091201,1058,35521,Emmanuel Sanders,WR,1,train,1,0.440296
2021091201,1087,38947,Cole Beasley,WR,1,train,1,0.878906
2021091201,1148,42489,Stefon Diggs,WR,1,train,1,0.862992
2021091201,1172,42489,Stefon Diggs,WR,1,train,0,0.180253
2021091201,1234,47849,Diontae Johnson,WR,1,train,0,0.625109
2021091201,1300,44874,JuJu Smith-Schuster,WR,1,train,0,0.65989
2021091201,1367,35521,Emmanuel Sanders,WR,1,train,0,0.650635
2021091201,1422,44874,JuJu Smith-Schuster,WR,1,train,1,0.834036
2021091201,1486,53453,Najee Harris,RB,1,train,0,0.913075
2021091201,1548,47879,Dawson Knox,TE,1,train,1,0.490463
2021091201,1572,35521,Emmanuel Sanders,WR,1,train,0,0.551229
2021091201,1605,38947,Cole Beasley,WR,1,train,1,0.884927
2021091201,1629,47857,Devin Singletary,RB,1,train,1,0.720566
2021091201,1653,52536,Gabe Davis,WR,1,train,1,0.162584
2021091201,1710,42489,Stefon Diggs,WR,1,train,1,0.661367
2021091201,1746,42489,Stefon Diggs,WR,1,train,1,0.776449
2021091201,1808,38947,Cole Beasley,WR,1,train,1,0.898549
2021091201,1951,52536,Gabe Davis,WR,1,train,1,0.135779
2021091201,2126,47849,Diontae Johnson,WR,1,train,0,0.114868
2021091201,2209,41236,Eric Ebron,TE,1,train,1,0.755033
2021091201,2302,53453,Najee Harris,RB,1,train,0,0.848224
2021091201,2362,42489,Stefon Diggs,WR,1,train,1,0.704816
2021091201,2392,42489,Stefon Diggs,WR,1,train,0,0.683602
2021091201,2414,42489,Stefon Diggs,WR,1,train,1,0.652716
2021091201,2438,35521,Emmanuel Sanders,WR,1,train,1,0.902355
2021091201,2483,35521,Emmanuel Sanders,WR,1,train,0,0.513516
2021091201,2547,52536,Gabe Davis,WR,1,train,0,0.817795
2021091201,2590,38947,Cole Beasley,WR,1,train,0,0.29043
2021091201,2612,52536,Gabe Davis,WR,1,train,0,0.374279
2021091201,2634,44874,JuJu Smith-Schuster,WR,1,train,0,0.868008
2021091201,2709,44874,JuJu Smith-Schuster,WR,1,train,0,0.360621
2021091201,2731,53484,Pat Freiermuth,TE,1,train,1,0.835519
2021091201,2828,41236,Eric Ebron,TE,1,train,0,0.44884
2021091201,2850,53453,Najee Harris,RB,1,train,1,0.656663
2021091201,2912,38947,Cole Beasley,WR,1,train,1,0.867834
2021091201,2936,38947,Cole Beasley,WR,1,train,0,0.837309
2021091201,3049,42489,Stefon Diggs,WR,1,train,1,0.618907
2021091201,3165,52457,Chase Claypool,WR,1,train,0,0.308171
2021091201,3219,47849,Diontae Johnson,WR,1,train,1,0.401588
2021091201,3312,35521,Emmanuel Sanders,WR,1,train,0,0.631383
2021091201,3431,47879,Dawson Knox,TE,1,train,1,0.852066
2021091201,3584,47857,Devin Singletary,RB,1,train,1,0.861514
2021091201,3655,47849,Diontae Johnson,WR,1,train,0,0.193739
2021091201,3709,44874,JuJu Smith-Schuster,WR,1,train,1,0.457719
2021091201,3799,52457,Chase Claypool,WR,1,train,1,0.626498
2021091201,3878,47849,Diontae Johnson,WR,1,train,0,0.413662
2021091201,3967,52536,Gabe Davis,WR,1,train,0,0.743687
2021091201,3989,47857,Devin Singletary,RB,1,train,0,0.362768
2021091201,4011,47857,Devin Singletary,RB,1,train,0,0.74344
2021091201,4033,35521,Emmanuel Sanders,WR,1,train,1,0.472643
2021091201,4074,47879,Dawson Knox,TE,1,train,1,0.748268
2021091201,4156,38947,Cole Beasley,WR,1,train,1,0.904533
2021091201,4180,42489,Stefon Diggs,WR,1,train,1,0.65884
2021091201,4209,47857,Devin Singletary,RB,1,train,1,0.785335
2021091201,4233,38947,Cole Beasley,WR,1,train,0,0.175536
2021091201,4266,35521,Emmanuel Sanders,WR,1,train,0,0.445375
2021091202,88,40149,Ryan Griffin,TE,1,train,1,0.720243
2021091202,394,53488,Terrace Marshall,WR,1,train,0,0.30006
2021091202,467,44817,Corey Davis,WR,1,train,0,0.258956
2021091202,489,47969,Ty Johnson,RB,1,train,0,0.278751
2021091202,602,46093,D.J. Moore,WR,1,train,1,0.559313
2021091202,664,53488,Terrace Marshall,WR,1,train,1,0.879785
2021091202,688,45785,Dan Arnold,TE,1,train,1,0.837433
2021091202,815,53463,Elijah Moore,WR,1,train,0,0.236254
2021091202,837,53463,Elijah Moore,WR,1,train,0,0.377984
2021091202,935,46093,D.J. Moore,WR,1,train,0,0.693904
2021091202,957,44820,Christian McCaffrey,RB,1,train,1,0.753794
2021091202,1021,46093,D.J. Moore,WR,1,train,1,0.293308
2021091202,1074,46093,D.J. Moore,WR,1,train,1,0.101027
2021091202,1113,46170,Ian Thomas,TE,1,train,0,0.693203
2021091202,1241,44817,Corey Davis,WR,1,train,1,0.788426
2021091202,1297,40149,Ryan Griffin,TE,1,train,0,0.263421
2021091202,1319,40149,Ryan Griffin,TE,1,train,0,0.690898
2021091202,1350,44820,Christian McCaffrey,RB,1,train,1,0.943064
2021091202,1441,53488,Terrace Marshall,WR,1,train,0,0.345845
2021091202,1497,48657,Jeff Smith,WR,1,train,0,0.309242
2021091202,1519,42428,Tyler Kroft,TE,1,train,1,0.766108
2021091202,1543,53536,Michael Carter,RB,1,train,1,0.894269
2021091202,1596,42428,Tyler Kroft,TE,1,train,1,0.825612
2021091202,1620,42428,Tyler Kroft,TE,1,train,0,0.245229
2021091202,1696,43808,Robby Anderson,WR,1,train,1,0.21066
2021091202,1752,42428,Tyler Kroft,TE,1,train,0,0.775958
2021091202,1774,46279,Braxton Berrios,WR,1,train,1,0.803899
2021091202,1885,44820,Christian McCaffrey,RB,1,train,1,0.670658
2021091202,1909,44820,Christian McCaffrey,RB,1,train,1,0.743459
2021091202,1943,45785,Dan Arnold,TE,1,train,1,0.817171
2021091202,1967,53488,Terrace Marshall,WR,1,train,1,0.913891
2021091202,1991,44820,Christian McCaffrey,RB,1,train,1,0.849419
2021091202,2153,43808,Robby Anderson,WR,1,train,0,0.63866
2021091202,2261,46279,Braxton Berrios,WR,1,train,0,0.880771
2021091202,2283,42428,Tyler Kroft,TE,1,train,0,0.20367
2021091202,2345,40149,Ryan Griffin,TE,1,train,0,0.79118
2021091202,2367,46279,Braxton Berrios,WR,1,train,0,0.785889
2021091202,2428,46170,Ian Thomas,TE,1,train,1,0.802849
2021091202,2457,53555,Chuba Hubbard,RB,1,train,1,0.836134
2021091202,2481,43808,Robby Anderson,WR,1,train,0,0.278638
2021091202,2503,45785,Dan Arnold,TE,1,train,0,0.735226
2021091202,2586,47969,Ty Johnson,RB,1,train,1,0.878539
2021091202,2662,46093,D.J. Moore,WR,1,train,0,0.737421
2021091202,2684,53488,Terrace Marshall,WR,1,train,0,0.15784
2021091202,2797,44817,Corey Davis,WR,1,train,1,0.550654
2021091202,2821,40149,Ryan Griffin,TE,1,train,1,0.831439
2021091202,2883,40149,Ryan Griffin,TE,1,train,1,0.838584
2021091202,2949,44817,Corey Davis,WR,1,train,1,0.366803
2021091202,3075,46093,D.J. Moore,WR,1,train,1,0.76788
2021091202,3376,44817,Corey Davis,WR,1,train,0,0.623056
2021091202,3512,53555,Chuba Hubbard,RB,1,train,1,0.884154
2021091202,3536,44820,Christian McCaffrey,RB,1,train,1,0.854021
2021091202,3606,42428,Tyler Kroft,TE,1,train,1,0.669221
2021091202,3635,53463,Elijah Moore,WR,1,train,1,0.475717
2021091202,3675,46279,Braxton Berrios,WR,1,train,1,0.794114
2021091202,3699,46279,Braxton Berrios,WR,1,train,1,0.881749
2021091202,3723,47969,Ty Johnson,RB,1,train,0,0.860257
2021091202,3745,53463,Elijah Moore,WR,1,train,0,0.555604
2021091202,3767,46279,Braxton Berrios,WR,1,train,1,0.55713
2021091202,3791,52467,Denzel Mims,WR,1,train,1,0.317878
2021091202,3843,44817,Corey Davis,WR,1,train,1,0.788706
2021091202,3889,44817,Corey Davis,WR,1,train,1,0.628655
2021091203,125,46226,Tyler Conklin,TE,1,train,1,0.822664
2021091203,149,40488,Adam Thielen,WR,1,train,1,0.2503
2021091203,223,40488,Adam Thielen,WR,1,train,1,0.652542
2021091203,258,52430,Justin Jefferson,WR,1,train,0,0.746518
2021091203,280,44923,Dede Westbrook,WR,1,train,1,0.89582
2021091203,405,43344,Tyler Boyd,WR,1,train,0,0.777981
2021091203,533,40488,Adam Thielen,WR,1,train,0,0.735959
2021091203,620,44927,Samaje Perine,RB,1,train,1,0.878837
2021091203,672,44853,Dalvin Cook,RB,1,train,1,0.869105
2021091203,845,52441,Tee Higgins,WR,1,train,0,0.254445
2021091203,924,52430,Justin Jefferson,WR,1,train,0,0.36413
2021091203,1041,47885,Alexander Mattison,RB,1,train,1,0.891032
2021091203,1086,52430,Justin Jefferson,WR,1,train,1,0.714675
2021091203,1258,52584,K.J. Osborn,WR,1,train,1,0.688495
2021091203,1414,44860,Joe Mixon,RB,1,train,1,0.87847
2021091203,1485,53434,Ja'Marr Chase,WR,1,train,1,0.737444
2021091203,1561,53434,Ja'Marr Chase,WR,1,train,1,0.593401
2021091203,1591,52441,Tee Higgins,WR,1,train,0,0.45776
2021091203,1667,52441,Tee Higgins,WR,1,train,1,0.694365
2021091203,1723,44853,Dalvin Cook,RB,1,train,0,0.800649
2021091203,1745,46226,Tyler Conklin,TE,1,train,1,0.517961
2021091203,1780,42397,Ameer Abdullah,RB,1,train,1,0.922763
2021091203,1809,46226,Tyler Conklin,TE,1,train,1,0.769735
2021091203,1885,52441,Tee Higgins,WR,1,train,1,0.635755
2021091203,1909,44860,Joe Mixon,RB,1,train,1,0.813261
2021091203,1938,43344,Tyler Boyd,WR,1,train,1,0.279088
2021091203,1967,53434,Ja'Marr Chase,WR,1,train,1,0.294838
2021091203,2063,40488,Adam Thielen,WR,1,train,1,0.702406
2021091203,2104,44923,Dede Westbrook,WR,1,train,1,0.851499
2021091203,2186,52584,K.J. Osborn,WR,1,train,0,0.609139
2021091203,2219,52430,Justin Jefferson,WR,1,train,1,0.54998
2021091203,2376,44860,Joe Mixon,RB,1,train,1,0.828783
2021091203,2400,52441,Tee Higgins,WR,1,train,1,0.667556
2021091203,2450,43495,Mike Thomas,WR,1,train,0,0.758942
2021091203,2472,43344,Tyler Boyd,WR,1,train,1,0.609196
2021091203,2538,52441,Tee Higgins,WR,1,train,1,0.663122
2021091203,2685,42397,Ameer Abdullah,RB,1,train,1,0.682903
2021091203,2751,46176,Christopher Herndon,TE,1,train,0,0.850041
2021091203,2773,52584,K.J. Osborn,WR,1,train,1,0.880136
2021091203,2862,53434,Ja'Marr Chase,WR,1,train,1,0.836642
2021091203,2909,46176,Christopher Herndon,TE,1,train,0,0.640484
2021091203,2952,52430,Justin Jefferson,WR,1,train,0,0.384215
2021091203,2974,40488,Adam Thielen,WR,1,train,1,0.702037
2021091203,3261,40488,Adam Thielen,WR,1,train,0,0.238679
2021091203,3320,43971,C.J. Ham,FB,1,train,1,0.778265
2021091203,3366,52430,Justin Jefferson,WR,1,train,0,0.529383
2021091203,3405,44853,Dalvin Cook,RB,1,train,1,0.849471
2021091203,3429,52584,K.J. Osborn,WR,1,train,1,0.857711
2021091203,3453,52430,Justin Jefferson,WR,1,train,1,0.639861
2021091203,3623,53434,Ja'Marr Chase,WR,1,train,0,0.214405
2021091203,3682,40488,Adam Thielen,WR,1,train,0,0.575732
2021091203,3740,52584,K.J. Osborn,WR,1,train,1,0.726635
2021091203,3977,44853,Dalvin Cook,RB,1,train,1,0.859122
2021091203,4001,46226,Tyler Conklin,TE,1,train,1,0.523802
2021091203,4025,52584,K.J. Osborn,WR,1,train,0,0.240193
2021091203,4047,44853,Dalvin Cook,RB,1,train,1,0.88377
2021091203,4076,52584,K.J. Osborn,WR,1,train,1,0.813002
2021091203,4100,52584,K.J. Osborn,WR,1,train,1,0.581413
2021091203,4124,40488,Adam Thielen,WR,1,train,1,0.573137
2021091203,4284,43495,Mike Thomas,WR,1,train,1,0.838633
2021091203,4415,40488,Adam Thielen,WR,1,train,1,0.697368
2021091203,4528,53434,Ja'Marr Chase,WR,1,train,0,0.228441
2021091203,4596,52430,Justin Jefferson,WR,1,train,0,0.311147
2021091203,4629,43971,C.J. Ham,FB,1,train,1,0.828695
2021091203,4682,52430,Justin Jefferson,WR,1,train,1,0.735648
2021091203,4849,42500,C.J. Uzomah,TE,1,train,1,0.587285
2021091204,90,47791,T.J. Hockenson,TE,1,train,1,0.896634
2021091204,135,43090,Tyrell Williams,WR,1,train,0,0.419919
2021091204,157,44947,Jamaal Williams,RB,1,train,1,0.911766
2021091204,282,53541,Amon-Ra St. Brown,WR,1,train,0,0.291024
2021091204,328,52443,D'Andre Swift,RB,1,train,0,0.853403
2021091204,417,44959,George Kittle,TE,1,train,1,0.843677
2021091204,487,38613,Mohamed Sanu,WR,1,train,1,0.769615
2021091204,516,46671,Trent Sherfield,WR,1,train,1,0.833903
2021091204,596,47791,T.J. Hockenson,TE,1,train,0,0.324013
2021091204,660,46424,Jason Cabinda,FB,1,train,0,0.848083
2021091204,712,52443,D'Andre Swift,RB,1,train,1,0.925877
2021091204,736,47791,T.J. Hockenson,TE,1,train,1,0.46074
2021091204,807,47791,T.J. Hockenson,TE,1,train,1,0.780337
2021091204,831,43090,Tyrell Williams,WR,1,train,1,0.615778
2021091204,895,52443,D'Andre Swift,RB,1,train,1,0.823393
2021091204,919,47791,T.J. Hockenson,TE,1,train,1,0.615661
2021091204,1026,47819,Deebo Samuel,WR,1,train,1,0.660255
2021091204,1054,47819,Deebo Samuel,WR,1,train,1,0.906671
2021091204,1163,39907,Darren Fells,TE,1,train,1,0.824027
2021091204,1187,44947,Jamaal Williams,RB,1,train,1,0.801217
2021091204,1300,43090,Tyrell Williams,WR,1,train,1,0.831578
2021091204,1365,40078,Kyle Juszczyk,FB,1,train,1,0.751912
2021091204,1443,47819,Deebo Samuel,WR,1,train,1,0.764442
2021091204,1488,47819,Deebo Samuel,WR,1,train,1,0.770379
2021091204,1579,47791,T.J. Hockenson,TE,1,train,1,0.934764
2021091204,1641,52443,D'Andre Swift,RB,1,train,1,0.756939
2021091204,1670,47791,T.J. Hockenson,TE,1,train,0,0.533466
2021091204,1811,44947,Jamaal Williams,RB,1,train,1,0.925847
2021091204,1916,44959,George Kittle,TE,1,train,0,0.44033
2021091204,1938,46671,Trent Sherfield,WR,1,train,1,0.639449
2021091204,2148,44959,George Kittle,TE,1,train,1,0.6531
2021091204,2196,44959,George Kittle,TE,1,train,1,0.862495
2021091204,2345,43584,Kalif Raymond,WR,1,train,0,0.761459
2021091204,2367,43090,Tyrell Williams,WR,1,train,0,0.579982
2021091204,2421,52443,D'Andre Swift,RB,1,train,0,0.495387
2021091204,2447,44947,Jamaal Williams,RB,1,train,0,0.583612
2021091204,2596,47819,Deebo Samuel,WR,1,train,1,0.228731
2021091204,2699,46424,Jason Cabinda,FB,1,train,0,0.795481
2021091204,2742,44947,Jamaal Williams,RB,1,train,1,0.842032
2021091204,2766,44947,Jamaal Williams,RB,1,train,1,0.712622
2021091204,2876,47819,Deebo Samuel,WR,1,train,1,0.423812
2021091204,3017,53541,Amon-Ra St. Brown,WR,1,train,1,0.869244
2021091204,3060,52574,Quintez Cephus,WR,1,train,0,0.165988
2021091204,3171,46671,Trent Sherfield,WR,1,train,0,0.39337
2021091204,3195,52708,Jamycal Hasty,RB,1,train,1,0.633189
2021091204,3351,47791,T.J. Hockenson,TE,1,train,1,0.768741
2021091204,3375,48053,Trinity Benson,WR,1,train,1,0.706422
2021091204,3404,53541,Amon-Ra St. Brown,WR,1,train,1,0.55733
2021091204,3444,47791,T.J. Hockenson,TE,1,train,1,0.765958
2021091204,3479,48053,Trinity Benson,WR,1,train,0,0.381175
2021091204,3504,43584,Kalif Raymond,WR,1,train,1,0.793415
2021091204,3533,48053,Trinity Benson,WR,1,train,0,0.792888
2021091204,3597,47819,Deebo Samuel,WR,1,train,0,0.812036
2021091204,3638,48053,Trinity Benson,WR,1,train,1,0.278507
2021091204,3662,47791,T.J. Hockenson,TE,1,train,1,0.680059
2021091204,3691,52443,D'Andre Swift,RB,1,train,1,0.875216
2021091204,3719,52574,Quintez Cephus,WR,1,train,0,0.183019
2021091204,3741,48053,Trinity Benson,WR,1,train,0,0.515037
2021091204,3774,52443,D'Andre Swift,RB,1,train,0,0.849695
2021091204,3808,52443,D'Andre Swift,RB,1,train,1,0.863065
2021091204,3832,52443,D'Andre Swift,RB,1,train,1,0.80269
2021091204,3856,44947,Jamaal Williams,RB,1,train,1,0.762582
2021091204,3880,44947,Jamaal Williams,RB,1,train,1,0.862174
2021091204,3908,52574,Quintez Cephus,WR,1,train,1,0.887326
2021091204,3973,48053,Trinity Benson,WR,1,train,0,0.255179
2021091204,4082,48053,Trinity Benson,WR,1,train,1,0.71615
2021091204,4106,47791,T.J. Hockenson,TE,1,train,1,0.822695
2021091204,4164,52574,Quintez Cephus,WR,1,train,1,0.761266
2021091204,4199,43584,Kalif Raymond,WR,1,train,1,0.205479
2021091204,4401,47819,Deebo Samuel,WR,1,train,1,0.785236
2021091204,4441,48053,Trinity Benson,WR,1,train,0,0.282107
2021091204,4463,53541,Amon-Ra St. Brown,WR,1,train,1,0.691466
2021091204,4492,52574,Quintez Cephus,WR,1,train,0,0.155417
2021091204,4514,43584,Kalif Raymond,WR,1,train,1,0.506104
2021091204,4607,47791,T.J. Hockenson,TE,1,train,0,0.696492
2021091204,4629,53541,Amon-Ra St. Brown,WR,1,train,0,0.294456
2021091205,78,41246,Brandin Cooks,WR,1,train,0,0.72036
2021091205,100,53518,Nico Collins,WR,1,train,0,0.612888
2021091205,151,52733,James Robinson,RB,1,train,0,0.870534
2021091205,249,52450,Laviska Shenault,WR,1,train,1,0.820788
2021091205,337,45339,Pharaoh Brown,TE,1,train,0,0.27506
2021091205,423,33566,Danny Amendola,WR,1,train,1,0.854309
2021091205,447,33566,Danny Amendola,WR,1,train,1,0.740629
2021091205,513,41246,Brandin Cooks,WR,1,train,1,0.300243
2021091205,643,38696,Marvin Jones,WR,1,train,1,0.712826
2021091205,699,38696,Marvin Jones,WR,1,train,1,0.87087
2021091205,745,46130,D.J. Chark,WR,1,train,0,0.702645
2021091205,787,42419,Chris Conley,WR,1,train,1,0.744505
2021091205,811,45339,Pharaoh Brown,TE,1,train,1,0.781775
2021091205,856,42429,David Johnson,RB,1,train,0,0.700138
2021091205,878,42429,David Johnson,RB,1,train,1,0.839533
2021091205,1050,38696,Marvin Jones,WR,1,train,0,0.70288
2021091205,1091,46130,D.J. Chark,WR,1,train,1,0.613809
2021091205,1157,46130,D.J. Chark,WR,1,train,0,0.753557
2021091205,1179,42516,James O'Shaughnessy,TE,1,train,0,0.260301
2021091205,1212,42516,James O'Shaughnessy,TE,1,train,0,0.560106
2021091205,1278,42302,Chris Manhertz,TE,1,train,1,0.716786
2021091205,1359,41246,Brandin Cooks,WR,1,train,1,0.500728
2021091205,1426,41246,Brandin Cooks,WR,1,train,1,0.785543
2021091205,1494,42419,Chris Conley,WR,1,train,1,0.788548
2021091205,1518,40138,Rex Burkhead,RB,1,train,0,0.658406
2021091205,1667,52450,Laviska Shenault,WR,1,train,0,0.482797
2021091205,1711,38696,Marvin Jones,WR,1,train,1,0.864808
2021091205,1739,42380,Devin Smith,WR,1,train,0,0.615249
2021091205,1808,37101,Mark Ingram,RB,1,train,0,0.370507
2021091205,1924,46130,D.J. Chark,WR,1,train,0,0.691558
2021091205,1988,45339,Pharaoh Brown,TE,1,train,0,0.277389
2021091205,2042,53518,Nico Collins,WR,1,train,0,0.416031
2021091205,2075,46167,Jordan Akins,TE,1,train,0,0.414548
2021091205,2183,46130,D.J. Chark,WR,1,train,0,0.612397
2021091205,2223,42516,James O'Shaughnessy,TE,1,train,0,0.806054
2021091205,2245,52733,James Robinson,RB,1,train,0,0.816755
2021091205,2297,33566,Danny Amendola,WR,1,train,1,0.630936
2021091205,2325,42429,David Johnson,RB,1,train,1,0.690634
2021091205,2388,41246,Brandin Cooks,WR,1,train,1,0.27951
2021091205,2429,33566,Danny Amendola,WR,1,train,1,0.74037
2021091205,2581,52450,Laviska Shenault,WR,1,train,0,0.538783
2021091205,2681,53518,Nico Collins,WR,1,train,1,0.619266
2021091205,2795,46130,D.J. Chark,WR,1,train,0,0.491384
2021091205,2838,52733,James Robinson,RB,1,train,1,0.371791
2021091205,2966,45339,Pharaoh Brown,TE,1,train,1,0.804976
2021091205,3053,45339,Pharaoh Brown,TE,1,train,1,0.410413
2021091205,3127,42516,James O'Shaughnessy,TE,1,train,1,0.317201
2021091205,3151,42516,James O'Shaughnessy,TE,1,train,1,0.903338
2021091205,3175,52733,James Robinson,RB,1,train,1,0.148252
2021091205,3210,46130,D.J. Chark,WR,1,train,1,0.509251
2021091205,3310,41246,Brandin Cooks,WR,1,train,0,0.770441
2021091205,3361,46130,D.J. Chark,WR,1,train,0,0.360905
2021091205,3383,42516,James O'Shaughnessy,TE,1,train,1,0.76737
2021091205,3426,46130,D.J. Chark,WR,1,train,0,0.688055
2021091205,3467,45339,Pharaoh Brown,TE,1,train,0,0.351887
2021091205,3631,46167,Jordan Akins,TE,1,train,0,0.138901
2021091205,3687,42516,James O'Shaughnessy,TE,1,train,1,0.887924
2021091205,3711,42516,James O'Shaughnessy,TE,1,train,1,0.898304
2021091205,3735,38696,Marvin Jones,WR,1,train,0,0.518202
2021091205,3761,52733,James Robinson,RB,1,train,0,0.775935
2021091205,3783,52733,James Robinson,RB,1,train,0,0.856244
2021091205,3805,52450,Laviska Shenault,WR,1,train,1,0.435481
2021091205,3886,52450,Laviska Shenault,WR,1,train,0,0.663121
2021091205,4100,52450,Laviska Shenault,WR,1,train,0,0.313189
2021091205,4141,41286,Carlos Hyde,RB,1,train,1,0.811895
2021091205,4420,46130,D.J. Chark,WR,1,train,1,0.808299
2021091205,4489,52450,Laviska Shenault,WR,1,train,1,0.722278
2021091205,4513,46130,D.J. Chark,WR,1,train,0,0.18294
2021091205,4535,41286,Carlos Hyde,RB,1,train,1,0.855857
2021091205,4580,42516,James O'Shaughnessy,TE,1,train,1,0.607559
2021091205,4604,38696,Marvin Jones,WR,1,train,0,0.444004
2021091205,4649,38696,Marvin Jones,WR,1,train,1,0.643014
2021091205,4673,38696,Marvin Jones,WR,1,train,0,0.729817
2021091205,4695,38696,Marvin Jones,WR,1,train,1,0.690828
2021091206,76,40641,Jack Doyle,TE,1,train,0,0.829169
2021091206,128,53658,Mike Strachan,WR,1,train,1,0.126915
2021091206,152,45102,Zach Pascal,WR,1,train,1,0.907029
2021091206,245,46173,Nyheim Hines,RB,1,train,1,0.75896
2021091206,649,42412,Tyler Lockett,WR,1,train,1,0.231484
2021091206,855,46189,Will Dissly,TE,1,train,1,0.883776
2021091206,903,46189,Will Dissly,TE,1,train,1,0.818675
2021091206,948,44856,Gerald Everett,TE,1,train,1,0.71195
2021091206,1040,47842,Parris Campbell,WR,1,train,1,0.693415
2021091206,1064,46173,Nyheim Hines,RB,1,train,1,0.820914
2021091206,1130,52449,Jonathan Taylor,RB,1,train,1,0.85058
2021091206,1171,52442,Michael Pittman,WR,1,train,1,0.727145
2021091206,1195,45102,Zach Pascal,WR,1,train,1,0.79302
2021091206,1246,45062,Chris Carson,RB,1,train,1,0.772103
2021091206,1296,42412,Tyler Lockett,WR,1,train,1,0.763983
2021091206,1320,52622,Freddie Swain,WR,1,train,0,0.764962
2021091206,1371,52449,Jonathan Taylor,RB,1,train,1,0.595323
2021091206,1483,44792,Mo Alie-Cox,TE,1,train,0,0.45812
2021091206,1583,53485,D'Wayne Eskridge,WR,1,train,1,0.715954
2021091206,1687,42412,Tyler Lockett,WR,1,train,1,0.470672
2021091206,1745,46173,Nyheim Hines,RB,1,train,0,0.576573
2021091206,1824,40641,Jack Doyle,TE,1,train,1,0.826054
2021091206,1921,45062,Chris Carson,RB,1,train,1,0.835994
2021091206,1945,47847,DK Metcalf,WR,1,train,1,0.830042
2021091206,2011,42412,Tyler Lockett,WR,1,train,0,0.375617
2021091206,2111,47842,Parris Campbell,WR,1,train,0,0.239911
2021091206,2229,52552,DeeJay Dallas,RB,1,train,1,0.870904
2021091206,2301,52442,Michael Pittman,WR,1,train,0,0.306676
2021091206,2419,47847,DK Metcalf,WR,1,train,1,0.91697
2021091206,2609,46189,Will Dissly,TE,1,train,1,0.873709
2021091206,2676,47847,DK Metcalf,WR,1,train,0,0.081285
2021091206,2760,53658,Mike Strachan,WR,1,train,1,0.557337
2021091206,2868,47842,Parris Campbell,WR,1,train,0,0.713803
2021091206,2914,40641,Jack Doyle,TE,1,train,1,0.773578
2021091206,2964,40641,Jack Doyle,TE,1,train,1,0.759071
2021091206,2988,46173,Nyheim Hines,RB,1,train,0,0.887648
2021091206,3032,52442,Michael Pittman,WR,1,train,1,0.671506
2021091206,3079,47847,DK Metcalf,WR,1,train,1,0.746592
2021091206,3132,42412,Tyler Lockett,WR,1,train,1,0.714176
2021091206,3236,47847,DK Metcalf,WR,1,train,1,0.510111
2021091206,3287,52449,Jonathan Taylor,RB,1,train,1,0.880066
2021091206,3353,52449,Jonathan Taylor,RB,1,train,0,0.741356
2021091206,3382,52442,Michael Pittman,WR,1,train,1,0.425794
2021091206,3406,53658,Mike Strachan,WR,1,train,0,0.51146
2021091206,3439,46173,Nyheim Hines,RB,1,train,1,0.839968
2021091206,3463,45102,Zach Pascal,WR,1,train,1,0.373012
2021091206,3561,45102,Zach Pascal,WR,1,train,1,0.622954
2021091206,3803,46173,Nyheim Hines,RB,1,train,1,0.854291
2021091206,3833,44792,Mo Alie-Cox,TE,1,train,0,0.531881
2021091207,76,43334,Derrick Henry,RB,1,train,1,0.853425
2021091207,100,43556,Chester Rogers,WR,1,train,0,0.703653
2021091207,152,39973,DeAndre Hopkins,WR,1,train,1,0.523385
2021091207,218,46203,Chase Edmonds,RB,1,train,1,0.829542
2021091207,253,37077,A.J. Green,WR,1,train,1,0.397853
2021091207,386,46116,Christian Kirk,WR,1,train,1,0.732588
2021091207,410,53478,Rondale Moore,WR,1,train,0,0.156686
2021091207,621,40615,Demetrius Harris,TE,1,train,0,0.488383
2021091207,660,39973,DeAndre Hopkins,WR,1,train,1,0.439913
2021091207,839,39973,DeAndre Hopkins,WR,1,train,1,0.747356
2021091207,863,37077,A.J. Green,WR,1,train,0,0.459801
2021091207,930,43556,Chester Rogers,WR,1,train,1,0.745897
2021091207,954,44975,Jeremy McNichols,RB,1,train,1,0.864437
2021091207,1128,39973,DeAndre Hopkins,WR,1,train,1,0.542541
2021091207,1152,39973,DeAndre Hopkins,WR,1,train,0,0.22072
2021091207,1344,39973,DeAndre Hopkins,WR,1,train,1,0.832379
2021091207,1431,47834,A.J. Brown,WR,1,train,1,0.843016
2021091207,1476,45355,Anthony Firkser,TE,1,train,1,0.769943
2021091207,1540,37079,Julio Jones,WR,1,train,0,0.344635
2021091207,1562,42589,Geoff Swaim,TE,1,train,0,0.645368
2021091207,1584,53074,Nick Westbrook-Ikhine,WR,1,train,1,0.812293
2021091207,1703,42398,Maxx Williams,TE,1,train,0,0.392038
2021091207,1725,37077,A.J. Green,WR,1,train,0,0.792657
2021091207,1747,53478,Rondale Moore,WR,1,train,1,0.53464
2021091207,1834,37077,A.J. Green,WR,1,train,1,0.802706
2021091207,1858,46116,Christian Kirk,WR,1,train,1,0.173864
2021091207,2050,37079,Julio Jones,WR,1,train,1,0.341679
2021091207,2095,44975,Jeremy McNichols,RB,1,train,1,0.836167
2021091207,2119,45355,Anthony Firkser,TE,1,train,1,0.535454
2021091207,2148,45355,Anthony Firkser,TE,1,train,1,0.851342
2021091207,2189,37079,Julio Jones,WR,1,train,0,0.497585
2021091207,2222,37079,Julio Jones,WR,1,train,0,0.276343
2021091207,2244,47834,A.J. Brown,WR,1,train,0,0.372893
2021091207,2345,39973,DeAndre Hopkins,WR,1,train,0,0.424623
2021091207,2503,40615,Demetrius Harris,TE,1,train,0,0.408663
2021091207,2529,47834,A.J. Brown,WR,1,train,1,0.717293
2021091207,2553,47834,A.J. Brown,WR,1,train,1,0.413802
2021091207,2654,39973,DeAndre Hopkins,WR,1,train,1,0.553129
2021091207,2716,40615,Demetrius Harris,TE,1,train,0,0.779681
2021091207,2766,46116,Christian Kirk,WR,1,train,1,0.174501
2021091207,2856,43556,Chester Rogers,WR,1,train,1,0.846166
2021091207,2901,37079,Julio Jones,WR,1,train,0,0.078819
2021091207,2927,39973,DeAndre Hopkins,WR,1,train,0,0.472749
2021091207,2949,37077,A.J. Green,WR,1,train,0,0.610796
2021091207,3245,46116,Christian Kirk,WR,1,train,1,0.25544
2021091207,3310,43556,Chester Rogers,WR,1,train,0,0.175777
2021091207,3353,37079,Julio Jones,WR,1,train,1,0.571884
2021091207,3398,47834,A.J. Brown,WR,1,train,0,0.468941
2021091207,3420,47834,A.J. Brown,WR,1,train,1,0.755463
2021091207,3444,53074,Nick Westbrook-Ikhine,WR,1,train,0,0.891071
2021091207,3466,43334,Derrick Henry,RB,1,train,0,0.867013
2021091207,3488,45355,Anthony Firkser,TE,1,train,0,0.822343
2021091207,3728,37079,Julio Jones,WR,1,train,1,0.919172
2021091207,3776,43556,Chester Rogers,WR,1,train,1,0.68594
2021091207,3804,43334,Derrick Henry,RB,1,train,1,0.916868
2021091207,3847,44975,Jeremy McNichols,RB,1,train,1,0.510917
2021091207,3871,47834,A.J. Brown,WR,1,train,0,0.667824
2021091208,56,48556,Jalen Guyton,WR,1,train,1,0.898093
2021091208,85,34540,Jared Cook,TE,1,train,1,0.826726
2021091208,175,44819,Mike Williams,WR,1,train,1,0.682541
2021091208,225,34540,Jared Cook,TE,1,train,1,0.822761
2021091208,272,40024,Keenan Allen,WR,1,train,1,0.876423
2021091208,377,52474,Antonio Gibson,RB,1,train,1,0.861292
2021091208,401,53511,Dyami Brown,WR,1,train,0,0.270792
2021091208,450,40024,Keenan Allen,WR,1,train,0,0.616405
2021091208,493,46320,Justin Jackson,RB,1,train,1,0.762118
2021091208,620,43010,Adam Humphries,WR,1,train,1,0.756806
2021091208,742,34540,Jared Cook,TE,1,train,0,0.257049
2021091208,764,52628,K.J. Hill,WR,1,train,1,0.818375
2021091208,788,48556,Jalen Guyton,WR,1,train,0,0.423783
2021091208,920,53511,Dyami Brown,WR,1,train,0,0.12621
2021091208,974,52474,Antonio Gibson,RB,1,train,0,0.829044
2021091208,1095,44819,Mike Williams,WR,1,train,1,0.319728
2021091208,1145,40024,Keenan Allen,WR,1,train,1,0.6433
2021091208,1190,40024,Keenan Allen,WR,1,train,1,0.686638
2021091208,1214,48556,Jalen Guyton,WR,1,train,1,0.273999
2021091208,1238,44819,Mike Williams,WR,1,train,0,0.679444
2021091208,1304,40024,Keenan Allen,WR,1,train,0,0.78613
2021091208,1367,43722,J.D. McKissic,RB,1,train,0,0.53134
2021091208,1431,53511,Dyami Brown,WR,1,train,0,0.643435
2021091208,1453,53511,Dyami Brown,WR,1,train,0,0.703727
2021091208,1521,43845,Stephen Anderson,TE,1,train,1,0.800335
2021091208,1545,40024,Keenan Allen,WR,1,train,0,0.244567
2021091208,1599,44819,Mike Williams,WR,1,train,1,0.670822
2021091208,1644,34540,Jared Cook,TE,1,train,0,0.435858
2021091208,1675,44819,Mike Williams,WR,1,train,1,0.707898
2021091208,1710,48556,Jalen Guyton,WR,1,train,1,0.863906
2021091208,1739,44819,Mike Williams,WR,1,train,1,0.264036
2021091208,1784,53506,Josh Palmer,WR,1,train,1,0.504358
2021091208,1988,48556,Jalen Guyton,WR,1,train,0,0.672995
2021091208,2046,34540,Jared Cook,TE,1,train,0,0.27288
2021091208,2123,47859,Terry McLaurin,WR,1,train,0,0.228994
2021091208,2156,41349,Logan Thomas,TE,1,train,1,0.787123
2021091208,2185,41349,Logan Thomas,TE,1,train,1,0.819757
2021091208,2348,52474,Antonio Gibson,RB,1,train,1,0.874603
2021091208,2428,47859,Terry McLaurin,WR,1,train,1,0.858752
2021091208,2482,47859,Terry McLaurin,WR,1,train,1,0.46351
2021091208,2522,41349,Logan Thomas,TE,1,train,1,0.385434
2021091208,2617,40024,Keenan Allen,WR,1,train,1,0.706127
2021091208,2641,34540,Jared Cook,TE,1,train,1,0.810157
2021091208,2670,40024,Keenan Allen,WR,1,train,0,0.147999
2021091208,2692,44819,Mike Williams,WR,1,train,0,0.276972
2021091208,2714,34540,Jared Cook,TE,1,train,1,0.689799
2021091208,2761,44819,Mike Williams,WR,1,train,0,0.381851
2021091208,2804,40024,Keenan Allen,WR,1,train,1,0.370958
2021091208,3042,46362,Cam Sims,WR,1,train,1,0.468696
2021091208,3166,47859,Terry McLaurin,WR,1,train,1,0.857571
2021091208,3331,53511,Dyami Brown,WR,1,train,1,0.850724
2021091208,3375,34540,Jared Cook,TE,1,train,1,0.675067
2021091208,3420,44819,Mike Williams,WR,1,train,0,0.168898
2021091208,3442,40024,Keenan Allen,WR,1,train,1,0.700621
2021091208,3484,43845,Stephen Anderson,TE,1,train,0,0.684257
2021091208,3575,48456,Donald Parham,TE,1,train,0,0.360337
2021091208,3597,44819,Mike Williams,WR,1,train,1,0.472588
2021091208,3850,43010,Adam Humphries,WR,1,train,1,0.919559
2021091208,3992,40024,Keenan Allen,WR,1,train,1,0.678654
2021091208,4055,40024,Keenan Allen,WR,1,train,1,0.743242
2021091208,4101,52628,K.J. Hill,WR,1,train,1,0.92433
2021091208,4125,52628,K.J. Hill,WR,1,train,1,0.801949
2021091208,4191,44819,Mike Williams,WR,1,train,1,0.434889
2021091208,4312,40024,Keenan Allen,WR,1,train,1,0.823593
2021091209,76,46104,Nick Chubb,RB,1,train,1,0.876793
2021091209,126,43370,Austin Hooper,TE,1,train,1,0.807811
2021091209,155,43465,Andy Janovich,FB,1,train,0,0.817324
2021091209,198,53520,Anthony Schwartz,WR,1,train,1,0.366091
2021091209,243,44841,David Njoku,TE,1,train,0,0.427429
2021091209,265,43370,Austin Hooper,TE,1,train,1,0.734566
2021091209,289,43370,Austin Hooper,TE,1,train,1,0.392026
2021091209,490,40011,Travis Kelce,TE,1,train,1,0.764481
2021091209,514,52440,Clyde Edwards-Helaire,RB,1,train,1,0.899351
2021091209,559,43454,Tyreek Hill,WR,1,train,1,0.670098
2021091209,620,43454,Tyreek Hill,WR,1,train,0,0.708016
2021091209,642,40011,Travis Kelce,TE,1,train,1,0.706417
2021091209,677,43454,Tyreek Hill,WR,1,train,0,0.412225
2021091209,710,43415,Demarcus Robinson,WR,1,train,1,0.867641
2021091209,768,53520,Anthony Schwartz,WR,1,train,1,0.43602
2021091209,797,52523,Harrison Bryant,TE,1,train,1,0.853629
2021091209,866,44841,David Njoku,TE,1,train,1,0.820336
2021091209,995,43454,Tyreek Hill,WR,1,train,1,0.818483
2021091209,1085,47839,Mecole Hardman,WR,1,train,0,0.713557
2021091209,1142,43454,Tyreek Hill,WR,1,train,1,0.812327
2021091209,1166,43454,Tyreek Hill,WR,1,train,0,0.172839
2021091209,1188,46522,Byron Pringle,WR,1,train,1,0.833716
2021091209,1212,43454,Tyreek Hill,WR,1,train,1,0.392548
2021091209,1247,40011,Travis Kelce,TE,1,train,1,0.602392
2021091209,1387,53520,Anthony Schwartz,WR,1,train,1,0.739373
2021091209,1484,41292,Jarvis Landry,WR,1,train,1,0.369172
2021091209,1601,43454,Tyreek Hill,WR,1,train,1,0.799467
2021091209,1631,43454,Tyreek Hill,WR,1,train,1,0.75158
2021091209,1694,46522,Byron Pringle,WR,1,train,0,0.601141
2021091209,1716,43454,Tyreek Hill,WR,1,train,0,0.562199
2021091209,1853,44841,David Njoku,TE,1,train,1,0.344112
2021091209,1916,53520,Anthony Schwartz,WR,1,train,0,0.235396
2021091209,1938,44841,David Njoku,TE,1,train,0,0.31981
2021091209,2124,43454,Tyreek Hill,WR,1,train,1,0.778607
2021091209,2226,40011,Travis Kelce,TE,1,train,1,0.910182
2021091209,2250,40011,Travis Kelce,TE,1,train,0,0.376366
2021091209,2340,43454,Tyreek Hill,WR,1,train,1,0.868117
2021091209,2425,40011,Travis Kelce,TE,1,train,1,0.753446
2021091209,2587,47839,Mecole Hardman,WR,1,train,1,0.854503
2021091209,2685,52440,Clyde Edwards-Helaire,RB,1,train,1,0.894666
2021091209,2777,43415,Demarcus Robinson,WR,1,train,0,0.536497
2021091209,2833,41292,Jarvis Landry,WR,1,train,1,0.757662
2021091209,2942,44841,David Njoku,TE,1,train,1,0.569443
2021091209,3093,43454,Tyreek Hill,WR,1,train,1,0.42469
2021091209,3168,44898,Kareem Hunt,RB,1,train,1,0.798971
2021091209,3192,44841,David Njoku,TE,1,train,0,0.40713
2021091209,3286,40011,Travis Kelce,TE,1,train,1,0.804186
2021091209,3390,41292,Jarvis Landry,WR,1,train,1,0.721049
2021091209,3435,53520,Anthony Schwartz,WR,1,train,0,0.502243
2021091209,3510,52440,Clyde Edwards-Helaire,RB,1,train,1,0.907433
2021091209,3534,43454,Tyreek Hill,WR,1,train,1,0.843934
2021091209,3617,43454,Tyreek Hill,WR,1,train,0,0.657643
2021091209,3704,44898,Kareem Hunt,RB,1,train,1,0.780964
2021091209,3745,52595,Donovan Peoples-Jones,WR,1,train,1,0.248086
2021091209,3793,52523,Harrison Bryant,TE,1,train,0,0.473725
2021091210,200,41359,James White,RB,1,train,1,0.260474
2021091210,352,46192,Durham Smythe,TE,1,train,1,0.831794
2021091210,525,42363,Nelson Agholor,WR,1,train,1,0.81501
2021091210,574,48097,Jakobi Meyers,WR,1,train,1,0.805168
2021091210,603,53549,Rhamondre Stevenson,RB,1,train,1,0.774749
2021091210,865,44912,Jonnu Smith,TE,1,train,1,0.834644
2021091210,929,48097,Jakobi Meyers,WR,1,train,1,0.777156
2021091210,953,48097,Jakobi Meyers,WR,1,train,0,0.866353
2021091210,996,48097,Jakobi Meyers,WR,1,train,1,0.81617
2021091210,1081,44912,Jonnu Smith,TE,1,train,1,0.824678
2021091210,1201,42357,DeVante Parker,WR,1,train,1,0.45498
2021091210,1225,42357,DeVante Parker,WR,1,train,0,0.405375
2021091210,1284,53435,Jaylen Waddle,WR,1,train,0,0.51132
2021091210,1323,42363,Nelson Agholor,WR,1,train,1,0.644953
2021091210,1368,48097,Jakobi Meyers,WR,1,train,0,0.401245
2021091210,1390,42363,Nelson Agholor,WR,1,train,0,0.566183
2021091210,1442,52922,Salvon Ahmed,RB,1,train,1,0.896358
2021091210,1492,46111,Mike Gesicki,TE,1,train,0,0.367922
2021091210,1584,42363,Nelson Agholor,WR,1,train,1,0.618727
2021091210,1608,41359,James White,RB,1,train,0,0.586599
2021091210,1630,47870,Damien Harris,RB,1,train,1,0.893586
2021091210,1712,42363,Nelson Agholor,WR,1,train,1,0.783289
2021091210,1772,53435,Jaylen Waddle,WR,1,train,1,0.476922
2021091210,1858,48017,Myles Gaskin,RB,1,train,1,0.794466
2021091210,1947,48017,Myles Gaskin,RB,1,train,1,0.810196
2021091210,1989,41506,Albert Wilson,WR,1,train,0,0.397894
2021091210,2119,46192,Durham Smythe,TE,1,train,0,0.186221
2021091210,2141,42357,DeVante Parker,WR,1,train,1,0.112361
2021091210,2191,48017,Myles Gaskin,RB,1,train,1,0.796883
2021091210,2287,53435,Jaylen Waddle,WR,1,train,1,0.735943
2021091210,2426,42363,Nelson Agholor,WR,1,train,1,0.912587
2021091210,2461,47870,Damien Harris,RB,1,train,0,0.84247
2021091210,2483,42363,Nelson Agholor,WR,1,train,1,0.353594
2021091210,2515,45185,Kendrick Bourne,WR,1,train,1,0.318837
2021091210,2550,45185,Kendrick Bourne,WR,1,train,1,0.900971
2021091210,2611,42363,Nelson Agholor,WR,1,train,0,0.317857
2021091210,2633,41359,James White,RB,1,train,1,0.185603
2021091210,2662,43324,Hunter Henry,TE,1,train,1,0.8146
2021091210,2728,41359,James White,RB,1,train,1,0.824687
2021091210,2752,45185,Kendrick Bourne,WR,1,train,0,0.130483
2021091210,2830,52922,Salvon Ahmed,RB,1,train,0,0.352911
2021091210,2912,45185,Kendrick Bourne,WR,1,train,1,0.768992
2021091210,2973,43324,Hunter Henry,TE,1,train,1,0.591397
2021091210,3016,41359,James White,RB,1,train,1,0.87452
2021091210,3045,41359,James White,RB,1,train,1,0.874301
2021091210,3069,43324,Hunter Henry,TE,1,train,1,0.813649
2021091210,3093,44912,Jonnu Smith,TE,1,train,1,0.769694
2021091210,3127,48097,Jakobi Meyers,WR,1,train,1,0.818205
2021091210,3173,41359,James White,RB,1,train,1,0.837615
2021091210,3239,48097,Jakobi Meyers,WR,1,train,0,0.809171
2021091210,3345,48017,Myles Gaskin,RB,1,train,1,0.861796
2021091210,3415,41506,Albert Wilson,WR,1,train,0,0.391788
2021091210,3473,48097,Jakobi Meyers,WR,1,train,1,0.653562
2021091210,3497,48097,Jakobi Meyers,WR,1,train,1,0.593298
2021091210,3610,44912,Jonnu Smith,TE,1,train,1,0.759537
2021091211,76,53098,Marquez Callaway,WR,1,train,1,0.692757
2021091211,184,52513,Adam Trautman,TE,1,train,0,0.619833
2021091211,206,53098,Marquez Callaway,WR,1,train,0,0.313192
2021091211,283,41282,Davante Adams,WR,1,train,1,0.808369
2021091211,307,44995,Aaron Jones,RB,1,train,1,0.812958
2021091211,393,45635,Robert Tonyan,TE,1,train,0,0.75983
2021091211,528,44879,Alvin Kamara,RB,1,train,1,0.844598
2021091211,709,44879,Alvin Kamara,RB,1,train,1,0.824222
2021091211,921,41282,Davante Adams,WR,1,train,1,0.784106
2021091211,945,46243,Marquez Valdes-Scantling,WR,1,train,0,0.479453
2021091211,1274,42437,Ty Montgomery,WR,1,train,1,0.898728
2021091211,1391,52942,Juwan Johnson,TE,1,train,1,0.193382
2021091211,1443,46705,Allen Lazard,WR,1,train,1,0.190398
2021091211,1493,46243,Marquez Valdes-Scantling,WR,1,train,1,0.549751
2021091211,1517,46705,Allen Lazard,WR,1,train,0,0.266691
2021091211,1550,41282,Davante Adams,WR,1,train,1,0.171051
2021091211,1608,45635,Robert Tonyan,TE,1,train,0,0.689571
2021091211,1698,41282,Davante Adams,WR,1,train,0,0.368066
2021091211,1752,46243,Marquez Valdes-Scantling,WR,1,train,1,0.828267
2021091211,1785,30842,Marcedes Lewis,TE,1,train,1,0.897204
2021091211,1809,46243,Marquez Valdes-Scantling,WR,1,train,0,0.214354
2021091211,1855,46243,Marquez Valdes-Scantling,WR,1,train,0,0.543792
2021091211,1979,41282,Davante Adams,WR,1,train,0,0.302724
2021091211,2005,52513,Adam Trautman,TE,1,train,1,0.519623
2021091211,2118,44879,Alvin Kamara,RB,1,train,0,0.853229
2021091211,2140,52513,Adam Trautman,TE,1,train,0,0.73928
2021091211,2181,46243,Marquez Valdes-Scantling,WR,1,train,0,0.204004
2021091211,2203,44995,Aaron Jones,RB,1,train,1,0.825029
2021091211,2259,46243,Marquez Valdes-Scantling,WR,1,train,0,0.510513
2021091211,2327,37737,Chris Hogan,WR,1,train,1,0.581364
2021091211,2447,41282,Davante Adams,WR,1,train,1,0.847924
2021091211,2471,41282,Davante Adams,WR,1,train,0,0.182178
2021091211,2493,52513,Adam Trautman,TE,1,train,0,0.905334
2021091211,2536,52942,Juwan Johnson,TE,1,train,0,0.209849
2021091211,2617,52942,Juwan Johnson,TE,1,train,1,0.518305
2021091211,2755,52470,A.J. Dillon,RB,1,train,0,0.76489
2021091211,2986,53514,Amari Rodgers,WR,1,train,1,0.727075
2021091211,3031,45635,Robert Tonyan,TE,1,train,1,0.803463
2021091211,3060,48624,Malik Taylor,WR,1,train,0,0.129552
2021091212,84,47954,Darius Slayton,WR,1,train,0,0.722942
2021091212,106,47954,Darius Slayton,WR,1,train,1,0.198789
2021091212,186,43329,Sterling Shepard,WR,1,train,0,0.482921
2021091212,335,46109,Courtland Sutton,WR,1,train,0,0.252992
2021091212,465,52423,Jerry Jeudy,WR,1,train,1,0.776403
2021091212,489,44987,Eric Saubert,TE,1,train,1,0.892304
2021091212,566,45267,Tim Patrick,WR,1,train,1,0.809642
2021091212,611,42358,Melvin Gordon,RB,1,train,1,0.692931
2021091212,635,52423,Jerry Jeudy,WR,1,train,0,0.447948
2021091212,657,45267,Tim Patrick,WR,1,train,1,0.597332
2021091212,702,52454,K.J. Hamler,WR,1,train,1,0.833784
2021091212,745,47803,Noah Fant,TE,1,train,0,0.84403
2021091212,843,44908,Kenny Golladay,WR,1,train,1,0.743241
2021091212,912,47954,Darius Slayton,WR,1,train,0,0.635125
2021091212,935,43425,Devontae Booker,RB,1,train,1,0.869844
2021091212,980,43329,Sterling Shepard,WR,1,train,1,0.375764
2021091212,1004,43329,Sterling Shepard,WR,1,train,1,0.710587
2021091212,1081,47803,Noah Fant,TE,1,train,1,0.756293
2021091212,1127,47803,Noah Fant,TE,1,train,1,0.818934
2021091212,1175,52423,Jerry Jeudy,WR,1,train,1,0.819176
2021091212,1199,52423,Jerry Jeudy,WR,1,train,1,0.76818
2021091212,1260,52526,Albert Okwuegbunam,TE,1,train,1,0.834913
2021091212,1366,43880,Elijhaa Penny,RB,1,train,0,0.722822
2021091212,1388,37118,Kyle Rudolph,TE,1,train,1,0.844224
2021091212,1437,47803,Noah Fant,TE,1,train,1,0.852916
2021091212,1499,52423,Jerry Jeudy,WR,1,train,1,0.088898
2021091212,1540,46109,Courtland Sutton,WR,1,train,1,0.660653
2021091212,1564,52423,Jerry Jeudy,WR,1,train,1,0.476696
2021091212,1593,45267,Tim Patrick,WR,1,train,1,0.59312
2021091212,1776,46109,Courtland Sutton,WR,1,train,0,0.848222
2021091212,1810,52454,K.J. Hamler,WR,1,train,1,0.49294
2021091212,1855,47803,Noah Fant,TE,1,train,0,0.593514
2021091212,1877,52526,Albert Okwuegbunam,TE,1,train,1,0.530849
2021091212,1901,52454,K.J. Hamler,WR,1,train,0,0.343915
2021091212,1944,47803,Noah Fant,TE,1,train,1,0.782878
2021091212,2008,52423,Jerry Jeudy,WR,1,train,1,0.581511
2021091212,2151,47803,Noah Fant,TE,1,train,1,0.701261
2021091212,2282,37118,Kyle Rudolph,TE,1,train,0,0.431129
2021091212,2304,43329,Sterling Shepard,WR,1,train,1,0.717656
2021091212,2349,43329,Sterling Shepard,WR,1,train,0,0.684778
2021091212,2371,43329,Sterling Shepard,WR,1,train,1,0.419844
2021091212,2395,47954,Darius Slayton,WR,1,train,1,0.674021
2021091212,2532,44987,Eric Saubert,TE,1,train,0,0.71399
2021091212,2554,52454,K.J. Hamler,WR,1,train,1,0.313171
2021091212,2883,47954,Darius Slayton,WR,1,train,0,0.813295
2021091212,2947,44908,Kenny Golladay,WR,1,train,1,0.503365
2021091212,2971,46071,Saquon Barkley,RB,1,train,0,0.774318
2021091212,3047,46071,Saquon Barkley,RB,1,train,0,0.529314
2021091212,3095,37118,Kyle Rudolph,TE,1,train,0,0.195783
2021091212,3117,44908,Kenny Golladay,WR,1,train,0,0.276598
2021091212,3181,42358,Melvin Gordon,RB,1,train,1,0.442205
2021091212,3294,44908,Kenny Golladay,WR,1,train,1,0.409048
2021091212,3318,37118,Kyle Rudolph,TE,1,train,1,0.845523
2021091212,3342,44908,Kenny Golladay,WR,1,train,1,0.439775
2021091212,3366,37118,Kyle Rudolph,TE,1,train,0,0.776135
2021091212,3388,47954,Darius Slayton,WR,1,train,0,0.429682
2021091212,3446,44908,Kenny Golladay,WR,1,train,0,0.578575
2021091212,3601,43329,Sterling Shepard,WR,1,train,1,0.73329
2021091212,3625,53625,Gary Brightwell,RB,1,train,1,0.919772
2021091212,3649,43329,Sterling Shepard,WR,1,train,1,0.749831
2021091212,3673,47954,Darius Slayton,WR,1,train,1,0.434399
2021091212,3719,43329,Sterling Shepard,WR,1,train,1,0.735435
2021091212,3743,45255,C.J. Board,WR,1,train,1,0.787608
2021091213,69,52581,Darnell Mooney,WR,1,train,1,0.827858
2021091213,217,52581,Darnell Mooney,WR,1,train,0,0.618478
2021091213,265,43399,Tyler Higbee,TE,1,train,1,0.846193
2021091213,289,52465,Van Jefferson,WR,1,train,1,0.366903
2021091213,377,41290,Allen Robinson,WR,1,train,1,0.856425
2021091213,401,52451,Cole Kmet,TE,1,train,1,0.848585
2021091213,425,41290,Allen Robinson,WR,1,train,0,0.854202
2021091213,468,41712,Damien Williams,RB,1,train,1,0.82145
2021091213,492,41290,Allen Robinson,WR,1,train,0,0.541612
2021091213,514,44881,Cooper Kupp,WR,1,train,1,0.768697
2021091213,538,33130,DeSean Jackson,WR,1,train,1,0.460995
2021091213,583,44881,Cooper Kupp,WR,1,train,1,0.705133
2021091213,607,52465,Van Jefferson,WR,1,train,0,0.297635
2021091213,684,40026,Marquise Goodwin,WR,1,train,1,0.731472
2021091213,775,42899,Damiere Byrd,WR,1,train,1,0.803088
2021091213,962,52465,Van Jefferson,WR,1,train,1,0.623816
2021091213,991,47853,Darrell Henderson,RB,1,train,1,0.771448
2021091213,1042,44881,Cooper Kupp,WR,1,train,0,0.223154
2021091213,1064,39989,Robert Woods,WR,1,train,0,0.569148
2021091213,1141,52581,Darnell Mooney,WR,1,train,1,0.778829
2021091213,1265,41290,Allen Robinson,WR,1,train,0,0.70191
2021091213,1421,52451,Cole Kmet,TE,1,train,1,0.773127
2021091213,1492,41290,Allen Robinson,WR,1,train,1,0.743384
2021091213,1554,41290,Allen Robinson,WR,1,train,1,0.741119
2021091213,1794,39989,Robert Woods,WR,1,train,1,0.454562
2021091213,1818,44881,Cooper Kupp,WR,1,train,1,0.382721
2021091213,1898,52581,Darnell Mooney,WR,1,train,1,0.75927
2021091213,1943,41290,Allen Robinson,WR,1,train,1,0.570594
2021091213,1988,47856,David Montgomery,RB,1,train,1,0.880287
2021091213,2012,52451,Cole Kmet,TE,1,train,0,0.171298
2021091213,2034,41712,Damien Williams,RB,1,train,1,0.817895
2021091213,2063,52451,Cole Kmet,TE,1,train,1,0.742666
2021091213,2111,40026,Marquise Goodwin,WR,1,train,1,0.477804
2021091213,2243,35534,Jimmy Graham,TE,1,train,1,0.353895
2021091213,2341,44881,Cooper Kupp,WR,1,train,0,0.659486
2021091213,2363,43399,Tyler Higbee,TE,1,train,1,0.765202
2021091213,2387,43399,Tyler Higbee,TE,1,train,1,0.669327
2021091213,2440,44881,Cooper Kupp,WR,1,train,1,0.835818
2021091213,2469,44881,Cooper Kupp,WR,1,train,1,0.28117
2021091213,2560,41712,Damien Williams,RB,1,train,1,0.64324
2021091213,2615,41712,Damien Williams,RB,1,train,1,0.643638
2021091213,2733,52581,Darnell Mooney,WR,1,train,1,0.826261
2021091213,2778,52451,Cole Kmet,TE,1,train,1,0.881382
2021091213,2847,52451,Cole Kmet,TE,1,train,0,0.672333
2021091213,2881,52451,Cole Kmet,TE,1,train,1,0.890123
2021091213,2905,52581,Darnell Mooney,WR,1,train,0,0.660824
2021091213,3054,44881,Cooper Kupp,WR,1,train,0,0.132489
2021091213,3154,44881,Cooper Kupp,WR,1,train,1,0.784984
2021091213,3224,43399,Tyler Higbee,TE,1,train,0,0.430211
2021091213,3284,39989,Robert Woods,WR,1,train,1,0.285597
2021091213,3351,41290,Allen Robinson,WR,1,train,1,0.801982
2021091213,3375,42899,Damiere Byrd,WR,1,train,1,0.817853
2021091213,3399,41290,Allen Robinson,WR,1,train,0,0.791218
2021091213,3421,41712,Damien Williams,RB,1,train,0,0.928072
2021091213,3472,35534,Jimmy Graham,TE,1,train,0,0.828926
2021091300,55,42547,Darren Waller,TE,1,train,0,0.309736
2021091300,77,48233,Alec Ingold,FB,1,train,1,0.692599
2021091300,169,42547,Darren Waller,TE,1,train,1,0.644068
2021091300,228,47932,Hunter Renfrow,WR,1,train,0,0.508429
2021091300,250,47807,Josh Jacobs,RB,1,train,0,0.664756
2021091300,383,53180,Ty'Son Williams,RB,1,train,1,0.830252
2021091300,428,41230,Sammy Watkins,WR,1,train,1,0.227275
2021091300,475,46155,Mark Andrews,TE,1,train,0,0.492319
2021091300,562,42547,Darren Waller,TE,1,train,0,0.488
2021091300,590,42547,Darren Waller,TE,1,train,0,0.356082
2021091300,612,42547,Darren Waller,TE,1,train,0,0.676532
2021091300,692,53180,Ty'Son Williams,RB,1,train,1,0.882304
2021091300,737,41230,Sammy Watkins,WR,1,train,0,0.353561
2021091300,759,46155,Mark Andrews,TE,1,train,1,0.703057
2021091300,880,42547,Darren Waller,TE,1,train,0,0.561792
2021091300,902,42547,Darren Waller,TE,1,train,0,0.448826
2021091300,1013,41230,Sammy Watkins,WR,1,train,0,0.428736
2021091300,1075,47807,Josh Jacobs,RB,1,train,1,0.881846
2021091300,1174,47808,Marquise Brown,WR,1,train,1,0.707703
2021091300,1226,41230,Sammy Watkins,WR,1,train,1,0.606919
2021091300,1250,47852,Josh Oliver,TE,1,train,0,0.461649
2021091300,1293,47808,Marquise Brown,WR,1,train,1,0.549553
2021091300,1344,48233,Alec Ingold,FB,1,train,1,0.810053
2021091300,1368,43362,Kenyan Drake,RB,1,train,1,0.221975
2021091300,1461,42547,Darren Waller,TE,1,train,1,0.756055
2021091300,1485,52420,Henry Ruggs,WR,1,train,0,0.803033
2021091300,1507,42547,Darren Waller,TE,1,train,1,0.810841
2021091300,1553,47932,Hunter Renfrow,WR,1,train,0,0.42756
2021091300,1655,47808,Marquise Brown,WR,1,train,1,0.836273
2021091300,1744,46155,Mark Andrews,TE,1,train,1,0.500038
2021091300,1836,42547,Darren Waller,TE,1,train,0,0.601669
2021091300,1875,44849,Zay Jones,WR,1,train,1,0.758445
2021091300,1899,47932,Hunter Renfrow,WR,1,train,0,0.517422
2021091300,1921,52420,Henry Ruggs,WR,1,train,0,0.191107
2021091300,1943,47932,Hunter Renfrow,WR,1,train,1,0.823201
2021091300,1984,47932,Hunter Renfrow,WR,1,train,1,0.8173
2021091300,2008,52489,Bryan Edwards,WR,1,train,0,0.072396
2021091300,2030,42547,Darren Waller,TE,1,train,0,0.345591
2021091300,2180,52500,Devin Duvernay,WR,1,train,0,0.323609
2021091300,2256,41230,Sammy Watkins,WR,1,train,0,0.855305
2021091300,2278,41230,Sammy Watkins,WR,1,train,0,0.404566
2021091300,2344,42547,Darren Waller,TE,1,train,0,0.874845
2021091300,2373,42547,Darren Waller,TE,1,train,1,0.741867
2021091300,2504,45268,Patrick Ricard,FB,1,train,0,0.859644
2021091300,2589,53180,Ty'Son Williams,RB,1,train,0,0.814157
2021091300,2676,43362,Kenyan Drake,RB,1,train,1,0.778735
2021091300,2700,52489,Bryan Edwards,WR,1,train,0,0.357733
2021091300,2771,43362,Kenyan Drake,RB,1,train,1,0.908634
2021091300,2803,42547,Darren Waller,TE,1,train,1,0.644934
2021091300,2851,48233,Alec Ingold,FB,1,train,1,0.79997
2021091300,2879,47932,Hunter Renfrow,WR,1,train,1,0.802719
2021091300,2951,53180,Ty'Son Williams,RB,1,train,1,0.888553
2021091300,3007,47808,Marquise Brown,WR,1,train,1,0.417352
2021091300,3098,52420,Henry Ruggs,WR,1,train,0,0.38507
2021091300,3168,43362,Kenyan Drake,RB,1,train,1,0.650587
2021091300,3211,47808,Marquise Brown,WR,1,train,1,0.632182
2021091300,3312,48233,Alec Ingold,FB,1,train,1,0.857492
2021091300,3385,43362,Kenyan Drake,RB,1,train,1,0.837444
2021091300,3478,45268,Patrick Ricard,FB,1,train,1,0.897704
2021091300,3544,41230,Sammy Watkins,WR,1,train,1,0.460162
2021091300,3619,42547,Darren Waller,TE,1,train,1,0.801927
2021091300,3664,47932,Hunter Renfrow,WR,1,train,1,0.580434
2021091300,3688,52420,Henry Ruggs,WR,1,train,1,0.751972
2021091300,3712,42547,Darren Waller,TE,1,train,0,0.823142
2021091300,3756,52420,Henry Ruggs,WR,1,train,1,0.374712
2021091300,3812,42547,Darren Waller,TE,1,train,1,0.743327
2021091300,3836,42547,Darren Waller,TE,1,train,1,0.745015
2021091300,3914,45268,Patrick Ricard,FB,1,train,1,0.883716
2021091300,4166,52489,Bryan Edwards,WR,1,train,1,0.438172
2021091300,4212,52489,Bryan Edwards,WR,1,train,1,0.358598
2021091300,4347,52489,Bryan Edwards,WR,1,train,1,0.754239
2021091300,4392,47932,Hunter Renfrow,WR,1,train,1,0.810071
2021091300,4476,52489,Bryan Edwards,WR,1,train,1,0.353796
2021091300,4586,47932,Hunter Renfrow,WR,1,train,0,0.208667
2021091300,4608,41500,Willie Snead,WR,1,train,0,0.684998
2021091300,4691,41230,Sammy Watkins,WR,1,train,1,0.501445
2021091300,4736,46155,Mark Andrews,TE,1,train,0,0.455575
2021091300,4845,44849,Zay Jones,WR,1,train,1,0.661527
2021091600,65,41349,Logan Thomas,TE,2,train,0,0.825034
2021091600,187,37118,Kyle Rudolph,TE,2,train,1,0.508795
2021091600,280,43329,Sterling Shepard,WR,2,train,1,0.269024
2021091600,375,43329,Sterling Shepard,WR,2,train,0,0.194533
2021091600,498,41349,Logan Thomas,TE,2,train,1,0.65356
2021091600,590,46071,Saquon Barkley,RB,2,train,0,0.63806
2021091600,794,53511,Dyami Brown,WR,2,train,1,0.696538
2021091600,839,47859,Terry McLaurin,WR,2,train,1,0.846393
2021091600,884,47859,Terry McLaurin,WR,2,train,1,0.852317
2021091600,992,52474,Antonio Gibson,RB,2,train,1,0.873479
2021091600,1037,47859,Terry McLaurin,WR,2,train,1,0.641019
2021091600,1061,47859,Terry McLaurin,WR,2,train,1,0.625661
2021091600,1117,44908,Kenny Golladay,WR,2,train,0,0.525447
2021091600,1233,47859,Terry McLaurin,WR,2,train,0,0.719718
2021091600,1255,41349,Logan Thomas,TE,2,train,0,0.697062
2021091600,1277,43722,J.D. McKissic,RB,2,train,1,0.892859
2021091600,1343,43329,Sterling Shepard,WR,2,train,1,0.797006
2021091600,1426,46071,Saquon Barkley,RB,2,train,1,0.828566
2021091600,1516,44908,Kenny Golladay,WR,2,train,0,0.105799
2021091600,1594,43329,Sterling Shepard,WR,2,train,1,0.791144
2021091600,1682,52474,Antonio Gibson,RB,2,train,1,0.91239
2021091600,1706,41349,Logan Thomas,TE,2,train,1,0.698987
2021091600,1759,43010,Adam Humphries,WR,2,train,1,0.859672
2021091600,1885,43722,J.D. McKissic,RB,2,train,1,0.90518
2021091600,1909,47859,Terry McLaurin,WR,2,train,1,0.876363
2021091600,1950,53511,Dyami Brown,WR,2,train,1,0.835429
2021091600,2161,43329,Sterling Shepard,WR,2,train,1,0.709846
2021091600,2185,47959,Kaden Smith,TE,2,train,1,0.825835
2021091600,2253,46071,Saquon Barkley,RB,2,train,1,0.758878
2021091600,2298,43329,Sterling Shepard,WR,2,train,1,0.41884
2021091600,2354,43425,Devontae Booker,RB,2,train,1,0.710626
2021091600,2378,47954,Darius Slayton,WR,2,train,1,0.874352
2021091600,2493,41349,Logan Thomas,TE,2,train,1,0.717004
2021091600,2517,47859,Terry McLaurin,WR,2,train,0,0.598241
2021091600,2558,44908,Kenny Golladay,WR,2,train,0,0.403549
2021091600,2624,43329,Sterling Shepard,WR,2,train,0,0.432665
2021091600,2678,44908,Kenny Golladay,WR,2,train,1,0.593639
2021091600,2706,43329,Sterling Shepard,WR,2,train,1,0.696055
2021091600,2752,47954,Darius Slayton,WR,2,train,1,0.285318
2021091600,2834,43010,Adam Humphries,WR,2,train,0,0.622476
2021091600,2873,43010,Adam Humphries,WR,2,train,1,0.556414
2021091600,2923,53511,Dyami Brown,WR,2,train,0,0.380015
2021091600,2966,43010,Adam Humphries,WR,2,train,1,0.419491
2021091600,3061,47954,Darius Slayton,WR,2,train,1,0.546137
2021091600,3085,47959,Kaden Smith,TE,2,train,1,0.620052
2021091600,3142,44908,Kenny Golladay,WR,2,train,1,0.623376
2021091600,3204,43329,Sterling Shepard,WR,2,train,1,0.605407
2021091600,3316,47859,Terry McLaurin,WR,2,train,1,0.733922
2021091600,3440,47859,Terry McLaurin,WR,2,train,1,0.763512
2021091600,3486,53511,Dyami Brown,WR,2,train,0,0.489944
2021091600,3509,43010,Adam Humphries,WR,2,train,1,0.875375
2021091600,3567,43329,Sterling Shepard,WR,2,train,1,0.815205
2021091600,3654,47954,Darius Slayton,WR,2,train,0,0.12798
2021091600,3798,43722,J.D. McKissic,RB,2,train,1,0.539335
2021091600,3827,45481,Ricky Seals-Jones,TE,2,train,1,0.186599
2021091600,3883,44908,Kenny Golladay,WR,2,train,0,0.289945
2021091600,3905,37118,Kyle Rudolph,TE,2,train,1,0.482727
2021091600,3950,47954,Darius Slayton,WR,2,train,0,0.747281
2021091600,3972,47954,Darius Slayton,WR,2,train,0,0.40689
2021091600,4081,47859,Terry McLaurin,WR,2,train,0,0.395964
2021091600,4183,43329,Sterling Shepard,WR,2,train,0,0.768533
2021091600,4254,43722,J.D. McKissic,RB,2,train,1,0.869346
2021091600,4278,43010,Adam Humphries,WR,2,train,0,0.766493
2021091600,4300,43722,J.D. McKissic,RB,2,train,1,0.885362
2021091600,4345,41349,Logan Thomas,TE,2,train,1,0.77437
2021091600,4409,43722,J.D. McKissic,RB,2,train,0,0.406305
2021091600,4431,53511,Dyami Brown,WR,2,train,1,0.536266
2021091600,4489,43010,Adam Humphries,WR,2,train,1,0.72401
2021091600,4518,47859,Terry McLaurin,WR,2,train,1,0.412632
2021091900,76,44820,Christian McCaffrey,RB,2,train,1,0.550962
2021091900,121,46093,D.J. Moore,WR,2,train,1,0.771651
2021091900,145,44123,Brandon Zylstra,WR,2,train,1,0.729746
2021091900,440,53555,Chuba Hubbard,RB,2,train,0,0.715689
2021091900,499,45785,Dan Arnold,TE,2,train,1,0.699233
2021091900,523,46093,D.J. Moore,WR,2,train,0,0.656294
2021091900,547,46093,D.J. Moore,WR,2,train,1,0.608463
2021091900,571,45785,Dan Arnold,TE,2,train,0,0.561261
2021091900,635,53098,Marquez Callaway,WR,2,train,1,0.500038
2021091900,659,37737,Chris Hogan,WR,2,train,0,0.132324
2021091900,831,46093,D.J. Moore,WR,2,train,1,0.318233
2021091900,876,43808,Robby Anderson,WR,2,train,1,0.201312
2021091900,940,46093,D.J. Moore,WR,2,train,1,0.911729
2021091900,975,45785,Dan Arnold,TE,2,train,1,0.756372
2021091900,1155,37737,Chris Hogan,WR,2,train,1,0.591989
2021091900,1198,44879,Alvin Kamara,RB,2,train,1,0.89689
2021091900,1224,44879,Alvin Kamara,RB,2,train,1,0.867153
2021091900,1273,46093,D.J. Moore,WR,2,train,1,0.647648
2021091900,1323,46093,D.J. Moore,WR,2,train,1,0.83551
2021091900,1459,45785,Dan Arnold,TE,2,train,1,0.631931
2021091900,1654,53098,Marquez Callaway,WR,2,train,1,0.692994
2021091900,1671,48541,Lil'Jordan Humphrey,WR,2,train,1,0.603789
2021091900,1735,53098,Marquez Callaway,WR,2,train,0,0.4612
2021091900,1757,52942,Juwan Johnson,TE,2,train,0,0.435604
2021091900,1810,44820,Christian McCaffrey,RB,2,train,1,0.752659
2021091900,1886,46093,D.J. Moore,WR,2,train,1,0.365021
2021091900,2019,53098,Marquez Callaway,WR,2,train,0,0.135973
2021091900,2134,44820,Christian McCaffrey,RB,2,train,1,0.913899
2021091900,2214,44820,Christian McCaffrey,RB,2,train,1,0.703704
2021091900,2238,43808,Robby Anderson,WR,2,train,0,0.202902
2021091900,2536,46093,D.J. Moore,WR,2,train,0,0.308935
2021091900,2720,53555,Chuba Hubbard,RB,2,train,0,0.308116
2021091900,2805,42437,Ty Montgomery,WR,2,train,1,0.696517
2021091900,2953,43808,Robby Anderson,WR,2,train,1,0.818985
2021091900,2977,44820,Christian McCaffrey,RB,2,train,1,0.713767
2021091900,3006,44123,Brandon Zylstra,WR,2,train,1,0.608718
2021091900,3051,46093,D.J. Moore,WR,2,train,0,0.629029
2021091900,3148,44879,Alvin Kamara,RB,2,train,0,0.785975
2021091900,3288,43808,Robby Anderson,WR,2,train,0,0.578589
2021091900,3310,44820,Christian McCaffrey,RB,2,train,1,0.413604
2021091900,3355,43808,Robby Anderson,WR,2,train,0,0.238514
2021091900,3399,53488,Terrace Marshall,WR,2,train,1,0.628744
2021091900,3444,43808,Robby Anderson,WR,2,train,1,0.685882
2021091900,3538,44879,Alvin Kamara,RB,2,train,1,0.848389
2021091900,3562,44879,Alvin Kamara,RB,2,train,0,0.696735
2021091900,3603,48541,Lil'Jordan Humphrey,WR,2,train,0,0.66013
2021091900,3689,46093,D.J. Moore,WR,2,train,1,0.632757
2021091900,3776,52942,Juwan Johnson,TE,2,train,1,0.697345
2021091900,3800,52942,Juwan Johnson,TE,2,train,0,0.350365
2021091901,102,52581,Darnell Mooney,WR,2,train,1,0.772729
2021091901,126,52581,Darnell Mooney,WR,2,train,1,0.494369
2021091901,174,41712,Damien Williams,RB,2,train,1,0.89387
2021091901,198,40026,Marquise Goodwin,WR,2,train,0,0.220766
2021091901,248,47856,David Montgomery,RB,2,train,1,0.813815
2021091901,293,41290,Allen Robinson,WR,2,train,1,0.433621
2021091901,384,44860,Joe Mixon,RB,2,train,1,0.833163
2021091901,408,52441,Tee Higgins,WR,2,train,1,0.760758
2021091901,500,53434,Ja'Marr Chase,WR,2,train,0,0.527148
2021091901,533,43344,Tyler Boyd,WR,2,train,1,0.814628
2021091901,578,43344,Tyler Boyd,WR,2,train,1,0.891121
2021091901,624,52441,Tee Higgins,WR,2,train,0,0.494107
2021091901,771,47856,David Montgomery,RB,2,train,0,0.9035
2021091901,870,47856,David Montgomery,RB,2,train,1,0.792527
2021091901,910,40026,Marquise Goodwin,WR,2,train,0,0.535834
2021091901,1205,42500,C.J. Uzomah,TE,2,train,1,0.840015
2021091901,1229,53434,Ja'Marr Chase,WR,2,train,1,0.86993
2021091901,1274,52441,Tee Higgins,WR,2,train,0,0.478905
2021091901,1313,47856,David Montgomery,RB,2,train,1,0.901668
2021091901,1328,42500,C.J. Uzomah,TE,2,train,1,0.85167
2021091901,1409,52581,Darnell Mooney,WR,2,train,1,0.88644
2021091901,1499,43344,Tyler Boyd,WR,2,train,1,0.700328
2021091901,1551,52441,Tee Higgins,WR,2,train,1,0.715989
2021091901,1609,52441,Tee Higgins,WR,2,train,1,0.862217
2021091901,1767,52581,Darnell Mooney,WR,2,train,1,0.451733
2021091901,1815,40026,Marquise Goodwin,WR,2,train,1,0.696414
2021091901,1856,41712,Damien Williams,RB,2,train,0,0.265839
2021091901,2089,43344,Tyler Boyd,WR,2,train,1,0.836688
2021091901,2113,52441,Tee Higgins,WR,2,train,0,0.400278
2021091901,2240,44927,Samaje Perine,RB,2,train,0,0.8068
2021091901,2281,53631,Chris Evans,RB,2,train,1,0.894512
2021091901,2443,52581,Darnell Mooney,WR,2,train,0,0.649129
2021091901,2585,52441,Tee Higgins,WR,2,train,1,0.583263
2021091901,2690,41290,Allen Robinson,WR,2,train,1,0.668412
2021091901,2714,52581,Darnell Mooney,WR,2,train,1,0.55717
2021091901,2832,41290,Allen Robinson,WR,2,train,0,0.520827
2021091901,2952,43344,Tyler Boyd,WR,2,train,1,0.795385
2021091901,3018,43344,Tyler Boyd,WR,2,train,0,0.811462
2021091901,3112,52441,Tee Higgins,WR,2,train,0,0.463137
2021091901,3176,41290,Allen Robinson,WR,2,train,0,0.185663
2021091901,3198,52451,Cole Kmet,TE,2,train,1,0.58193
2021091901,3233,47856,David Montgomery,RB,2,train,1,0.892158
2021091901,3291,43344,Tyler Boyd,WR,2,train,0,0.363891
2021091901,3370,52581,Darnell Mooney,WR,2,train,0,0.51799
2021091901,3441,43344,Tyler Boyd,WR,2,train,1,0.569802
2021091901,3492,53434,Ja'Marr Chase,WR,2,train,0,0.329551
2021091901,3535,43344,Tyler Boyd,WR,2,train,1,0.550867
2021091901,3564,53434,Ja'Marr Chase,WR,2,train,1,0.292083
2021091901,3691,40026,Marquise Goodwin,WR,2,train,0,0.845168
2021091901,3717,52441,Tee Higgins,WR,2,train,1,0.330607
2021091901,3811,52451,Cole Kmet,TE,2,train,1,0.85076
2021091902,231,52523,Harrison Bryant,TE,2,train,1,0.353701
2021091902,260,43370,Austin Hooper,TE,2,train,1,0.85397
2021091902,389,37101,Mark Ingram,RB,2,train,1,0.907056
2021091902,434,41246,Brandin Cooks,WR,2,train,1,0.351354
2021091902,479,42419,Chris Conley,WR,2,train,1,0.62405
2021091902,503,41246,Brandin Cooks,WR,2,train,1,0.881924
2021091902,676,43370,Austin Hooper,TE,2,train,1,0.928278
2021091902,704,52595,Donovan Peoples-Jones,WR,2,train,1,0.834112
2021091902,1005,43461,Rashard Higgins,WR,2,train,1,0.806003
2021091902,1050,43370,Austin Hooper,TE,2,train,1,0.56456
2021091902,1116,44841,David Njoku,TE,2,train,0,0.771993
2021091902,1138,53520,Anthony Schwartz,WR,2,train,0,0.465944
2021091902,1210,33566,Danny Amendola,WR,2,train,1,0.882811
2021091902,1234,41246,Brandin Cooks,WR,2,train,1,0.896179
2021091902,1366,37101,Mark Ingram,RB,2,train,0,0.706568
2021091902,1436,52523,Harrison Bryant,TE,2,train,1,0.880742
2021091902,1595,44841,David Njoku,TE,2,train,1,0.850568
2021091902,2015,41246,Brandin Cooks,WR,2,train,0,0.846434
2021091902,2094,52523,Harrison Bryant,TE,2,train,1,0.731007
2021091902,2118,43461,Rashard Higgins,WR,2,train,1,0.766184
2021091902,2142,52523,Harrison Bryant,TE,2,train,1,0.87287
2021091902,2264,46104,Nick Chubb,RB,2,train,1,0.815775
2021091902,2444,35527,Andre Roberts,WR,2,train,0,0.632328
2021091902,2635,41246,Brandin Cooks,WR,2,train,0,0.833578
2021091902,2678,46167,Jordan Akins,TE,2,train,1,0.510863
2021091902,2713,46167,Jordan Akins,TE,2,train,0,0.750438
2021091902,2795,42429,David Johnson,RB,2,train,1,0.899383
2021091902,2898,41246,Brandin Cooks,WR,2,train,0,0.362998
2021091902,2965,41246,Brandin Cooks,WR,2,train,1,0.728372
2021091902,3052,41246,Brandin Cooks,WR,2,train,1,0.791153
2021091902,3136,43370,Austin Hooper,TE,2,train,1,0.762478
2021091902,3392,45339,Pharaoh Brown,TE,2,train,0,0.719263
2021091902,3414,41246,Brandin Cooks,WR,2,train,0,0.778774
2021091902,3447,41246,Brandin Cooks,WR,2,train,0,0.563563
2021091902,3548,44898,Kareem Hunt,RB,2,train,1,0.694825
2021091902,3651,41246,Brandin Cooks,WR,2,train,1,0.469874
2021091902,3675,41246,Brandin Cooks,WR,2,train,1,0.809011
2021091902,3710,42419,Chris Conley,WR,2,train,0,0.663117
2021091902,3732,35527,Andre Roberts,WR,2,train,1,0.672523
2021091902,3852,41246,Brandin Cooks,WR,2,train,0,0.401981
2021091903,62,52442,Michael Pittman,WR,2,train,1,0.682796
2021091903,181,40641,Jack Doyle,TE,2,train,1,0.797362
2021091903,329,39989,Robert Woods,WR,2,train,1,0.685447
2021091903,353,47853,Darrell Henderson,RB,2,train,1,0.938282
2021091903,377,52465,Van Jefferson,WR,2,train,1,0.56847
2021091903,471,44881,Cooper Kupp,WR,2,train,1,0.676228
2021091903,564,45102,Zach Pascal,WR,2,train,1,0.836017
2021091903,588,52442,Michael Pittman,WR,2,train,1,0.422315
2021091903,633,52449,Jonathan Taylor,RB,2,train,1,0.871256
2021091903,676,46173,Nyheim Hines,RB,2,train,0,0.747496
2021091903,761,44881,Cooper Kupp,WR,2,train,0,0.674209
2021091903,874,52442,Michael Pittman,WR,2,train,1,0.662017
2021091903,945,44881,Cooper Kupp,WR,2,train,1,0.851936
2021091903,990,47853,Darrell Henderson,RB,2,train,1,0.83935
2021091903,1035,43399,Tyler Higbee,TE,2,train,1,0.513097
2021091903,1080,39989,Robert Woods,WR,2,train,1,0.563507
2021091903,1149,44881,Cooper Kupp,WR,2,train,1,0.836096
2021091903,1199,44881,Cooper Kupp,WR,2,train,1,0.43025
2021091903,1266,39989,Robert Woods,WR,2,train,0,0.188703
2021091903,1352,47853,Darrell Henderson,RB,2,train,0,0.87528
2021091903,1380,40641,Jack Doyle,TE,2,train,1,0.813928
2021091903,1426,46173,Nyheim Hines,RB,2,train,1,0.618635
2021091903,1515,52442,Michael Pittman,WR,2,train,1,0.812812
2021091903,1539,45102,Zach Pascal,WR,2,train,1,0.900087
2021091903,1568,48118,Ashton Dulin,WR,2,train,0,0.60051
2021091903,1613,53658,Mike Strachan,WR,2,train,0,0.396
2021091903,1694,39989,Robert Woods,WR,2,train,0,0.921705
2021091903,1898,44792,Mo Alie-Cox,TE,2,train,0,0.685626
2021091903,1988,47853,Darrell Henderson,RB,2,train,0,0.87846
2021091903,2010,44881,Cooper Kupp,WR,2,train,0,0.788842
2021091903,2148,52442,Michael Pittman,WR,2,train,1,0.643025
2021091903,2172,40641,Jack Doyle,TE,2,train,0,0.202454
2021091903,2319,45102,Zach Pascal,WR,2,train,1,0.2455
2021091903,2387,52465,Van Jefferson,WR,2,train,0,0.766071
2021091903,2409,39989,Robert Woods,WR,2,train,0,0.520883
2021091903,2449,40641,Jack Doyle,TE,2,train,1,0.903906
2021091903,2485,52442,Michael Pittman,WR,2,train,1,0.763409
2021091903,2509,44956,Marlon Mack,RB,2,train,0,0.659284
2021091903,2552,52442,Michael Pittman,WR,2,train,0,0.159473
2021091903,2657,52465,Van Jefferson,WR,2,train,0,0.780189
2021091903,2755,39989,Robert Woods,WR,2,train,1,0.810013
2021091903,2800,44881,Cooper Kupp,WR,2,train,1,0.378252
2021091903,2829,44881,Cooper Kupp,WR,2,train,1,0.665278
2021091903,3003,40641,Jack Doyle,TE,2,train,1,0.733926
2021091903,3086,52442,Michael Pittman,WR,2,train,0,0.269638
2021091903,3142,39989,Robert Woods,WR,2,train,0,0.800417
2021091903,3164,39989,Robert Woods,WR,2,train,1,0.922231
2021091903,3209,39989,Robert Woods,WR,2,train,1,0.650545
2021091903,3233,44881,Cooper Kupp,WR,2,train,1,0.640573
2021091903,3479,45102,Zach Pascal,WR,2,train,0,0.608912
2021091903,3501,40641,Jack Doyle,TE,2,train,0,0.369782
2021091903,3662,52442,Michael Pittman,WR,2,train,0,0.640002
2021091903,3684,52442,Michael Pittman,WR,2,train,1,0.725522
2021091904,107,42516,James O'Shaughnessy,TE,2,train,1,0.298488
2021091904,131,52450,Laviska Shenault,WR,2,train,0,0.858032
2021091904,174,52450,Laviska Shenault,WR,2,train,0,0.387612
2021091904,237,43312,Laquon Treadwell,WR,2,train,0,0.256369
2021091904,259,38696,Marvin Jones,WR,2,train,1,0.736749
2021091904,348,38696,Marvin Jones,WR,2,train,1,0.197546
2021091904,420,52526,Albert Okwuegbunam,TE,2,train,1,0.863706
2021091904,444,45267,Tim Patrick,WR,2,train,0,0.413882
2021091904,498,46109,Courtland Sutton,WR,2,train,1,0.610226
2021091904,522,45267,Tim Patrick,WR,2,train,1,0.776404
2021091904,594,42358,Melvin Gordon,RB,2,train,1,0.534613
2021091904,658,46109,Courtland Sutton,WR,2,train,1,0.788468
2021091904,682,47803,Noah Fant,TE,2,train,1,0.873769
2021091904,740,52733,James Robinson,RB,2,train,1,0.81438
2021091904,783,52450,Laviska Shenault,WR,2,train,0,0.833825
2021091904,805,52450,Laviska Shenault,WR,2,train,0,0.376582
2021091904,846,44987,Eric Saubert,TE,2,train,1,0.821201
2021091904,912,47803,Noah Fant,TE,2,train,1,0.6705
2021091904,936,46109,Courtland Sutton,WR,2,train,0,0.186917
2021091904,1058,46130,D.J. Chark,WR,2,train,0,0.277211
2021091904,1091,52450,Laviska Shenault,WR,2,train,1,0.788689
2021091904,1136,46130,D.J. Chark,WR,2,train,0,0.418815
2021091904,1200,46109,Courtland Sutton,WR,2,train,0,0.448758
2021091904,1222,52454,K.J. Hamler,WR,2,train,0,0.535334
2021091904,1311,52450,Laviska Shenault,WR,2,train,0,0.602691
2021091904,1379,53464,Javonte Williams,RB,2,train,1,0.817105
2021091904,1403,46109,Courtland Sutton,WR,2,train,1,0.857462
2021091904,1448,46109,Courtland Sutton,WR,2,train,1,0.392019
2021091904,1472,47803,Noah Fant,TE,2,train,0,0.774534
2021091904,1494,52766,Kendall Hinton,WR,2,train,1,0.419994
2021091904,1535,45267,Tim Patrick,WR,2,train,1,0.787178
2021091904,1586,53574,Luke Farrell,TE,2,train,1,0.782325
2021091904,1614,38696,Marvin Jones,WR,2,train,0,0.273469
2021091904,1636,52450,Laviska Shenault,WR,2,train,1,0.702104
2021091904,1660,46130,D.J. Chark,WR,2,train,1,0.669292
2021091904,1733,41286,Carlos Hyde,RB,2,train,0,0.90341
2021091904,1794,52450,Laviska Shenault,WR,2,train,0,0.620716
2021091904,1854,41286,Carlos Hyde,RB,2,train,0,0.79483
2021091904,1876,38696,Marvin Jones,WR,2,train,0,0.548047
2021091904,1898,46130,D.J. Chark,WR,2,train,0,0.059009
2021091904,1940,47803,Noah Fant,TE,2,train,0,0.818275
2021091904,1962,47803,Noah Fant,TE,2,train,1,0.774524
2021091904,1991,52454,K.J. Hamler,WR,2,train,0,0.591194
2021091904,2030,42358,Melvin Gordon,RB,2,train,1,0.72825
2021091904,2120,46109,Courtland Sutton,WR,2,train,1,0.376928
2021091904,2165,47803,Noah Fant,TE,2,train,1,0.84146
2021091904,2216,38696,Marvin Jones,WR,2,train,1,0.846497
2021091904,2382,46109,Courtland Sutton,WR,2,train,1,0.876715
2021091904,2616,46109,Courtland Sutton,WR,2,train,1,0.618635
2021091904,2682,52526,Albert Okwuegbunam,TE,2,train,1,0.8524
2021091904,2723,45267,Tim Patrick,WR,2,train,0,0.541003
2021091904,2841,52733,James Robinson,RB,2,train,1,0.861668
2021091904,2865,46130,D.J. Chark,WR,2,train,0,0.424272
2021091904,2887,42302,Chris Manhertz,TE,2,train,0,0.498187
2021091904,2939,52526,Albert Okwuegbunam,TE,2,train,1,0.880285
2021091904,3049,38696,Marvin Jones,WR,2,train,0,0.430902
2021091904,3113,38696,Marvin Jones,WR,2,train,0,0.507595
2021091904,3215,52733,James Robinson,RB,2,train,1,0.871976
2021091904,3268,48601,Tyron Johnson,WR,2,train,0,0.392735
2021091904,3336,45267,Tim Patrick,WR,2,train,0,0.678648
2021091904,3432,46109,Courtland Sutton,WR,2,train,0,0.0819
2021091904,3533,45267,Tim Patrick,WR,2,train,1,0.85077
2021091904,3676,52526,Albert Okwuegbunam,TE,2,train,1,0.783178
2021091905,139,42489,Stefon Diggs,WR,2,train,0,0.489404
2021091905,350,53435,Jaylen Waddle,WR,2,train,0,0.506014
2021091905,378,44985,Isaiah McKenzie,WR,2,train,1,0.873717
2021091905,448,35521,Emmanuel Sanders,WR,2,train,1,0.615543
2021091905,515,42489,Stefon Diggs,WR,2,train,1,0.488497
2021091905,709,52494,Zack Moss,RB,2,train,1,0.903143
2021091905,805,42357,DeVante Parker,WR,2,train,0,0.765221
2021091905,876,46111,Mike Gesicki,TE,2,train,0,0.563856
2021091905,945,35521,Emmanuel Sanders,WR,2,train,0,0.232487
2021091905,1008,48017,Myles Gaskin,RB,2,train,1,0.674443
2021091905,1054,53435,Jaylen Waddle,WR,2,train,1,0.509662
2021091905,1123,53435,Jaylen Waddle,WR,2,train,1,0.509602
2021091905,1189,46111,Mike Gesicki,TE,2,train,1,0.229809
2021091905,1213,42357,DeVante Parker,WR,2,train,0,0.256841
2021091905,1235,44857,Adam Shaheen,TE,2,train,1,0.836623
2021091905,1345,41506,Albert Wilson,WR,2,train,0,0.766126
2021091905,1367,43475,Jakeem Grant,WR,2,train,1,0.826961
2021091905,1452,38947,Cole Beasley,WR,2,train,1,0.699851
2021091905,1499,47857,Devin Singletary,RB,2,train,0,0.630352
2021091905,1521,42489,Stefon Diggs,WR,2,train,0,0.566691
2021091905,1587,53435,Jaylen Waddle,WR,2,train,1,0.863755
2021091905,1767,42357,DeVante Parker,WR,2,train,1,0.815627
2021091905,1791,48017,Myles Gaskin,RB,2,train,1,0.705299
2021091905,1832,42357,DeVante Parker,WR,2,train,1,0.584738
2021091905,1867,42357,DeVante Parker,WR,2,train,0,0.137773
2021091905,1910,46111,Mike Gesicki,TE,2,train,1,0.812521
2021091905,1934,41506,Albert Wilson,WR,2,train,0,0.802791
2021091905,2172,35521,Emmanuel Sanders,WR,2,train,0,0.655811
2021091905,2261,42489,Stefon Diggs,WR,2,train,0,0.133944
2021091905,2283,42489,Stefon Diggs,WR,2,train,1,0.859753
2021091905,2438,38947,Cole Beasley,WR,2,train,1,0.85001
2021091905,2462,35521,Emmanuel Sanders,WR,2,train,1,0.702242
2021091905,2486,35521,Emmanuel Sanders,WR,2,train,0,0.595253
2021091905,2598,42489,Stefon Diggs,WR,2,train,1,0.57569
2021091905,2623,47879,Dawson Knox,TE,2,train,1,0.746082
2021091905,2690,41506,Albert Wilson,WR,2,train,1,0.842297
2021091905,2736,42357,DeVante Parker,WR,2,train,1,0.425927
2021091905,2826,48017,Myles Gaskin,RB,2,train,1,0.881115
2021091905,2958,47879,Dawson Knox,TE,2,train,0,0.517004
2021091905,3049,48017,Myles Gaskin,RB,2,train,1,0.60076
2021091905,3074,48480,Preston Williams,WR,2,train,1,0.770627
2021091905,3098,42357,DeVante Parker,WR,2,train,1,0.825155
2021091905,3122,45217,Cethan Carter,TE,2,train,1,0.806283
2021091905,3146,52922,Salvon Ahmed,RB,2,train,0,0.3469
2021091905,3168,48480,Preston Williams,WR,2,train,0,0.202393
2021091905,3281,44985,Isaiah McKenzie,WR,2,train,0,0.727509
2021091905,3388,35521,Emmanuel Sanders,WR,2,train,0,0.446421
2021091905,3525,42357,DeVante Parker,WR,2,train,0,0.398029
2021091905,3616,42489,Stefon Diggs,WR,2,train,1,0.227567
2021091905,3659,47857,Devin Singletary,RB,2,train,1,0.898514
2021091905,3730,42818,Jake Kumerow,WR,2,train,0,0.60184
2021091905,3925,41506,Albert Wilson,WR,2,train,1,0.834957
2021091905,4000,41506,Albert Wilson,WR,2,train,0,0.208136
2021091905,4151,41506,Albert Wilson,WR,2,train,1,0.61796
2021091905,4175,52922,Salvon Ahmed,RB,2,train,0,0.726628
2021091905,4203,52922,Salvon Ahmed,RB,2,train,0,0.830212
2021091906,76,45185,Kendrick Bourne,WR,2,train,1,0.700129
2021091906,126,44912,Jonnu Smith,TE,2,train,1,0.858884
2021091906,155,41359,James White,RB,2,train,1,0.875196
2021091906,179,47870,Damien Harris,RB,2,train,1,0.857938
2021091906,238,48097,Jakobi Meyers,WR,2,train,1,0.884377
2021091906,342,44817,Corey Davis,WR,2,train,0,0.246393
2021091906,568,44817,Corey Davis,WR,2,train,0,0.60499
2021091906,639,45185,Kendrick Bourne,WR,2,train,0,0.335556
2021091906,924,53463,Elijah Moore,WR,2,train,1,0.636423
2021091906,1260,53463,Elijah Moore,WR,2,train,0,0.305365
2021091906,1331,41359,James White,RB,2,train,1,0.86458
2021091906,1360,48097,Jakobi Meyers,WR,2,train,0,0.440599
2021091906,1442,46279,Braxton Berrios,WR,2,train,1,0.70541
2021091906,1492,44817,Corey Davis,WR,2,train,0,0.119526
2021091906,1592,43324,Hunter Henry,TE,2,train,1,0.711612
2021091906,1616,42363,Nelson Agholor,WR,2,train,1,0.780849
2021091906,1645,41359,James White,RB,2,train,1,0.826494
2021091906,1732,48097,Jakobi Meyers,WR,2,train,1,0.804267
2021091906,1911,53463,Elijah Moore,WR,2,train,1,0.713297
2021091906,1956,42428,Tyler Kroft,TE,2,train,0,0.402956
2021091906,2063,53463,Elijah Moore,WR,2,train,1,0.403772
2021091906,2098,53463,Elijah Moore,WR,2,train,0,0.45309
2021091906,2134,42363,Nelson Agholor,WR,2,train,1,0.698483
2021091906,2298,53463,Elijah Moore,WR,2,train,1,0.67507
2021091906,2373,44817,Corey Davis,WR,2,train,0,0.111305
2021091906,2427,40149,Ryan Griffin,TE,2,train,1,0.704656
2021091906,2512,43324,Hunter Henry,TE,2,train,1,0.744767
2021091906,2568,44912,Jonnu Smith,TE,2,train,1,0.880164
2021091906,2649,43324,Hunter Henry,TE,2,train,0,0.533795
2021091906,2671,41359,James White,RB,2,train,1,0.844708
2021091906,2736,44817,Corey Davis,WR,2,train,1,0.853391
2021091906,2760,53536,Michael Carter,RB,2,train,1,0.898038
2021091906,2819,40149,Ryan Griffin,TE,2,train,0,0.410705
2021091906,2852,46279,Braxton Berrios,WR,2,train,1,0.759421
2021091906,2876,44817,Corey Davis,WR,2,train,0,0.469379
2021091906,2909,53536,Michael Carter,RB,2,train,0,0.891464
2021091906,2955,53463,Elijah Moore,WR,2,train,1,0.753483
2021091906,2979,46279,Braxton Berrios,WR,2,train,0,0.506683
2021091906,3050,43324,Hunter Henry,TE,2,train,0,0.45767
2021091906,3134,46279,Braxton Berrios,WR,2,train,0,0.745909
2021091906,3156,46279,Braxton Berrios,WR,2,train,1,0.365028
2021091906,3243,40149,Ryan Griffin,TE,2,train,1,0.867964
2021091906,3293,53463,Elijah Moore,WR,2,train,0,0.683527
2021091906,3437,48097,Jakobi Meyers,WR,2,train,0,0.762341
2021091906,3459,45185,Kendrick Bourne,WR,2,train,0,0.306512
2021091906,3500,46279,Braxton Berrios,WR,2,train,0,0.558459
2021091906,3522,42428,Tyler Kroft,TE,2,train,1,0.869698
2021091906,3546,53463,Elijah Moore,WR,2,train,0,0.230414
2021091906,3568,46279,Braxton Berrios,WR,2,train,0,0.317746
2021091906,3807,46279,Braxton Berrios,WR,2,train,1,0.691946
2021091906,3836,48657,Jeff Smith,WR,2,train,0,0.504325
2021091906,3877,48657,Jeff Smith,WR,2,train,1,0.432112
2021091906,3942,46279,Braxton Berrios,WR,2,train,1,0.894898
2021091906,3971,53536,Michael Carter,RB,2,train,1,0.881113
2021091907,98,47819,Deebo Samuel,WR,2,train,1,0.858509
2021091907,194,53439,DeVonta Smith,WR,2,train,0,0.122505
2021091907,233,53439,DeVonta Smith,WR,2,train,0,0.427177
2021091907,360,38613,Mohamed Sanu,WR,2,train,0,0.536879
2021091907,418,53439,DeVonta Smith,WR,2,train,1,0.775703
2021091907,463,47836,Miles Sanders,RB,2,train,1,0.849475
2021091907,567,53579,Kenneth Gainwell,RB,2,train,1,0.504242
2021091907,711,44959,George Kittle,TE,2,train,1,0.783021
2021091907,735,52433,Brandon Aiyuk,WR,2,train,0,0.574556
2021091907,757,52708,Jamycal Hasty,RB,2,train,1,0.880237
2021091907,821,47836,Miles Sanders,RB,2,train,0,0.585274
2021091907,869,53439,DeVonta Smith,WR,2,train,1,0.761335
2021091907,919,52608,Quez Watkins,WR,2,train,1,0.440598
2021091907,960,52429,Jalen Reagor,WR,2,train,0,0.248835
2021091907,1134,44959,George Kittle,TE,2,train,1,0.894804
2021091907,1215,40078,Kyle Juszczyk,FB,2,train,1,0.840728
2021091907,1270,46671,Trent Sherfield,WR,2,train,0,0.597473
2021091907,1348,46671,Trent Sherfield,WR,2,train,0,0.594236
2021091907,1374,47819,Deebo Samuel,WR,2,train,1,0.747054
2021091907,1438,52608,Quez Watkins,WR,2,train,1,0.304477
2021091907,1507,53439,DeVonta Smith,WR,2,train,0,0.390686
2021091907,1540,39983,Zach Ertz,TE,2,train,0,0.228679
2021091907,1675,47819,Deebo Samuel,WR,2,train,1,0.825476
2021091907,1812,52708,Jamycal Hasty,RB,2,train,1,0.910329
2021091907,1857,52708,Jamycal Hasty,RB,2,train,1,0.844714
2021091907,1925,47819,Deebo Samuel,WR,2,train,1,0.574841
2021091907,1954,52625,Jauan Jennings,WR,2,train,1,0.814221
2021091907,2115,53439,DeVonta Smith,WR,2,train,0,0.197391
2021091907,2217,46671,Trent Sherfield,WR,2,train,1,0.508641
2021091907,2334,47819,Deebo Samuel,WR,2,train,0,0.487812
2021091907,2527,39983,Zach Ertz,TE,2,train,1,0.692848
2021091907,2572,53439,DeVonta Smith,WR,2,train,0,0.297372
2021091907,2594,52429,Jalen Reagor,WR,2,train,0,0.360225
2021091907,2641,47819,Deebo Samuel,WR,2,train,1,0.842776
2021091907,2731,52433,Brandon Aiyuk,WR,2,train,1,0.811088
2021091907,2819,47819,Deebo Samuel,WR,2,train,1,0.595228
2021091907,3014,38613,Mohamed Sanu,WR,2,train,0,0.161762
2021091907,3156,52429,Jalen Reagor,WR,2,train,0,0.471261
2021091907,3202,53439,DeVonta Smith,WR,2,train,0,0.295601
2021091907,3603,53579,Kenneth Gainwell,RB,2,train,1,0.925862
2021091907,3690,46118,Dallas Goedert,TE,2,train,1,0.585242
2021091907,3804,40078,Kyle Juszczyk,FB,2,train,1,0.831566
2021091908,62,44874,JuJu Smith-Schuster,WR,2,train,1,0.839078
2021091908,107,44874,JuJu Smith-Schuster,WR,2,train,1,0.815183
2021091908,152,44874,JuJu Smith-Schuster,WR,2,train,1,0.897186
2021091908,176,41236,Eric Ebron,TE,2,train,0,0.255298
2021091908,217,47920,Foster Moreau,TE,2,train,0,0.556826
2021091908,248,39109,Derek Carrier,TE,2,train,1,0.801487
2021091908,317,47932,Hunter Renfrow,WR,2,train,1,0.863419
2021091908,409,52457,Chase Claypool,WR,2,train,0,0.449179
2021091908,473,52457,Chase Claypool,WR,2,train,1,0.492971
2021091908,497,47849,Diontae Johnson,WR,2,train,0,0.140238
2021091908,523,43362,Kenyan Drake,RB,2,train,1,0.866331
2021091908,630,43362,Kenyan Drake,RB,2,train,1,0.919622
2021091908,695,53453,Najee Harris,RB,2,train,1,0.858376
2021091908,754,47849,Diontae Johnson,WR,2,train,1,0.798345
2021091908,918,44874,JuJu Smith-Schuster,WR,2,train,1,0.838254
2021091908,959,52457,Chase Claypool,WR,2,train,0,0.306801
2021091908,985,52457,Chase Claypool,WR,2,train,0,0.121891
2021091908,1081,47932,Hunter Renfrow,WR,2,train,1,0.843161
2021091908,1175,42547,Darren Waller,TE,2,train,0,0.712091
2021091908,1231,47849,Diontae Johnson,WR,2,train,1,0.612716
2021091908,1302,44874,JuJu Smith-Schuster,WR,2,train,1,0.776394
2021091908,1326,47849,Diontae Johnson,WR,2,train,1,0.13353
2021091908,1443,52420,Henry Ruggs,WR,2,train,1,0.807917
2021091908,1472,47932,Hunter Renfrow,WR,2,train,1,0.886238
2021091908,1496,47920,Foster Moreau,TE,2,train,1,0.459188
2021091908,1520,48233,Alec Ingold,FB,2,train,0,0.314828
2021091908,1554,52489,Bryan Edwards,WR,2,train,1,0.830353
2021091908,1578,47932,Hunter Renfrow,WR,2,train,1,0.834468
2021091908,1640,43362,Kenyan Drake,RB,2,train,1,0.892582
2021091908,1686,42547,Darren Waller,TE,2,train,1,0.834829
2021091908,1796,52489,Bryan Edwards,WR,2,train,1,0.499771
2021091908,1832,42547,Darren Waller,TE,2,train,0,0.497525
2021091908,1991,42547,Darren Waller,TE,2,train,1,0.372522
2021091908,2036,41500,Willie Snead,WR,2,train,1,0.691116
2021091908,2060,52420,Henry Ruggs,WR,2,train,0,0.761627
2021091908,2103,43362,Kenyan Drake,RB,2,train,0,0.503993
2021091908,2144,52457,Chase Claypool,WR,2,train,0,0.312713
2021091908,2195,53484,Pat Freiermuth,TE,2,train,1,0.739132
2021091908,2259,47849,Diontae Johnson,WR,2,train,1,0.848868
2021091908,2308,52489,Bryan Edwards,WR,2,train,1,0.671553
2021091908,2332,43362,Kenyan Drake,RB,2,train,1,0.879464
2021091908,2375,47932,Hunter Renfrow,WR,2,train,1,0.619118
2021091908,2420,52420,Henry Ruggs,WR,2,train,1,0.474204
2021091908,2444,47920,Foster Moreau,TE,2,train,1,0.295385
2021091908,2531,53484,Pat Freiermuth,TE,2,train,1,0.830048
2021091908,2593,52457,Chase Claypool,WR,2,train,1,0.433687
2021091908,2643,52457,Chase Claypool,WR,2,train,0,0.305749
2021091908,2665,47849,Diontae Johnson,WR,2,train,0,0.141805
2021091908,2706,43362,Kenyan Drake,RB,2,train,1,0.879147
2021091908,2754,42547,Darren Waller,TE,2,train,1,0.611717
2021091908,2803,52489,Bryan Edwards,WR,2,train,1,0.822247
2021091908,2827,52420,Henry Ruggs,WR,2,train,1,0.771743
2021091908,2872,47932,Hunter Renfrow,WR,2,train,0,0.809969
2021091908,2932,52457,Chase Claypool,WR,2,train,1,0.225473
2021091908,3009,47849,Diontae Johnson,WR,2,train,0,0.539627
2021091908,3031,53453,Najee Harris,RB,2,train,1,0.71633
2021091908,3110,39109,Derek Carrier,TE,2,train,1,0.768811
2021091908,3134,42547,Darren Waller,TE,2,train,1,0.622459
2021091908,3158,47932,Hunter Renfrow,WR,2,train,0,0.610694
2021091908,3203,52420,Henry Ruggs,WR,2,train,0,0.81259
2021091908,3229,52420,Henry Ruggs,WR,2,train,1,0.436189
2021091908,3285,47849,Diontae Johnson,WR,2,train,1,0.871736
2021091908,3336,53484,Pat Freiermuth,TE,2,train,1,0.65109
2021091908,3511,53484,Pat Freiermuth,TE,2,train,1,0.721001
2021091908,3535,53453,Najee Harris,RB,2,train,1,0.843367
2021091908,3583,47849,Diontae Johnson,WR,2,train,1,0.880608
2021091908,3631,44874,JuJu Smith-Schuster,WR,2,train,0,0.763635
2021091908,3667,52457,Chase Claypool,WR,2,train,0,0.741163
2021091908,3761,42547,Darren Waller,TE,2,train,1,0.468966
2021091909,75,52584,K.J. Osborn,WR,2,train,1,0.292837
2021091909,146,42398,Maxx Williams,TE,2,train,1,0.84376
2021091909,362,52430,Justin Jefferson,WR,2,train,1,0.573043
2021091909,386,46226,Tyler Conklin,TE,2,train,0,0.377569
2021091909,476,39973,DeAndre Hopkins,WR,2,train,1,0.795565
2021091909,545,46203,Chase Edmonds,RB,2,train,1,0.815582
2021091909,641,39973,DeAndre Hopkins,WR,2,train,1,0.633639
2021091909,754,44853,Dalvin Cook,RB,2,train,1,0.865481
2021091909,889,40488,Adam Thielen,WR,2,train,1,0.230745
2021091909,1243,52430,Justin Jefferson,WR,2,train,1,0.128265
2021091909,1351,42398,Maxx Williams,TE,2,train,1,0.636649
2021091909,1396,42398,Maxx Williams,TE,2,train,1,0.825167
2021091909,1460,46116,Christian Kirk,WR,2,train,1,0.616461
2021091909,1797,53478,Rondale Moore,WR,2,train,1,0.590137
2021091909,1868,52584,K.J. Osborn,WR,2,train,1,0.825048
2021091909,1897,40488,Adam Thielen,WR,2,train,1,0.365954
2021091909,1943,46226,Tyler Conklin,TE,2,train,1,0.852093
2021091909,2031,46226,Tyler Conklin,TE,2,train,0,0.701746
2021091909,2053,52584,K.J. Osborn,WR,2,train,1,0.786313
2021091909,2152,53478,Rondale Moore,WR,2,train,1,0.883329
2021091909,2273,53478,Rondale Moore,WR,2,train,0,0.695545
2021091909,2392,53478,Rondale Moore,WR,2,train,1,0.878924
2021091909,2437,46203,Chase Edmonds,RB,2,train,1,0.671951
2021091909,2482,42398,Maxx Williams,TE,2,train,1,0.674185
2021091909,2605,40488,Adam Thielen,WR,2,train,0,0.829526
2021091909,2747,46116,Christian Kirk,WR,2,train,1,0.752362
2021091909,2792,37077,A.J. Green,WR,2,train,1,0.62756
2021091909,2847,46116,Christian Kirk,WR,2,train,0,0.27714
2021091909,2895,52430,Justin Jefferson,WR,2,train,0,0.411734
2021091909,2938,52430,Justin Jefferson,WR,2,train,0,0.254578
2021091909,3017,44853,Dalvin Cook,RB,2,train,0,0.872852
2021091909,3056,52430,Justin Jefferson,WR,2,train,1,0.681479
2021091909,3249,42398,Maxx Williams,TE,2,train,1,0.832045
2021091909,3383,52430,Justin Jefferson,WR,2,train,1,0.788518
2021091909,3433,52430,Justin Jefferson,WR,2,train,0,0.155362
2021091909,3517,37077,A.J. Green,WR,2,train,1,0.82084
2021091909,3541,42398,Maxx Williams,TE,2,train,1,0.827399
2021091909,3565,46203,Chase Edmonds,RB,2,train,1,0.792688
2021091909,3589,46203,Chase Edmonds,RB,2,train,1,0.854607
2021091909,3613,37077,A.J. Green,WR,2,train,0,0.644293
2021091909,3635,46116,Christian Kirk,WR,2,train,1,0.411912
2021091909,3697,37077,A.J. Green,WR,2,train,0,0.802583
2021091909,3719,37077,A.J. Green,WR,2,train,0,0.234292
2021091909,3822,52430,Justin Jefferson,WR,2,train,1,0.52634
2021091909,3867,42397,Ameer Abdullah,RB,2,train,0,0.749503
2021091909,3970,46203,Chase Edmonds,RB,2,train,1,0.909813
2021091909,4036,40488,Adam Thielen,WR,2,train,1,0.791408
2021091909,4127,52584,K.J. Osborn,WR,2,train,0,0.822382
2021091909,4149,52430,Justin Jefferson,WR,2,train,0,0.524955
2021091909,4180,40488,Adam Thielen,WR,2,train,1,0.690068
2021091910,54,41233,Mike Evans,WR,2,train,1,0.527239
2021091910,101,41233,Mike Evans,WR,2,train,1,0.623461
2021091910,125,35634,Antonio Brown,WR,2,train,0,0.301721
2021091910,168,35481,Rob Gronkowski,TE,2,train,1,0.618047
2021091910,231,42469,Mike Davis,RB,2,train,1,0.711414
2021091910,281,39975,Cordarrelle Patterson,RB,2,train,0,0.707901
2021091910,325,44896,Chris Godwin,WR,2,train,1,0.715526
2021091910,404,35481,Rob Gronkowski,TE,2,train,1,0.852078
2021091910,451,41233,Mike Evans,WR,2,train,0,0.311496
2021091910,473,44816,Leonard Fournette,RB,2,train,1,0.899059
2021091910,537,46095,Calvin Ridley,WR,2,train,1,0.837877
2021091910,582,46263,Russell Gage,WR,2,train,1,0.688846
2021091910,606,48374,Olamide Zaccheaus,WR,2,train,0,0.844117
2021091910,628,37234,Lee Smith,TE,2,train,1,0.837196
2021091910,734,46107,Ronald Jones,RB,2,train,0,0.895036
2021091910,756,41233,Mike Evans,WR,2,train,0,0.494587
2021091910,824,53433,Kyle Pitts,TE,2,train,1,0.871895
2021091910,976,44896,Chris Godwin,WR,2,train,1,0.789716
2021091910,1025,44896,Chris Godwin,WR,2,train,0,0.210321
2021091910,1125,46263,Russell Gage,WR,2,train,1,0.863577
2021091910,1173,53433,Kyle Pitts,TE,2,train,1,0.60257
2021091910,1206,39975,Cordarrelle Patterson,RB,2,train,1,0.827584
2021091910,1290,41233,Mike Evans,WR,2,train,0,0.558739
2021091910,1312,35481,Rob Gronkowski,TE,2,train,1,0.831141
2021091910,1362,46107,Ronald Jones,RB,2,train,0,0.893197
2021091910,1384,52569,Tyler Johnson,WR,2,train,1,0.896158
2021091910,1408,44896,Chris Godwin,WR,2,train,0,0.852706
2021091910,1449,46095,Calvin Ridley,WR,2,train,0,0.541764
2021091910,1488,43429,Tajae Sharpe,WR,2,train,1,0.84946
2021091910,1552,53433,Kyle Pitts,TE,2,train,1,0.577226
2021091910,1597,46095,Calvin Ridley,WR,2,train,1,0.883644
2021091910,1621,46094,Hayden Hurst,TE,2,train,1,0.6456
2021091910,1671,42469,Mike Davis,RB,2,train,1,0.872471
2021091910,1754,44896,Chris Godwin,WR,2,train,1,0.715082
2021091910,1799,35634,Antonio Brown,WR,2,train,1,0.648519
2021091910,1840,44831,O.J. Howard,TE,2,train,1,0.713718
2021091910,1942,41233,Mike Evans,WR,2,train,1,0.852967
2021091910,2009,53433,Kyle Pitts,TE,2,train,1,0.853159
2021091910,2033,42469,Mike Davis,RB,2,train,0,0.170876
2021091910,2074,46394,Christian Blake,WR,2,train,1,0.73598
2021091910,2158,46095,Calvin Ridley,WR,2,train,0,0.541262
2021091910,2287,46263,Russell Gage,WR,2,train,0,0.817056
2021091910,2313,41233,Mike Evans,WR,2,train,0,0.348264
2021091910,2335,42033,Cameron Brate,TE,2,train,1,0.857719
2021091910,2380,44896,Chris Godwin,WR,2,train,0,0.288465
2021091910,2471,46095,Calvin Ridley,WR,2,train,1,0.72073
2021091910,2519,46095,Calvin Ridley,WR,2,train,1,0.773302
2021091910,2548,41808,Keith Smith,FB,2,train,0,0.773216
2021091910,2582,42469,Mike Davis,RB,2,train,1,0.865139
2021091910,2611,39975,Cordarrelle Patterson,RB,2,train,1,0.892228
2021091910,2661,46095,Calvin Ridley,WR,2,train,0,0.763633
2021091910,2683,48374,Olamide Zaccheaus,WR,2,train,1,0.695907
2021091910,2707,46263,Russell Gage,WR,2,train,1,0.853088
2021091910,2757,53433,Kyle Pitts,TE,2,train,1,0.845548
2021091910,2781,46095,Calvin Ridley,WR,2,train,1,0.629817
2021091910,2885,35634,Antonio Brown,WR,2,train,0,0.38439
2021091910,3027,48374,Olamide Zaccheaus,WR,2,train,0,0.666487
2021091910,3049,46095,Calvin Ridley,WR,2,train,1,0.839406
2021091910,3094,46095,Calvin Ridley,WR,2,train,1,0.391476
2021091910,3129,39975,Cordarrelle Patterson,RB,2,train,1,0.766803
2021091910,3195,46107,Ronald Jones,RB,2,train,1,0.898396
2021091910,3343,35481,Rob Gronkowski,TE,2,train,0,0.598877
2021091910,3427,42469,Mike Davis,RB,2,train,1,0.806239
2021091910,3451,39975,Cordarrelle Patterson,RB,2,train,1,0.877042
2021091910,3514,41233,Mike Evans,WR,2,train,1,0.485238
2021091910,3540,44816,Leonard Fournette,RB,2,train,1,0.851557
2021091910,3564,44896,Chris Godwin,WR,2,train,1,0.519294
2021091910,3644,42469,Mike Davis,RB,2,train,1,0.793618
2021091910,3672,46263,Russell Gage,WR,2,train,0,0.806817
2021091910,3730,48374,Olamide Zaccheaus,WR,2,train,1,0.90611
2021091910,3775,42469,Mike Davis,RB,2,train,1,0.850331
2021091910,3804,42469,Mike Davis,RB,2,train,1,0.574644
2021091910,3828,53433,Kyle Pitts,TE,2,train,0,0.62891
2021091910,3893,39985,Giovani Bernard,RB,2,train,1,0.823222
2021091910,3938,39975,Cordarrelle Patterson,RB,2,train,0,0.847325
2021091910,4078,48723,Parker Hesse,TE,2,train,0,0.781843
2021091910,4138,43429,Tajae Sharpe,WR,2,train,0,0.648286
2021091911,82,52425,CeeDee Lamb,WR,2,train,1,0.774133
2021091911,127,46206,Dalton Schultz,TE,2,train,1,0.81597
2021091911,202,42347,Amari Cooper,WR,2,train,0,0.068409
2021091911,256,47911,Tony Pollard,RB,2,train,1,0.883942
2021091911,322,45532,Blake Jarwin,TE,2,train,1,0.824974
2021091911,367,42347,Amari Cooper,WR,2,train,0,0.616424
2021091911,389,42347,Amari Cooper,WR,2,train,1,0.774163
2021091911,492,40024,Keenan Allen,WR,2,train,1,0.848404
2021091911,521,40024,Keenan Allen,WR,2,train,0,0.314638
2021091911,547,52425,CeeDee Lamb,WR,2,train,1,0.557968
2021091911,597,52425,CeeDee Lamb,WR,2,train,0,0.586648
2021091911,652,44819,Mike Williams,WR,2,train,1,0.878961
2021091911,807,47911,Tony Pollard,RB,2,train,1,0.766976
2021091911,857,52425,CeeDee Lamb,WR,2,train,1,0.721584
2021091911,881,52425,CeeDee Lamb,WR,2,train,1,0.838977
2021091911,1021,53506,Josh Palmer,WR,2,train,1,0.891525
2021091911,1080,34540,Jared Cook,TE,2,train,0,0.376119
2021091911,1143,45573,Austin Ekeler,RB,2,train,1,0.889581
2021091911,1171,34540,Jared Cook,TE,2,train,1,0.800658
2021091911,1238,48556,Jalen Guyton,WR,2,train,1,0.782436
2021091911,1323,44819,Mike Williams,WR,2,train,1,0.678247
2021091911,1433,42347,Amari Cooper,WR,2,train,1,0.801635
2021091911,1499,46277,Cedrick Wilson,WR,2,train,1,0.790171
2021091911,1647,45532,Blake Jarwin,TE,2,train,1,0.183863
2021091911,1671,42347,Amari Cooper,WR,2,train,0,0.302598
2021091911,1714,44819,Mike Williams,WR,2,train,1,0.844805
2021091911,1794,53627,Larry Rountree,RB,2,train,1,0.888212
2021091911,1924,34540,Jared Cook,TE,2,train,1,0.621616
2021091911,1948,34540,Jared Cook,TE,2,train,1,0.711462
2021091911,1998,45573,Austin Ekeler,RB,2,train,1,0.41977
2021091911,2062,44819,Mike Williams,WR,2,train,0,0.088715
2021091911,2084,40024,Keenan Allen,WR,2,train,0,0.747396
2021091911,2271,45573,Austin Ekeler,RB,2,train,1,0.79709
2021091911,2343,44819,Mike Williams,WR,2,train,1,0.61917
2021091911,2417,34540,Jared Cook,TE,2,train,0,0.652948
2021091911,2439,40024,Keenan Allen,WR,2,train,1,0.472159
2021091911,2468,46320,Justin Jackson,RB,2,train,1,0.849814
2021091911,2513,45573,Austin Ekeler,RB,2,train,1,0.899529
2021091911,2558,34540,Jared Cook,TE,2,train,0,0.326617
2021091911,2635,52425,CeeDee Lamb,WR,2,train,1,0.872611
2021091911,2842,45573,Austin Ekeler,RB,2,train,1,0.842818
2021091911,2866,43845,Stephen Anderson,TE,2,train,1,0.816825
2021091911,2890,45573,Austin Ekeler,RB,2,train,0,0.247633
2021091911,2944,40024,Keenan Allen,WR,2,train,0,0.462682
2021091911,2966,53506,Josh Palmer,WR,2,train,1,0.778813
2021091911,3024,48456,Donald Parham,TE,2,train,1,0.814813
2021091911,3066,45573,Austin Ekeler,RB,2,train,1,0.348744
2021091911,3101,48556,Jalen Guyton,WR,2,train,1,0.77587
2021091911,3136,44819,Mike Williams,WR,2,train,0,0.202984
2021091911,3158,40024,Keenan Allen,WR,2,train,0,0.627568
2021091911,3323,46206,Dalton Schultz,TE,2,train,1,0.38701
2021091911,3368,45532,Blake Jarwin,TE,2,train,0,0.17863
2021091911,3506,43845,Stephen Anderson,TE,2,train,1,0.805591
2021091911,3530,44819,Mike Williams,WR,2,train,1,0.817763
2021091911,3629,40024,Keenan Allen,WR,2,train,1,0.432117
2021091911,3707,44819,Mike Williams,WR,2,train,0,0.190072
2021091911,3758,45573,Austin Ekeler,RB,2,train,1,0.860274
2021091911,3855,45532,Blake Jarwin,TE,2,train,1,0.841452
2021091911,3879,43293,Ezekiel Elliott,RB,2,train,1,0.86579
2021091911,3988,43293,Ezekiel Elliott,RB,2,train,1,0.830226
2021091911,4012,42347,Amari Cooper,WR,2,train,1,0.781364
2021091911,4057,46277,Cedrick Wilson,WR,2,train,1,0.747765
2021091912,76,47847,DK Metcalf,WR,2,train,0,0.78813
2021091912,204,43556,Chester Rogers,WR,2,train,1,0.773239
2021091912,255,42412,Tyler Lockett,WR,2,train,1,0.352013
2021091912,321,42412,Tyler Lockett,WR,2,train,0,0.378704
2021091912,391,53074,Nick Westbrook-Ikhine,WR,2,train,1,0.795794
2021091912,465,47834,A.J. Brown,WR,2,train,0,0.298227
2021091912,508,53065,Tommy Hudson,TE,2,train,1,0.864834
2021091912,532,47834,A.J. Brown,WR,2,train,1,0.776815
2021091912,577,42589,Geoff Swaim,TE,2,train,1,0.833046
2021091912,601,37079,Julio Jones,WR,2,train,1,0.473746
2021091912,673,43556,Chester Rogers,WR,2,train,0,0.316888
2021091912,695,47834,A.J. Brown,WR,2,train,0,0.540708
2021091912,796,52622,Freddie Swain,WR,2,train,1,0.868044
2021091912,841,47847,DK Metcalf,WR,2,train,1,0.859335
2021091912,884,47847,DK Metcalf,WR,2,train,0,0.254113
2021091912,1091,37079,Julio Jones,WR,2,train,1,0.330029
2021091912,1115,37079,Julio Jones,WR,2,train,1,0.521746
2021091912,1282,47847,DK Metcalf,WR,2,train,1,0.663963
2021091912,1327,42412,Tyler Lockett,WR,2,train,1,0.590508
2021091912,1597,37079,Julio Jones,WR,2,train,1,0.793418
2021091912,1642,53074,Nick Westbrook-Ikhine,WR,2,train,0,0.413403
2021091912,1746,37079,Julio Jones,WR,2,train,0,0.216792
2021091912,1839,47987,Travis Homer,RB,2,train,1,0.890191
2021091912,1868,42412,Tyler Lockett,WR,2,train,1,0.708624
2021091912,1897,52622,Freddie Swain,WR,2,train,1,0.820805
2021091912,1943,47847,DK Metcalf,WR,2,train,1,0.764306
2021091912,1993,47847,DK Metcalf,WR,2,train,0,0.348828
2021091912,2015,42412,Tyler Lockett,WR,2,train,0,0.554482
2021091912,2243,42486,MyCole Pruitt,TE,2,train,1,0.827448
2021091912,2288,47834,A.J. Brown,WR,2,train,1,0.67468
2021091912,2333,42486,MyCole Pruitt,TE,2,train,1,0.891844
2021091912,2373,42486,MyCole Pruitt,TE,2,train,0,0.057705
2021091912,2537,47847,DK Metcalf,WR,2,train,1,0.871203
2021091912,2561,42412,Tyler Lockett,WR,2,train,1,0.839359
2021091912,2618,42412,Tyler Lockett,WR,2,train,1,0.692628
2021091912,2740,42486,MyCole Pruitt,TE,2,train,1,0.71727
2021091912,2764,43334,Derrick Henry,RB,2,train,1,0.84703
2021091912,2830,47834,A.J. Brown,WR,2,train,0,0.870941
2021091912,2852,37079,Julio Jones,WR,2,train,0,0.804736
2021091912,2874,43556,Chester Rogers,WR,2,train,1,0.785016
2021091912,2919,42589,Geoff Swaim,TE,2,train,1,0.871469
2021091912,3078,42412,Tyler Lockett,WR,2,train,1,0.889794
2021091912,3102,52622,Freddie Swain,WR,2,train,1,0.568945
2021091912,3158,47834,A.J. Brown,WR,2,train,1,0.771847
2021091912,3261,44856,Gerald Everett,TE,2,train,1,0.798291
2021091912,3285,47847,DK Metcalf,WR,2,train,0,0.600358
2021091912,3443,47834,A.J. Brown,WR,2,train,0,0.370771
2021091912,3516,37079,Julio Jones,WR,2,train,1,0.647978
2021091912,3540,53065,Tommy Hudson,TE,2,train,0,0.172156
2021091912,3597,42412,Tyler Lockett,WR,2,train,0,0.817718
2021091912,3619,47847,DK Metcalf,WR,2,train,1,0.889028
2021091912,3725,37079,Julio Jones,WR,2,train,1,0.732175
2021091912,3773,43334,Derrick Henry,RB,2,train,1,0.85612
2021091912,3797,44975,Jeremy McNichols,RB,2,train,1,0.83103
2021091912,3842,44975,Jeremy McNichols,RB,2,train,1,0.893249
2021091912,3929,43334,Derrick Henry,RB,2,train,1,0.812803
2021091912,3953,44975,Jeremy McNichols,RB,2,train,1,0.867672
2021091912,4126,47987,Travis Homer,RB,2,train,1,0.871098
2021091912,4167,44856,Gerald Everett,TE,2,train,0,0.103449
2021091912,4335,43334,Derrick Henry,RB,2,train,1,0.832225
2021091912,4380,43556,Chester Rogers,WR,2,train,0,0.647717
2021091912,4445,47834,A.J. Brown,WR,2,train,0,0.622979
2021091912,4489,43556,Chester Rogers,WR,2,train,0,0.618185
2021091912,4530,42412,Tyler Lockett,WR,2,train,0,0.208008
2021091912,4552,47847,DK Metcalf,WR,2,train,0,0.378214
2021091913,77,47808,Marquise Brown,WR,2,train,0,0.709943
2021091913,99,41230,Sammy Watkins,WR,2,train,0,0.827781
2021091913,397,43454,Tyreek Hill,WR,2,train,1,0.643501
2021091913,421,47839,Mecole Hardman,WR,2,train,1,0.704608
2021091913,523,43415,Demarcus Robinson,WR,2,train,1,0.347479
2021091913,579,47808,Marquise Brown,WR,2,train,1,0.794539
2021091913,734,41230,Sammy Watkins,WR,2,train,0,0.532609
2021091913,780,47808,Marquise Brown,WR,2,train,0,0.311559
2021091913,806,47839,Mecole Hardman,WR,2,train,1,0.570307
2021091913,952,48683,Joe Fortson,TE,2,train,1,0.740332
2021091913,1022,46155,Mark Andrews,TE,2,train,1,0.885367
2021091913,1107,40011,Travis Kelce,TE,2,train,1,0.76019
2021091913,1152,43415,Demarcus Robinson,WR,2,train,1,0.899593
2021091913,1176,47839,Mecole Hardman,WR,2,train,0,0.83495
2021091913,1198,47839,Mecole Hardman,WR,2,train,0,0.561261
2021091913,1220,43415,Demarcus Robinson,WR,2,train,0,0.169306
2021091913,1328,47808,Marquise Brown,WR,2,train,1,0.801012
2021091913,1352,46155,Mark Andrews,TE,2,train,1,0.515754
2021091913,1399,47808,Marquise Brown,WR,2,train,0,0.696273
2021091913,1453,53180,Ty'Son Williams,RB,2,train,1,0.831832
2021091913,1477,53180,Ty'Son Williams,RB,2,train,1,0.888206
2021091913,1606,40011,Travis Kelce,TE,2,train,1,0.751826
2021091913,1719,41325,Jerick McKinnon,RB,2,train,1,0.912354
2021091913,1802,41230,Sammy Watkins,WR,2,train,1,0.609586
2021091913,1866,53180,Ty'Son Williams,RB,2,train,1,0.828667
2021091913,1939,46155,Mark Andrews,TE,2,train,1,0.724664
2021091913,2012,41230,Sammy Watkins,WR,2,train,1,0.874451
2021091913,2186,40011,Travis Kelce,TE,2,train,1,0.863227
2021091913,2210,42511,Michael Burton,FB,2,train,1,0.890621
2021091913,2255,46522,Byron Pringle,WR,2,train,1,0.905707
2021091913,2388,46155,Mark Andrews,TE,2,train,1,0.886832
2021091913,2412,47808,Marquise Brown,WR,2,train,1,0.494246
2021091913,2537,47839,Mecole Hardman,WR,2,train,1,0.762036
2021091913,2593,47839,Mecole Hardman,WR,2,train,0,0.312717
2021091913,2615,40011,Travis Kelce,TE,2,train,1,0.59293
2021091913,2698,46155,Mark Andrews,TE,2,train,1,0.720742
2021091913,2876,43454,Tyreek Hill,WR,2,train,1,0.892437
2021091913,2933,40011,Travis Kelce,TE,2,train,0,0.491881
2021091913,3004,41230,Sammy Watkins,WR,2,train,1,0.822339
2021091913,3068,47852,Josh Oliver,TE,2,train,1,0.683427
2021091913,3211,47839,Mecole Hardman,WR,2,train,1,0.876504
2021091913,3256,43415,Demarcus Robinson,WR,2,train,1,0.867969
2021091913,3280,43454,Tyreek Hill,WR,2,train,0,0.336205
2021091913,3364,41230,Sammy Watkins,WR,2,train,0,0.704234
2021091913,3458,46155,Mark Andrews,TE,2,train,1,0.568466
2021091913,3555,47808,Marquise Brown,WR,2,train,0,0.73724
2021091913,3705,46522,Byron Pringle,WR,2,train,1,0.736914
2021091913,3729,40011,Travis Kelce,TE,2,train,1,0.817096
2021091913,3907,41230,Sammy Watkins,WR,2,train,1,0.562299
2021092000,76,43584,Kalif Raymond,WR,2,train,1,0.812005
2021092000,105,52574,Quintez Cephus,WR,2,train,1,0.370911
2021092000,134,47791,T.J. Hockenson,TE,2,train,1,0.88787
2021092000,201,52574,Quintez Cephus,WR,2,train,1,0.823523
2021092000,325,41282,Davante Adams,WR,2,train,1,0.686814
2021092000,579,53541,Amon-Ra St. Brown,WR,2,train,1,0.885694
2021092000,624,47791,T.J. Hockenson,TE,2,train,1,0.331827
2021092000,750,52574,Quintez Cephus,WR,2,train,1,0.910938
2021092000,924,46243,Marquez Valdes-Scantling,WR,2,train,0,0.530066
2021092000,946,41282,Davante Adams,WR,2,train,1,0.804226
2021092000,1028,46424,Jason Cabinda,FB,2,train,1,0.795078
2021092000,1147,43584,Kalif Raymond,WR,2,train,1,0.883089
2021092000,1197,47791,T.J. Hockenson,TE,2,train,1,0.368446
2021092000,1357,44995,Aaron Jones,RB,2,train,1,0.813607
2021092000,1491,44995,Aaron Jones,RB,2,train,1,0.747772
2021092000,1596,47791,T.J. Hockenson,TE,2,train,1,0.740957
2021092000,1637,44947,Jamaal Williams,RB,2,train,1,0.887617
2021092000,1678,53541,Amon-Ra St. Brown,WR,2,train,0,0.72626
2021092000,1700,52574,Quintez Cephus,WR,2,train,0,0.239532
2021092000,1873,44995,Aaron Jones,RB,2,train,1,0.826271
2021092000,1942,41282,Davante Adams,WR,2,train,1,0.262733
2021092000,2041,45635,Robert Tonyan,TE,2,train,1,0.369919
2021092000,2119,44947,Jamaal Williams,RB,2,train,1,0.745746
2021092000,2164,47791,T.J. Hockenson,TE,2,train,1,0.692499
2021092000,2188,47791,T.J. Hockenson,TE,2,train,0,0.590896
2021092000,2248,53541,Amon-Ra St. Brown,WR,2,train,1,0.812079
2021092000,2272,52574,Quintez Cephus,WR,2,train,0,0.390962
2021092000,2294,46243,Marquez Valdes-Scantling,WR,2,train,0,0.368344
2021092000,2337,37139,Randall Cobb,WR,2,train,1,0.509245
2021092000,2404,45635,Robert Tonyan,TE,2,train,0,0.199767
2021092000,2437,41282,Davante Adams,WR,2,train,0,0.36084
2021092000,2483,37139,Randall Cobb,WR,2,train,1,0.610949
2021092000,2531,41282,Davante Adams,WR,2,train,1,0.791745
2021092000,2645,44995,Aaron Jones,RB,2,train,1,0.878953
2021092000,2842,41282,Davante Adams,WR,2,train,0,0.128723
2021092000,2959,47791,T.J. Hockenson,TE,2,train,1,0.6576
2021092000,2983,47791,T.J. Hockenson,TE,2,train,1,0.773121
2021092000,3030,44947,Jamaal Williams,RB,2,train,1,0.851926
2021092000,3054,52574,Quintez Cephus,WR,2,train,1,0.763191
2021092000,3157,41282,Davante Adams,WR,2,train,1,0.793028
2021092000,3203,52470,A.J. Dillon,RB,2,train,1,0.608227
2021092000,3343,52574,Quintez Cephus,WR,2,train,0,0.19474
2021092000,3391,48053,Trinity Benson,WR,2,train,0,0.216402
2021092000,3498,46243,Marquez Valdes-Scantling,WR,2,train,0,0.397445
2021092000,3546,52443,D'Andre Swift,RB,2,train,1,0.57516
2021092000,3575,53541,Amon-Ra St. Brown,WR,2,train,1,0.840058
2021092000,3599,48053,Trinity Benson,WR,2,train,1,0.830146
2021092000,3623,52443,D'Andre Swift,RB,2,train,1,0.835869
2021092000,3647,53541,Amon-Ra St. Brown,WR,2,train,0,0.468495
2021092000,3669,52443,D'Andre Swift,RB,2,train,1,0.841914
2021092000,3710,52443,D'Andre Swift,RB,2,train,0,0.251067
2021092000,3759,48053,Trinity Benson,WR,2,train,0,0.607946
2021092300,54,46093,D.J. Moore,WR,3,train,1,0.826679
2021092300,78,45785,Dan Arnold,TE,3,train,0,0.700683
2021092300,100,46093,D.J. Moore,WR,3,train,0,0.615075
2021092300,319,46093,D.J. Moore,WR,3,train,0,0.584417
2021092300,341,46093,D.J. Moore,WR,3,train,1,0.509569
2021092300,365,53488,Terrace Marshall,WR,3,train,1,0.83399
2021092300,415,46093,D.J. Moore,WR,3,train,1,0.722533
2021092300,596,46120,Anthony Miller,WR,3,train,1,0.833603
2021092300,692,46093,D.J. Moore,WR,3,train,1,0.811733
2021092300,737,43808,Robby Anderson,WR,3,train,1,0.645343
2021092300,838,44820,Christian McCaffrey,RB,3,train,1,0.847156
2021092300,904,46093,D.J. Moore,WR,3,train,0,0.536165
2021092300,926,46093,D.J. Moore,WR,3,train,1,0.79126
2021092300,971,53555,Chuba Hubbard,RB,3,train,0,0.860325
2021092300,1023,45785,Dan Arnold,TE,3,train,1,0.764629
2021092300,1068,42419,Chris Conley,WR,3,train,0,0.397337
2021092300,1213,46120,Anthony Miller,WR,3,train,0,0.115706
2021092300,1395,45785,Dan Arnold,TE,3,train,0,0.732771
2021092300,1530,40138,Rex Burkhead,RB,3,train,1,0.880203
2021092300,1573,43808,Robby Anderson,WR,3,train,0,0.877387
2021092300,1595,46140,Royce Freeman,RB,3,train,1,0.839565
2021092300,1697,41246,Brandin Cooks,WR,3,train,1,0.288952
2021092300,1721,41246,Brandin Cooks,WR,3,train,1,0.711841
2021092300,1766,46167,Jordan Akins,TE,3,train,1,0.835174
2021092300,1812,41246,Brandin Cooks,WR,3,train,1,0.590693
2021092300,1853,46120,Anthony Miller,WR,3,train,1,0.777963
2021092300,1904,53555,Chuba Hubbard,RB,3,train,1,0.893651
2021092300,2037,46120,Anthony Miller,WR,3,train,1,0.859759
2021092300,2084,46167,Jordan Akins,TE,3,train,1,0.783255
2021092300,2108,46120,Anthony Miller,WR,3,train,1,0.696908
2021092300,2132,42419,Chris Conley,WR,3,train,0,0.400194
2021092300,2175,41246,Brandin Cooks,WR,3,train,0,0.495166
2021092300,2233,46120,Anthony Miller,WR,3,train,0,0.737633
2021092300,2266,41246,Brandin Cooks,WR,3,train,0,0.368756
2021092300,2292,46120,Anthony Miller,WR,3,train,0,0.444278
2021092300,2377,46093,D.J. Moore,WR,3,train,1,0.551486
2021092300,2476,46093,D.J. Moore,WR,3,train,1,0.585668
2021092300,2524,43663,Alex Erickson,WR,3,train,1,0.404913
2021092300,2750,53555,Chuba Hubbard,RB,3,train,1,0.753379
2021092300,2774,53488,Terrace Marshall,WR,3,train,1,0.590271
2021092300,2819,45785,Dan Arnold,TE,3,train,0,0.714763
2021092300,2896,53512,Tommy Tremble,TE,3,train,1,0.424218
2021092300,2974,53488,Terrace Marshall,WR,3,train,1,0.602143
2021092300,3049,41246,Brandin Cooks,WR,3,train,1,0.729175
2021092300,3073,41246,Brandin Cooks,WR,3,train,1,0.734195
2021092300,3097,46120,Anthony Miller,WR,3,train,0,0.811895
2021092300,3119,41246,Brandin Cooks,WR,3,train,1,0.702623
2021092300,3143,46167,Jordan Akins,TE,3,train,0,0.838912
2021092300,3165,41246,Brandin Cooks,WR,3,train,1,0.599416
2021092300,3263,43808,Robby Anderson,WR,3,train,1,0.906136
2021092300,3329,46093,D.J. Moore,WR,3,train,0,0.853897
2021092300,3351,45785,Dan Arnold,TE,3,train,1,0.892629
2021092300,3375,53488,Terrace Marshall,WR,3,train,1,0.6243
2021092300,3458,53555,Chuba Hubbard,RB,3,train,0,0.787229
2021092300,3573,46167,Jordan Akins,TE,3,train,1,0.714458
2021092300,3665,46167,Jordan Akins,TE,3,train,1,0.680834
2021092300,3716,41246,Brandin Cooks,WR,3,train,1,0.409092
2021092600,80,47857,Devin Singletary,RB,3,train,0,0.868477
2021092600,125,52536,Gabe Davis,WR,3,train,1,0.781621
2021092600,170,35521,Emmanuel Sanders,WR,3,train,1,0.817254
2021092600,194,42489,Stefon Diggs,WR,3,train,1,0.848655
2021092600,223,48011,Tommy Sweeney,TE,3,train,1,0.7928
2021092600,258,35521,Emmanuel Sanders,WR,3,train,1,0.199768
2021092600,346,47859,Terry McLaurin,WR,3,train,1,0.590661
2021092600,370,47859,Terry McLaurin,WR,3,train,1,0.772021
2021092600,489,42489,Stefon Diggs,WR,3,train,1,0.686014
2021092600,555,42489,Stefon Diggs,WR,3,train,0,0.329241
2021092600,610,35521,Emmanuel Sanders,WR,3,train,1,0.673294
2021092600,638,42489,Stefon Diggs,WR,3,train,0,0.331647
2021092600,660,38947,Cole Beasley,WR,3,train,1,0.580149
2021092600,729,53511,Dyami Brown,WR,3,train,0,0.298993
2021092600,772,41349,Logan Thomas,TE,3,train,1,0.283452
2021092600,854,42489,Stefon Diggs,WR,3,train,0,0.393221
2021092600,887,52494,Zack Moss,RB,3,train,1,0.885443
2021092600,972,38947,Cole Beasley,WR,3,train,1,0.787749
2021092600,1017,52494,Zack Moss,RB,3,train,1,0.776309
2021092600,1077,47859,Terry McLaurin,WR,3,train,1,0.28316
2021092600,1127,47859,Terry McLaurin,WR,3,train,0,0.699084
2021092600,1174,38947,Cole Beasley,WR,3,train,0,0.176133
2021092600,1200,47879,Dawson Knox,TE,3,train,1,0.376635
2021092600,1394,41349,Logan Thomas,TE,3,train,1,0.792962
2021092600,1418,52474,Antonio Gibson,RB,3,train,0,0.878663
2021092600,1497,38947,Cole Beasley,WR,3,train,1,0.847233
2021092600,1547,38947,Cole Beasley,WR,3,train,1,0.880302
2021092600,1571,47879,Dawson Knox,TE,3,train,0,0.50746
2021092600,1683,43010,Adam Humphries,WR,3,train,1,0.897066
2021092600,1758,35521,Emmanuel Sanders,WR,3,train,1,0.2795
2021092600,2022,41349,Logan Thomas,TE,3,train,0,0.516465
2021092600,2084,43722,J.D. McKissic,RB,3,train,1,0.827414
2021092600,2108,43010,Adam Humphries,WR,3,train,0,0.588492
2021092600,2130,43010,Adam Humphries,WR,3,train,0,0.790845
2021092600,2173,42489,Stefon Diggs,WR,3,train,1,0.730978
2021092600,2202,38947,Cole Beasley,WR,3,train,1,0.638729
2021092600,2243,42489,Stefon Diggs,WR,3,train,1,0.707345
2021092600,2289,47879,Dawson Knox,TE,3,train,1,0.792787
2021092600,2369,47859,Terry McLaurin,WR,3,train,1,0.534576
2021092600,2441,47859,Terry McLaurin,WR,3,train,0,0.196926
2021092600,2507,38947,Cole Beasley,WR,3,train,1,0.71715
2021092600,2531,42489,Stefon Diggs,WR,3,train,1,0.856957
2021092600,2576,38947,Cole Beasley,WR,3,train,1,0.722987
2021092600,2690,42489,Stefon Diggs,WR,3,train,0,0.260573
2021092600,2712,38947,Cole Beasley,WR,3,train,1,0.494597
2021092600,2736,47879,Dawson Knox,TE,3,train,1,0.844286
2021092600,2879,35521,Emmanuel Sanders,WR,3,train,1,0.613999
2021092600,3063,43010,Adam Humphries,WR,3,train,0,0.294054
2021092600,3089,53079,Reggie Gilliam,FB,3,train,0,0.698269
2021092600,3136,38947,Cole Beasley,WR,3,train,0,0.198678
2021092600,3278,53511,Dyami Brown,WR,3,train,0,0.866433
2021092600,3325,35521,Emmanuel Sanders,WR,3,train,0,0.780869
2021092600,3387,42489,Stefon Diggs,WR,3,train,0,0.208376
2021092600,3449,46362,Cam Sims,WR,3,train,0,0.843847
2021092600,3471,43722,J.D. McKissic,RB,3,train,1,0.844543
2021092600,3590,47879,Dawson Knox,TE,3,train,1,0.81036
2021092600,3793,46362,Cam Sims,WR,3,train,1,0.779221
2021092600,3838,52474,Antonio Gibson,RB,3,train,0,0.866159
2021092600,3875,47859,Terry McLaurin,WR,3,train,1,0.701668
2021092600,3899,47859,Terry McLaurin,WR,3,train,0,0.199031
2021092600,3968,41349,Logan Thomas,TE,3,train,1,0.245821
2021092600,4095,48011,Tommy Sweeney,TE,3,train,1,0.894813
2021092601,55,52523,Harrison Bryant,TE,3,train,0,0.30197
2021092601,77,41238,Odell Beckham,WR,3,train,0,0.543642
2021092601,99,41238,Odell Beckham,WR,3,train,1,0.62743
2021092601,144,53520,Anthony Schwartz,WR,3,train,0,0.786534
2021092601,252,53640,Demetric Felton,RB,3,train,0,0.276713
2021092601,473,41238,Odell Beckham,WR,3,train,0,0.120447
2021092601,506,53640,Demetric Felton,RB,3,train,1,0.828619
2021092601,553,52595,Donovan Peoples-Jones,WR,3,train,1,0.436728
2021092601,603,41238,Odell Beckham,WR,3,train,1,0.694425
2021092601,627,53640,Demetric Felton,RB,3,train,1,0.846865
2021092601,733,52451,Cole Kmet,TE,3,train,1,0.920565
2021092601,799,44898,Kareem Hunt,RB,3,train,1,0.790792
2021092601,982,41238,Odell Beckham,WR,3,train,0,0.609985
2021092601,1205,43370,Austin Hooper,TE,3,train,0,0.247255
2021092601,1227,43461,Rashard Higgins,WR,3,train,1,0.625152
2021092601,1255,43461,Rashard Higgins,WR,3,train,1,0.886552
2021092601,1467,41290,Allen Robinson,WR,3,train,1,0.115323
2021092601,1650,52595,Donovan Peoples-Jones,WR,3,train,1,0.204989
2021092601,1695,44898,Kareem Hunt,RB,3,train,1,0.885447
2021092601,1742,43370,Austin Hooper,TE,3,train,1,0.88528
2021092601,1783,44898,Kareem Hunt,RB,3,train,1,0.903639
2021092601,1824,44898,Kareem Hunt,RB,3,train,0,0.812763
2021092601,1930,43370,Austin Hooper,TE,3,train,1,0.539737
2021092601,2063,52451,Cole Kmet,TE,3,train,0,0.706479
2021092601,2085,52581,Darnell Mooney,WR,3,train,0,0.319862
2021092601,2193,41238,Odell Beckham,WR,3,train,1,0.157889
2021092601,2382,40026,Marquise Goodwin,WR,3,train,0,0.50889
2021092601,2568,35534,Jimmy Graham,TE,3,train,0,0.293976
2021092601,2612,41290,Allen Robinson,WR,3,train,1,0.626499
2021092601,2636,47856,David Montgomery,RB,3,train,0,0.849
2021092601,2726,41290,Allen Robinson,WR,3,train,0,0.348029
2021092601,2810,47856,David Montgomery,RB,3,train,1,0.646291
2021092601,2889,41238,Odell Beckham,WR,3,train,1,0.797499
2021092601,2924,41238,Odell Beckham,WR,3,train,0,0.574811
2021092601,3011,41238,Odell Beckham,WR,3,train,0,0.370804
2021092601,3108,41290,Allen Robinson,WR,3,train,0,0.220465
2021092601,3130,47856,David Montgomery,RB,3,train,0,0.671935
2021092601,3163,52581,Darnell Mooney,WR,3,train,0,0.507309
2021092601,3206,52451,Cole Kmet,TE,3,train,0,0.743913
2021092601,3345,52523,Harrison Bryant,TE,3,train,0,0.753022
2021092601,3469,41290,Allen Robinson,WR,3,train,0,0.389362
2021092601,3843,47856,David Montgomery,RB,3,train,0,0.839939
2021092601,3887,41290,Allen Robinson,WR,3,train,0,0.585482
2021092602,55,43584,Kalif Raymond,WR,3,train,0,0.659708
2021092602,79,39907,Darren Fells,TE,3,train,1,0.868927
2021092602,140,43584,Kalif Raymond,WR,3,train,0,0.836921
2021092602,183,39907,Darren Fells,TE,3,train,0,0.32887
2021092602,224,47808,Marquise Brown,WR,3,train,1,0.824777
2021092602,470,46155,Mark Andrews,TE,3,train,1,0.755577
2021092602,494,47808,Marquise Brown,WR,3,train,1,0.876021
2021092602,653,43584,Kalif Raymond,WR,3,train,1,0.813795
2021092602,677,52443,D'Andre Swift,RB,3,train,1,0.881835
2021092602,777,46155,Mark Andrews,TE,3,train,0,0.798257
2021092602,898,47852,Josh Oliver,TE,3,train,1,0.879165
2021092602,1152,41230,Sammy Watkins,WR,3,train,0,0.381753
2021092602,1174,46155,Mark Andrews,TE,3,train,1,0.705553
2021092602,1224,47808,Marquise Brown,WR,3,train,0,0.433839
2021092602,1301,47791,T.J. Hockenson,TE,3,train,1,0.845936
2021092602,1351,52443,D'Andre Swift,RB,3,train,0,0.61473
2021092602,1384,43584,Kalif Raymond,WR,3,train,0,0.366048
2021092602,1596,47808,Marquise Brown,WR,3,train,1,0.606481
2021092602,1677,53180,Ty'Son Williams,RB,3,train,0,0.173372
2021092602,1699,52500,Devin Duvernay,WR,3,train,1,0.575674
2021092602,1755,52574,Quintez Cephus,WR,3,train,1,0.77362
2021092602,1800,43584,Kalif Raymond,WR,3,train,1,0.723206
2021092602,1941,47808,Marquise Brown,WR,3,train,0,0.321929
2021092602,1975,52609,James Proche,WR,3,train,1,0.538659
2021092602,2030,52500,Devin Duvernay,WR,3,train,1,0.74556
2021092602,2135,44947,Jamaal Williams,RB,3,train,1,0.833095
2021092602,2164,44947,Jamaal Williams,RB,3,train,1,0.898506
2021092602,2205,43584,Kalif Raymond,WR,3,train,0,0.657264
2021092602,2305,41230,Sammy Watkins,WR,3,train,1,0.544082
2021092602,2361,46155,Mark Andrews,TE,3,train,1,0.561365
2021092602,2390,41230,Sammy Watkins,WR,3,train,0,0.460624
2021092602,2433,46155,Mark Andrews,TE,3,train,0,0.583118
2021092602,2501,47791,T.J. Hockenson,TE,3,train,1,0.705383
2021092602,2525,43584,Kalif Raymond,WR,3,train,1,0.902866
2021092602,2570,52443,D'Andre Swift,RB,3,train,1,0.827768
2021092602,2615,52443,D'Andre Swift,RB,3,train,1,0.719333
2021092602,2639,52443,D'Andre Swift,RB,3,train,1,0.869637
2021092602,2699,46992,KhaDarel Hodge,WR,3,train,1,0.808259
2021092602,2805,46155,Mark Andrews,TE,3,train,1,0.618533
2021092602,2918,46155,Mark Andrews,TE,3,train,1,0.791911
2021092602,2942,41230,Sammy Watkins,WR,3,train,0,0.801597
2021092602,2980,41230,Sammy Watkins,WR,3,train,1,0.780059
2021092602,3112,52574,Quintez Cephus,WR,3,train,0,0.20918
2021092602,3192,43584,Kalif Raymond,WR,3,train,1,0.467115
2021092602,3343,52443,D'Andre Swift,RB,3,train,1,0.663186
2021092602,3495,41230,Sammy Watkins,WR,3,train,1,0.824858
2021092602,3580,47808,Marquise Brown,WR,3,train,0,0.499307
2021092602,3606,39907,Darren Fells,TE,3,train,1,0.75152
2021092602,3651,43584,Kalif Raymond,WR,3,train,1,0.452429
2021092602,3945,52500,Devin Duvernay,WR,3,train,0,0.461077
2021092602,4003,41230,Sammy Watkins,WR,3,train,1,0.547776
2021092603,76,45281,Jacob Hollister,TE,3,train,1,0.650099
2021092603,100,38696,Marvin Jones,WR,3,train,0,0.845575
2021092603,223,39973,DeAndre Hopkins,WR,3,train,1,0.846913
2021092603,244,37077,A.J. Green,WR,3,train,0,0.496936
2021092603,339,52733,James Robinson,RB,3,train,1,0.841698
2021092603,389,42398,Maxx Williams,TE,3,train,1,0.835745
2021092603,413,42398,Maxx Williams,TE,3,train,1,0.890527
2021092603,437,46116,Christian Kirk,WR,3,train,1,0.628468
2021092603,580,46130,D.J. Chark,WR,3,train,0,0.218405
2021092603,602,38696,Marvin Jones,WR,3,train,1,0.651324
2021092603,647,38696,Marvin Jones,WR,3,train,1,0.405575
2021092603,719,45281,Jacob Hollister,TE,3,train,0,0.567173
2021092603,781,42398,Maxx Williams,TE,3,train,1,0.680161
2021092603,889,38696,Marvin Jones,WR,3,train,1,0.876161
2021092603,953,52450,Laviska Shenault,WR,3,train,1,0.692963
2021092603,1029,45281,Jacob Hollister,TE,3,train,0,0.301572
2021092603,1143,46203,Chase Edmonds,RB,3,train,1,0.881615
2021092603,1167,37077,A.J. Green,WR,3,train,1,0.682885
2021092603,1191,39973,DeAndre Hopkins,WR,3,train,0,0.343575
2021092603,1396,44917,James Conner,RB,3,train,1,0.866743
2021092603,1600,52450,Laviska Shenault,WR,3,train,1,0.592849
2021092603,1735,52450,Laviska Shenault,WR,3,train,1,0.864254
2021092603,1759,38696,Marvin Jones,WR,3,train,1,0.68479
2021092603,1800,38696,Marvin Jones,WR,3,train,1,0.814903
2021092603,1824,46130,D.J. Chark,WR,3,train,1,0.538692
2021092603,1934,46203,Chase Edmonds,RB,3,train,1,0.923743
2021092603,2046,46116,Christian Kirk,WR,3,train,1,0.851206
2021092603,2147,46116,Christian Kirk,WR,3,train,0,0.36506
2021092603,2221,38696,Marvin Jones,WR,3,train,0,0.664763
2021092603,2283,37077,A.J. Green,WR,3,train,1,0.838608
2021092603,2307,46116,Christian Kirk,WR,3,train,1,0.623963
2021092603,2410,39973,DeAndre Hopkins,WR,3,train,0,0.528691
2021092603,2432,46116,Christian Kirk,WR,3,train,1,0.705005
2021092603,2456,39973,DeAndre Hopkins,WR,3,train,0,0.867696
2021092603,2478,46203,Chase Edmonds,RB,3,train,0,0.686706
2021092603,2506,46203,Chase Edmonds,RB,3,train,1,0.888652
2021092603,2845,46116,Christian Kirk,WR,3,train,1,0.81313
2021092603,3069,38696,Marvin Jones,WR,3,train,1,0.825419
2021092603,3164,37077,A.J. Green,WR,3,train,1,0.752078
2021092603,3209,46203,Chase Edmonds,RB,3,train,1,0.88957
2021092603,3233,37077,A.J. Green,WR,3,train,1,0.178917
2021092603,3327,46203,Chase Edmonds,RB,3,train,1,0.803585
2021092603,3457,38696,Marvin Jones,WR,3,train,1,0.364365
2021092603,3500,52733,James Robinson,RB,3,train,1,0.885872
2021092603,3582,46130,D.J. Chark,WR,3,train,1,0.648427
2021092603,3606,53574,Luke Farrell,TE,3,train,1,0.805683
2021092603,3732,37077,A.J. Green,WR,3,train,1,0.347555
2021092603,3929,52733,James Robinson,RB,3,train,1,0.903867
2021092603,3997,52733,James Robinson,RB,3,train,1,0.862592
2021092603,4045,52733,James Robinson,RB,3,train,1,0.911463
2021092603,4070,46130,D.J. Chark,WR,3,train,0,0.668426
2021092603,4116,42372,Phillip Dorsett,WR,3,train,0,0.650383
2021092603,4138,46130,D.J. Chark,WR,3,train,1,0.448059
2021092603,4162,45281,Jacob Hollister,TE,3,train,1,0.673539
2021092604,100,45573,Austin Ekeler,RB,3,train,1,0.877993
2021092604,210,40011,Travis Kelce,TE,3,train,0,0.403868
2021092604,330,48683,Joe Fortson,TE,3,train,1,0.884578
2021092604,399,45369,Marcus Kemp,WR,3,train,0,0.818862
2021092604,425,52810,Gabe Nabers,FB,3,train,1,0.901076
2021092604,492,45573,Austin Ekeler,RB,3,train,1,0.870262
2021092604,521,40024,Keenan Allen,WR,3,train,0,0.729963
2021092604,614,43454,Tyreek Hill,WR,3,train,0,0.064628
2021092604,673,46526,Darrel Williams,RB,3,train,1,0.503396
2021092604,737,43454,Tyreek Hill,WR,3,train,1,0.6484
2021092604,788,52810,Gabe Nabers,FB,3,train,1,0.857826
2021092604,854,53627,Larry Rountree,RB,3,train,0,0.856621
2021092604,876,44819,Mike Williams,WR,3,train,1,0.760243
2021092604,940,48456,Donald Parham,TE,3,train,1,0.768083
2021092604,985,40024,Keenan Allen,WR,3,train,1,0.793651
2021092604,1125,40011,Travis Kelce,TE,3,train,1,0.655015
2021092604,1236,44819,Mike Williams,WR,3,train,1,0.661228
2021092604,1260,40024,Keenan Allen,WR,3,train,1,0.653908
2021092604,1305,45573,Austin Ekeler,RB,3,train,1,0.89288
2021092604,1460,45573,Austin Ekeler,RB,3,train,1,0.871997
2021092604,1484,45573,Austin Ekeler,RB,3,train,1,0.911971
2021092604,1529,45573,Austin Ekeler,RB,3,train,1,0.868026
2021092604,1553,48556,Jalen Guyton,WR,3,train,0,0.417515
2021092604,1575,40024,Keenan Allen,WR,3,train,1,0.759677
2021092604,1629,46522,Byron Pringle,WR,3,train,1,0.860467
2021092604,1675,40011,Travis Kelce,TE,3,train,1,0.84317
2021092604,1716,40011,Travis Kelce,TE,3,train,1,0.205308
2021092604,1740,47839,Mecole Hardman,WR,3,train,0,0.479863
2021092604,1762,40011,Travis Kelce,TE,3,train,1,0.882967
2021092604,1847,46522,Byron Pringle,WR,3,train,0,0.313597
2021092604,1869,46522,Byron Pringle,WR,3,train,0,0.33254
2021092604,2045,43415,Demarcus Robinson,WR,3,train,1,0.676204
2021092604,2090,46522,Byron Pringle,WR,3,train,0,0.638708
2021092604,2133,43454,Tyreek Hill,WR,3,train,1,0.858165
2021092604,2157,40011,Travis Kelce,TE,3,train,1,0.736222
2021092604,2206,40011,Travis Kelce,TE,3,train,0,0.62808
2021092604,2496,40011,Travis Kelce,TE,3,train,1,0.794563
2021092604,2564,40011,Travis Kelce,TE,3,train,1,0.760957
2021092604,2657,43454,Tyreek Hill,WR,3,train,1,0.75589
2021092604,2702,46526,Darrel Williams,RB,3,train,0,0.511494
2021092604,2857,34540,Jared Cook,TE,3,train,1,0.687127
2021092604,2881,40024,Keenan Allen,WR,3,train,0,0.259744
2021092604,2914,40024,Keenan Allen,WR,3,train,1,0.878099
2021092604,2959,40024,Keenan Allen,WR,3,train,1,0.49628
2021092604,2983,40024,Keenan Allen,WR,3,train,1,0.84972
2021092604,3026,40024,Keenan Allen,WR,3,train,1,0.285013
2021092604,3071,44819,Mike Williams,WR,3,train,1,0.601795
2021092604,3134,53591,Noah Gray,TE,3,train,1,0.899941
2021092604,3206,46526,Darrel Williams,RB,3,train,1,0.898216
2021092604,3344,43454,Tyreek Hill,WR,3,train,1,0.718104
2021092604,3588,40024,Keenan Allen,WR,3,train,0,0.76958
2021092604,3642,40024,Keenan Allen,WR,3,train,0,0.200507
2021092604,3697,52810,Gabe Nabers,FB,3,train,1,0.94834
2021092604,3755,40024,Keenan Allen,WR,3,train,0,0.101471
2021092604,3849,40011,Travis Kelce,TE,3,train,0,0.65203
2021092604,3871,40011,Travis Kelce,TE,3,train,0,0.295027
2021092604,3897,34540,Jared Cook,TE,3,train,0,0.87033
2021092604,3940,40024,Keenan Allen,WR,3,train,1,0.525199
2021092604,3981,34540,Jared Cook,TE,3,train,1,0.853665
2021092604,4022,44819,Mike Williams,WR,3,train,0,0.595605
2021092604,4044,44819,Mike Williams,WR,3,train,0,0.239474
2021092604,4112,48556,Jalen Guyton,WR,3,train,0,0.212833
2021092604,4145,44819,Mike Williams,WR,3,train,1,0.628388
2021092604,4231,43454,Tyreek Hill,WR,3,train,0,0.396477
2021092604,4285,40011,Travis Kelce,TE,3,train,0,0.108478
2021092604,4307,46522,Byron Pringle,WR,3,train,0,0.290141
2021092605,100,37737,Chris Hogan,WR,3,train,0,0.61315
2021092605,180,42363,Nelson Agholor,WR,3,train,0,0.456988
2021092605,202,41359,James White,RB,3,train,0,0.390728
2021092605,366,40092,Kenny Stills,WR,3,train,1,0.697913
2021092605,436,52513,Adam Trautman,TE,3,train,0,0.769131
2021092605,481,44879,Alvin Kamara,RB,3,train,1,0.827882
2021092605,580,45185,Kendrick Bourne,WR,3,train,1,0.562947
2021092605,668,53098,Marquez Callaway,WR,3,train,1,0.625199
2021092605,718,52762,Tony Jones,RB,3,train,1,0.785812
2021092605,771,52762,Tony Jones,RB,3,train,1,0.670692
2021092605,795,40092,Kenny Stills,WR,3,train,0,0.27529
2021092605,940,48097,Jakobi Meyers,WR,3,train,1,0.843452
2021092605,964,48097,Jakobi Meyers,WR,3,train,0,0.269814
2021092605,1026,52942,Juwan Johnson,TE,3,train,0,0.496552
2021092605,1192,44912,Jonnu Smith,TE,3,train,0,0.353667
2021092605,1220,47870,Damien Harris,RB,3,train,1,0.791063
2021092605,1244,43324,Hunter Henry,TE,3,train,1,0.700921
2021092605,1273,44912,Jonnu Smith,TE,3,train,0,0.51499
2021092605,1307,48097,Jakobi Meyers,WR,3,train,0,0.565116
2021092605,1329,43324,Hunter Henry,TE,3,train,1,0.744276
2021092605,1443,44879,Alvin Kamara,RB,3,train,1,0.867666
2021092605,1580,48097,Jakobi Meyers,WR,3,train,1,0.379386
2021092605,1604,48097,Jakobi Meyers,WR,3,train,0,0.31795
2021092605,1626,44912,Jonnu Smith,TE,3,train,0,0.338761
2021092605,1648,43324,Hunter Henry,TE,3,train,0,0.23557
2021092605,1820,53098,Marquez Callaway,WR,3,train,1,0.075581
2021092605,1887,45185,Kendrick Bourne,WR,3,train,1,0.843774
2021092605,1911,42363,Nelson Agholor,WR,3,train,1,0.662354
2021092605,1978,48097,Jakobi Meyers,WR,3,train,1,0.821543
2021092605,2164,44912,Jonnu Smith,TE,3,train,0,0.770942
2021092605,2243,43324,Hunter Henry,TE,3,train,1,0.854486
2021092605,2381,40092,Kenny Stills,WR,3,train,0,0.278582
2021092605,2414,53098,Marquez Callaway,WR,3,train,1,0.819205
2021092605,2526,48097,Jakobi Meyers,WR,3,train,1,0.856058
2021092605,2550,45185,Kendrick Bourne,WR,3,train,1,0.742005
2021092605,2574,48097,Jakobi Meyers,WR,3,train,1,0.746659
2021092605,2619,48097,Jakobi Meyers,WR,3,train,1,0.635921
2021092605,2668,42363,Nelson Agholor,WR,3,train,0,0.427831
2021092605,2690,43324,Hunter Henry,TE,3,train,1,0.635614
2021092605,2735,53000,J.J. Taylor,RB,3,train,1,0.721054
2021092605,2759,48097,Jakobi Meyers,WR,3,train,1,0.763711
2021092605,2783,42363,Nelson Agholor,WR,3,train,1,0.856738
2021092605,2849,44912,Jonnu Smith,TE,3,train,1,0.917803
2021092605,2957,44879,Alvin Kamara,RB,3,train,0,0.323581
2021092605,3023,42363,Nelson Agholor,WR,3,train,0,0.264917
2021092605,3045,45185,Kendrick Bourne,WR,3,train,1,0.677678
2021092605,3069,48097,Jakobi Meyers,WR,3,train,1,0.759177
2021092605,3241,45185,Kendrick Bourne,WR,3,train,0,0.144508
2021092605,3263,42363,Nelson Agholor,WR,3,train,0,0.197619
2021092605,3317,45185,Kendrick Bourne,WR,3,train,1,0.484061
2021092605,3373,53098,Marquez Callaway,WR,3,train,0,0.208855
2021092605,3769,43324,Hunter Henry,TE,3,train,1,0.416184
2021092605,3815,45185,Kendrick Bourne,WR,3,train,1,0.651004
2021092605,3856,45185,Kendrick Bourne,WR,3,train,0,0.310367
2021092605,3878,39212,Brandon Bolden,RB,3,train,1,0.917587
2021092605,3907,39212,Brandon Bolden,RB,3,train,1,0.730533
2021092605,3974,48097,Jakobi Meyers,WR,3,train,0,0.497592
2021092605,4020,48097,Jakobi Meyers,WR,3,train,1,0.892618
2021092605,4061,39212,Brandon Bolden,RB,3,train,1,0.712468
2021092605,4090,42363,Nelson Agholor,WR,3,train,0,0.246644
2021092605,4112,39212,Brandon Bolden,RB,3,train,0,0.292422
2021092605,4140,48097,Jakobi Meyers,WR,3,train,0,0.376597
2021092605,4162,42363,Nelson Agholor,WR,3,train,0,0.694538
2021092606,76,42469,Mike Davis,RB,3,train,1,0.791453
2021092606,105,48374,Olamide Zaccheaus,WR,3,train,0,0.586573
2021092606,159,39975,Cordarrelle Patterson,RB,3,train,1,0.81147
2021092606,232,46071,Saquon Barkley,RB,3,train,1,0.777898
2021092606,319,47954,Darius Slayton,WR,3,train,1,0.738656
2021092606,343,45255,C.J. Board,WR,3,train,1,0.15983
2021092606,551,46095,Calvin Ridley,WR,3,train,1,0.738125
2021092606,617,46095,Calvin Ridley,WR,3,train,0,0.431367
2021092606,677,44908,Kenny Golladay,WR,3,train,1,0.574224
2021092606,727,44835,Evan Engram,TE,3,train,1,0.836594
2021092606,751,43329,Sterling Shepard,WR,3,train,0,0.629566
2021092606,814,48374,Olamide Zaccheaus,WR,3,train,0,0.876449
2021092606,836,37234,Lee Smith,TE,3,train,1,0.580198
2021092606,860,46095,Calvin Ridley,WR,3,train,1,0.831731
2021092606,903,44835,Evan Engram,TE,3,train,0,0.498683
2021092606,1017,44908,Kenny Golladay,WR,3,train,1,0.659868
2021092606,1041,43329,Sterling Shepard,WR,3,train,1,0.722964
2021092606,1086,44908,Kenny Golladay,WR,3,train,0,0.569801
2021092606,1108,53449,Kadarius Toney,WR,3,train,1,0.749625
2021092606,1271,52573,Collin Johnson,WR,3,train,1,0.683976
2021092606,1339,39975,Cordarrelle Patterson,RB,3,train,1,0.815801
2021092606,1405,46095,Calvin Ridley,WR,3,train,0,0.596817
2021092606,1427,46095,Calvin Ridley,WR,3,train,1,0.864655
2021092606,1488,46095,Calvin Ridley,WR,3,train,1,0.8561
2021092606,1512,46095,Calvin Ridley,WR,3,train,1,0.816285
2021092606,1536,48374,Olamide Zaccheaus,WR,3,train,0,0.723256
2021092606,1653,45255,C.J. Board,WR,3,train,0,0.614116
2021092606,1696,45255,C.J. Board,WR,3,train,1,0.670468
2021092606,1736,53449,Kadarius Toney,WR,3,train,0,0.554722
2021092606,1838,42469,Mike Davis,RB,3,train,1,0.859432
2021092606,1867,48374,Olamide Zaccheaus,WR,3,train,1,0.82863
2021092606,1902,46095,Calvin Ridley,WR,3,train,1,0.872849
2021092606,1931,46095,Calvin Ridley,WR,3,train,0,0.12214
2021092606,1987,48374,Olamide Zaccheaus,WR,3,train,1,0.845047
2021092606,2043,46071,Saquon Barkley,RB,3,train,1,0.909966
2021092606,2067,44835,Evan Engram,TE,3,train,1,0.888955
2021092606,2115,39975,Cordarrelle Patterson,RB,3,train,0,0.67081
2021092606,2137,42469,Mike Davis,RB,3,train,1,0.44448
2021092606,2314,52573,Collin Johnson,WR,3,train,1,0.689624
2021092606,2338,44908,Kenny Golladay,WR,3,train,1,0.270055
2021092606,2388,52573,Collin Johnson,WR,3,train,0,0.696155
2021092606,2488,46094,Hayden Hurst,TE,3,train,0,0.642929
2021092606,2522,39975,Cordarrelle Patterson,RB,3,train,1,0.895158
2021092606,2622,52573,Collin Johnson,WR,3,train,1,0.758555
2021092606,2688,46071,Saquon Barkley,RB,3,train,0,0.834431
2021092606,2734,52573,Collin Johnson,WR,3,train,0,0.389931
2021092606,2875,37234,Lee Smith,TE,3,train,1,0.901934
2021092606,2899,48374,Olamide Zaccheaus,WR,3,train,0,0.237715
2021092606,3036,52573,Collin Johnson,WR,3,train,1,0.845052
2021092606,3121,52573,Collin Johnson,WR,3,train,1,0.831174
2021092606,3162,44908,Kenny Golladay,WR,3,train,1,0.72268
2021092606,3298,39975,Cordarrelle Patterson,RB,3,train,1,0.886383
2021092606,3339,53433,Kyle Pitts,TE,3,train,1,0.690313
2021092606,3384,39975,Cordarrelle Patterson,RB,3,train,1,0.850236
2021092606,3439,42469,Mike Davis,RB,3,train,1,0.6396
2021092606,3468,43429,Tajae Sharpe,WR,3,train,1,0.654636
2021092606,3511,48374,Olamide Zaccheaus,WR,3,train,1,0.732617
2021092606,3564,46095,Calvin Ridley,WR,3,train,1,0.692401
2021092606,3588,53433,Kyle Pitts,TE,3,train,0,0.480268
2021092606,3610,53433,Kyle Pitts,TE,3,train,0,0.237405
2021092606,3664,37234,Lee Smith,TE,3,train,1,0.882917
2021092606,3720,46071,Saquon Barkley,RB,3,train,1,0.834746
2021092606,3770,47959,Kaden Smith,TE,3,train,1,0.911476
2021092606,3815,44908,Kenny Golladay,WR,3,train,0,0.527317
2021092606,3848,44835,Evan Engram,TE,3,train,0,0.853766
2021092606,4022,53433,Kyle Pitts,TE,3,train,1,0.67377
2021092607,132,46129,James Washington,WR,3,train,0,0.394306
2021092607,204,43344,Tyler Boyd,WR,3,train,0,0.556756
2021092607,390,53453,Najee Harris,RB,3,train,1,0.828231
2021092607,533,43344,Tyler Boyd,WR,3,train,0,0.286175
2021092607,580,41236,Eric Ebron,TE,3,train,0,0.775784
2021092607,629,52457,Chase Claypool,WR,3,train,0,0.101176
2021092607,697,53434,Ja'Marr Chase,WR,3,train,1,0.688445
2021092607,765,43344,Tyler Boyd,WR,3,train,1,0.746627
2021092607,789,43344,Tyler Boyd,WR,3,train,1,0.857583
2021092607,891,46129,James Washington,WR,3,train,0,0.301929
2021092607,962,52457,Chase Claypool,WR,3,train,1,0.248107
2021092607,1099,52457,Chase Claypool,WR,3,train,1,0.769902
2021092607,1123,52457,Chase Claypool,WR,3,train,0,0.856685
2021092607,1288,53453,Najee Harris,RB,3,train,1,0.883332
2021092607,1312,53484,Pat Freiermuth,TE,3,train,1,0.831083
2021092607,1355,44874,JuJu Smith-Schuster,WR,3,train,1,0.876947
2021092607,1477,44874,JuJu Smith-Schuster,WR,3,train,1,0.393221
2021092607,1501,53453,Najee Harris,RB,3,train,1,0.798712
2021092607,1587,53453,Najee Harris,RB,3,train,1,0.793814
2021092607,1684,43344,Tyler Boyd,WR,3,train,1,0.887401
2021092607,1708,43344,Tyler Boyd,WR,3,train,0,0.556122
2021092607,1752,43495,Mike Thomas,WR,3,train,1,0.6648
2021092607,1793,53434,Ja'Marr Chase,WR,3,train,1,0.311086
2021092607,1849,52457,Chase Claypool,WR,3,train,0,0.750863
2021092607,1871,53453,Najee Harris,RB,3,train,0,0.305528
2021092607,1954,46322,Auden Tate,WR,3,train,1,0.494349
2021092607,2072,46322,Auden Tate,WR,3,train,1,0.777127
2021092607,2151,44927,Samaje Perine,RB,3,train,1,0.866476
2021092607,2218,53631,Chris Evans,RB,3,train,1,0.867335
2021092607,2301,43344,Tyler Boyd,WR,3,train,1,0.845466
2021092607,2325,42500,C.J. Uzomah,TE,3,train,0,0.860595
2021092607,2381,53453,Najee Harris,RB,3,train,1,0.907312
2021092607,2427,44874,JuJu Smith-Schuster,WR,3,train,0,0.674609
2021092607,2506,53434,Ja'Marr Chase,WR,3,train,1,0.468529
2021092607,2569,53484,Pat Freiermuth,TE,3,train,1,0.765504
2021092607,2614,53453,Najee Harris,RB,3,train,1,0.748683
2021092607,2683,53484,Pat Freiermuth,TE,3,train,0,0.227582
2021092607,2705,52457,Chase Claypool,WR,3,train,0,0.560136
2021092607,2797,44860,Joe Mixon,RB,3,train,1,0.837175
2021092607,2878,46256,Ray-Ray McCloud,WR,3,train,0,0.86001
2021092607,2923,52457,Chase Claypool,WR,3,train,1,0.745667
2021092607,3011,46256,Ray-Ray McCloud,WR,3,train,1,0.33457
2021092607,3040,53453,Najee Harris,RB,3,train,1,0.843933
2021092607,3070,52793,Cody White,WR,3,train,1,0.817059
2021092607,3094,52457,Chase Claypool,WR,3,train,1,0.844204
2021092607,3118,46256,Ray-Ray McCloud,WR,3,train,1,0.828796
2021092607,3142,46256,Ray-Ray McCloud,WR,3,train,1,0.842286
2021092607,3182,52457,Chase Claypool,WR,3,train,0,0.237142
2021092607,3215,53484,Pat Freiermuth,TE,3,train,0,0.529143
2021092607,3237,46129,James Washington,WR,3,train,1,0.682372
2021092607,3261,53453,Najee Harris,RB,3,train,1,0.776337
2021092607,3362,53453,Najee Harris,RB,3,train,1,0.915597
2021092607,3386,53453,Najee Harris,RB,3,train,1,0.897783
2021092607,3457,53434,Ja'Marr Chase,WR,3,train,0,0.410135
2021092607,3523,53434,Ja'Marr Chase,WR,3,train,1,0.829873
2021092607,3566,41236,Eric Ebron,TE,3,train,0,0.717316
2021092607,3588,46129,James Washington,WR,3,train,0,0.27163
2021092607,3610,52793,Cody White,WR,3,train,1,0.700707
2021092607,3634,52457,Chase Claypool,WR,3,train,1,0.440876
2021092607,3663,53453,Najee Harris,RB,3,train,1,0.901875
2021092607,3687,52457,Chase Claypool,WR,3,train,1,0.442568
2021092607,3711,53453,Najee Harris,RB,3,train,1,0.895476
2021092607,3738,53453,Najee Harris,RB,3,train,1,0.837905
2021092607,3804,46129,James Washington,WR,3,train,1,0.760606
2021092607,3828,41236,Eric Ebron,TE,3,train,0,0.220611
2021092607,3867,53453,Najee Harris,RB,3,train,1,0.893712
2021092607,4054,53453,Najee Harris,RB,3,train,1,0.863428
2021092607,4078,53453,Najee Harris,RB,3,train,0,0.871687
2021092607,4100,52457,Chase Claypool,WR,3,train,0,0.892241
2021092607,4122,53453,Najee Harris,RB,3,train,0,0.892431
2021092608,178,47842,Parris Campbell,WR,3,train,0,0.859641
2021092608,288,43334,Derrick Henry,RB,3,train,1,0.860459
2021092608,333,47834,A.J. Brown,WR,3,train,0,0.291654
2021092608,355,37079,Julio Jones,WR,3,train,1,0.634125
2021092608,448,43556,Chester Rogers,WR,3,train,1,0.725668
2021092608,565,40641,Jack Doyle,TE,3,train,1,0.768934
2021092608,589,52442,Michael Pittman,WR,3,train,0,0.583294
2021092608,657,53074,Nick Westbrook-Ikhine,WR,3,train,1,0.861797
2021092608,702,42589,Geoff Swaim,TE,3,train,0,0.811533
2021092608,724,42589,Geoff Swaim,TE,3,train,1,0.875154
2021092608,748,43556,Chester Rogers,WR,3,train,0,0.517851
2021092608,823,53065,Tommy Hudson,TE,3,train,0,0.823434
2021092608,929,52442,Michael Pittman,WR,3,train,1,0.841841
2021092608,1144,37079,Julio Jones,WR,3,train,1,0.721247
2021092608,1236,37079,Julio Jones,WR,3,train,1,0.865101
2021092608,1281,53074,Nick Westbrook-Ikhine,WR,3,train,1,0.719852
2021092608,1365,47842,Parris Campbell,WR,3,train,1,0.883914
2021092608,1572,37079,Julio Jones,WR,3,train,0,0.436988
2021092608,1632,43556,Chester Rogers,WR,3,train,0,0.824329
2021092608,1727,52442,Michael Pittman,WR,3,train,1,0.484493
2021092608,1857,45102,Zach Pascal,WR,3,train,1,0.756732
2021092608,1881,47842,Parris Campbell,WR,3,train,0,0.436592
2021092608,1998,52442,Michael Pittman,WR,3,train,1,0.664601
2021092608,2043,52442,Michael Pittman,WR,3,train,0,0.88175
2021092608,2135,47842,Parris Campbell,WR,3,train,1,0.619183
2021092608,2180,52442,Michael Pittman,WR,3,train,0,0.368173
2021092608,2202,45102,Zach Pascal,WR,3,train,0,0.555211
2021092608,2224,45102,Zach Pascal,WR,3,train,0,0.731465
2021092608,2332,44975,Jeremy McNichols,RB,3,train,0,0.3467
2021092608,2432,46836,Cameron Batson,WR,3,train,1,0.726469
2021092608,2456,53074,Nick Westbrook-Ikhine,WR,3,train,1,0.83915
2021092608,2538,47842,Parris Campbell,WR,3,train,0,0.614155
2021092608,2790,42589,Geoff Swaim,TE,3,train,1,0.506725
2021092608,2814,44975,Jeremy McNichols,RB,3,train,1,0.873207
2021092608,2868,45102,Zach Pascal,WR,3,train,1,0.692556
2021092608,2892,52442,Michael Pittman,WR,3,train,0,0.389956
2021092608,2914,47842,Parris Campbell,WR,3,train,0,0.46481
2021092608,2936,46173,Nyheim Hines,RB,3,train,1,0.879967
2021092608,2977,45102,Zach Pascal,WR,3,train,0,0.203122
2021092608,3024,45102,Zach Pascal,WR,3,train,0,0.269462
2021092608,3150,43334,Derrick Henry,RB,3,train,1,0.83557
2021092608,3174,53074,Nick Westbrook-Ikhine,WR,3,train,1,0.728787
2021092608,3240,42486,MyCole Pruitt,TE,3,train,1,0.827799
2021092608,3361,53634,Racey McMath,WR,3,train,0,0.384547
2021092608,3482,45102,Zach Pascal,WR,3,train,0,0.710581
2021092608,3534,44792,Mo Alie-Cox,TE,3,train,1,0.863109
2021092608,3563,46173,Nyheim Hines,RB,3,train,1,0.887914
2021092608,3604,52442,Michael Pittman,WR,3,train,1,0.746827
2021092608,3628,46173,Nyheim Hines,RB,3,train,1,0.393949
2021092608,3652,46173,Nyheim Hines,RB,3,train,0,0.882995
2021092608,3691,52442,Michael Pittman,WR,3,train,0,0.201226
2021092609,54,45267,Tim Patrick,WR,3,train,1,0.849944
2021092609,107,52454,K.J. Hamler,WR,3,train,0,0.612453
2021092609,150,42358,Melvin Gordon,RB,3,train,0,0.360982
2021092609,199,44817,Corey Davis,WR,3,train,1,0.339486
2021092609,265,53463,Elijah Moore,WR,3,train,0,0.368503
2021092609,327,46109,Courtland Sutton,WR,3,train,1,0.693824
2021092609,409,46109,Courtland Sutton,WR,3,train,1,0.835256
2021092609,452,52454,K.J. Hamler,WR,3,train,1,0.520232
2021092609,497,47803,Noah Fant,TE,3,train,1,0.740188
2021092609,653,44817,Corey Davis,WR,3,train,0,0.127044
2021092609,712,53464,Javonte Williams,RB,3,train,1,0.870448
2021092609,779,52526,Albert Okwuegbunam,TE,3,train,1,0.823924
2021092609,833,47803,Noah Fant,TE,3,train,0,0.367023
2021092609,910,42428,Tyler Kroft,TE,3,train,1,0.886648
2021092609,934,42428,Tyler Kroft,TE,3,train,1,0.438103
2021092609,958,44817,Corey Davis,WR,3,train,1,0.780978
2021092609,1003,44817,Corey Davis,WR,3,train,1,0.517199
2021092609,1051,53536,Michael Carter,RB,3,train,0,0.616026
2021092609,1073,47969,Ty Johnson,RB,3,train,1,0.839023
2021092609,1142,44817,Corey Davis,WR,3,train,0,0.553383
2021092609,1277,47803,Noah Fant,TE,3,train,1,0.913366
2021092609,1413,52454,K.J. Hamler,WR,3,train,0,0.700162
2021092609,1519,45267,Tim Patrick,WR,3,train,1,0.328762
2021092609,1543,46109,Courtland Sutton,WR,3,train,1,0.774313
2021092609,1649,46109,Courtland Sutton,WR,3,train,0,0.034329
2021092609,1770,53463,Elijah Moore,WR,3,train,1,0.704919
2021092609,1835,47969,Ty Johnson,RB,3,train,0,0.78699
2021092609,1912,44817,Corey Davis,WR,3,train,0,0.754521
2021092609,1988,53463,Elijah Moore,WR,3,train,0,0.547553
2021092609,2122,42358,Melvin Gordon,RB,3,train,1,0.849106
2021092609,2328,40149,Ryan Griffin,TE,3,train,1,0.897727
2021092609,2352,53463,Elijah Moore,WR,3,train,0,0.408082
2021092609,2452,53464,Javonte Williams,RB,3,train,1,0.89455
2021092609,2549,46279,Braxton Berrios,WR,3,train,1,0.242966
2021092609,2620,45555,Keelan Cole,WR,3,train,1,0.725285
2021092609,2644,44817,Corey Davis,WR,3,train,1,0.760093
2021092609,2714,47969,Ty Johnson,RB,3,train,0,0.736254
2021092609,2790,44987,Eric Saubert,TE,3,train,1,0.328602
2021092609,2835,53464,Javonte Williams,RB,3,train,1,0.819926
2021092609,2875,45267,Tim Patrick,WR,3,train,1,0.779759
2021092609,2920,46109,Courtland Sutton,WR,3,train,1,0.831225
2021092609,3044,53536,Michael Carter,RB,3,train,1,0.824313
2021092609,3068,45555,Keelan Cole,WR,3,train,1,0.645023
2021092609,3097,47969,Ty Johnson,RB,3,train,0,0.786895
2021092609,3119,44817,Corey Davis,WR,3,train,0,0.648651
2021092609,3187,45267,Tim Patrick,WR,3,train,1,0.108194
2021092609,3258,46279,Braxton Berrios,WR,3,train,1,0.841459
2021092609,3282,47969,Ty Johnson,RB,3,train,0,0.875996
2021092609,3575,44817,Corey Davis,WR,3,train,1,0.688956
2021092609,3604,44817,Corey Davis,WR,3,train,0,0.58336
2021092609,3626,48657,Jeff Smith,WR,3,train,1,0.639795
2021092609,3655,46279,Braxton Berrios,WR,3,train,0,0.570684
2021092610,75,52420,Henry Ruggs,WR,3,train,0,0.645684
2021092610,162,42837,Malcolm Brown,RB,3,train,0,0.832535
2021092610,184,42357,DeVante Parker,WR,3,train,1,0.47833
2021092610,229,46192,Durham Smythe,TE,3,train,0,0.286121
2021092610,318,47932,Hunter Renfrow,WR,3,train,1,0.635295
2021092610,342,42547,Darren Waller,TE,3,train,1,0.695497
2021092610,387,52489,Bryan Edwards,WR,3,train,1,0.688595
2021092610,631,53435,Jaylen Waddle,WR,3,train,1,0.615357
2021092610,714,43362,Kenyan Drake,RB,3,train,0,0.81979
2021092610,736,43362,Kenyan Drake,RB,3,train,1,0.89793
2021092610,760,52420,Henry Ruggs,WR,3,train,0,0.274827
2021092610,782,47932,Hunter Renfrow,WR,3,train,0,0.226587
2021092610,804,47932,Hunter Renfrow,WR,3,train,1,0.255939
2021092610,881,43362,Kenyan Drake,RB,3,train,0,0.393922
2021092610,903,47920,Foster Moreau,TE,3,train,1,0.915924
2021092610,957,53435,Jaylen Waddle,WR,3,train,1,0.893676
2021092610,1045,43362,Kenyan Drake,RB,3,train,0,0.717766
2021092610,1078,52420,Henry Ruggs,WR,3,train,1,0.702017
2021092610,1124,42547,Darren Waller,TE,3,train,1,0.173203
2021092610,1169,43861,Peyton Barber,RB,3,train,0,0.500013
2021092610,1247,42357,DeVante Parker,WR,3,train,1,0.484778
2021092610,1292,43310,Will Fuller,WR,3,train,1,0.752219
2021092610,1465,43861,Peyton Barber,RB,3,train,1,0.88495
2021092610,1521,52420,Henry Ruggs,WR,3,train,1,0.407629
2021092610,1545,43861,Peyton Barber,RB,3,train,0,0.492509
2021092610,1584,42547,Darren Waller,TE,3,train,1,0.657305
2021092610,1650,52420,Henry Ruggs,WR,3,train,1,0.819554
2021092610,1723,48233,Alec Ingold,FB,3,train,1,0.842139
2021092610,1799,43310,Will Fuller,WR,3,train,0,0.300397
2021092610,1927,43310,Will Fuller,WR,3,train,1,0.848842
2021092610,1968,46111,Mike Gesicki,TE,3,train,1,0.617202
2021092610,1992,53435,Jaylen Waddle,WR,3,train,1,0.886733
2021092610,2033,42837,Malcolm Brown,RB,3,train,0,0.420419
2021092610,2064,53435,Jaylen Waddle,WR,3,train,1,0.83656
2021092610,2244,53435,Jaylen Waddle,WR,3,train,1,0.890579
2021092610,2325,52420,Henry Ruggs,WR,3,train,0,0.468464
2021092610,2371,44849,Zay Jones,WR,3,train,1,0.695887
2021092610,2472,47920,Foster Moreau,TE,3,train,1,0.690376
2021092610,2526,47932,Hunter Renfrow,WR,3,train,1,0.905632
2021092610,2550,47932,Hunter Renfrow,WR,3,train,1,0.771996
2021092610,2607,42357,DeVante Parker,WR,3,train,0,0.132623
2021092610,2653,53435,Jaylen Waddle,WR,3,train,1,0.73771
2021092610,2688,48017,Myles Gaskin,RB,3,train,0,0.23704
2021092610,2731,46111,Mike Gesicki,TE,3,train,0,0.139658
2021092610,2825,43861,Peyton Barber,RB,3,train,1,0.865181
2021092610,2881,52489,Bryan Edwards,WR,3,train,0,0.559566
2021092610,2903,43362,Kenyan Drake,RB,3,train,1,0.900263
2021092610,2927,42547,Darren Waller,TE,3,train,1,0.540073
2021092610,3013,43362,Kenyan Drake,RB,3,train,1,0.823608
2021092610,3128,43310,Will Fuller,WR,3,train,0,0.576159
2021092610,3171,46111,Mike Gesicki,TE,3,train,1,0.82576
2021092610,3195,53435,Jaylen Waddle,WR,3,train,1,0.697297
2021092610,3219,48017,Myles Gaskin,RB,3,train,1,0.81978
2021092610,3306,43310,Will Fuller,WR,3,train,1,0.872383
2021092610,3410,43861,Peyton Barber,RB,3,train,1,0.853254
2021092610,3434,52489,Bryan Edwards,WR,3,train,0,0.503554
2021092610,3481,48017,Myles Gaskin,RB,3,train,1,0.834468
2021092610,3505,53435,Jaylen Waddle,WR,3,train,0,0.608372
2021092610,3549,42357,DeVante Parker,WR,3,train,0,0.256552
2021092610,3582,46111,Mike Gesicki,TE,3,train,1,0.87161
2021092610,3806,53435,Jaylen Waddle,WR,3,train,1,0.849315
2021092610,3830,46111,Mike Gesicki,TE,3,train,1,0.79912
2021092610,3854,46111,Mike Gesicki,TE,3,train,1,0.832776
2021092610,3900,48017,Myles Gaskin,RB,3,train,0,0.830612
2021092610,3949,42357,DeVante Parker,WR,3,train,1,0.204769
2021092610,3990,53435,Jaylen Waddle,WR,3,train,1,0.889846
2021092610,4014,46111,Mike Gesicki,TE,3,train,1,0.616978
2021092610,4038,46111,Mike Gesicki,TE,3,train,1,0.814977
2021092610,4062,46111,Mike Gesicki,TE,3,train,0,0.58634
2021092610,4358,52420,Henry Ruggs,WR,3,train,1,0.790703
2021092610,4403,52489,Bryan Edwards,WR,3,train,1,0.454213
2021092610,4448,42547,Darren Waller,TE,3,train,0,0.618695
2021092610,4526,43310,Will Fuller,WR,3,train,0,0.118083
2021092610,4548,44857,Adam Shaheen,TE,3,train,1,0.266679
2021092610,4583,42357,DeVante Parker,WR,3,train,0,0.503405
2021092610,4631,42357,DeVante Parker,WR,3,train,0,0.375218
2021092610,4670,46111,Mike Gesicki,TE,3,train,1,0.422481
2021092610,4694,46111,Mike Gesicki,TE,3,train,0,0.88269
2021092610,4767,43310,Will Fuller,WR,3,train,0,0.452063
2021092610,4793,42357,DeVante Parker,WR,3,train,1,0.642789
2021092610,4883,42547,Darren Waller,TE,3,train,0,0.348298
2021092610,4928,52489,Bryan Edwards,WR,3,train,1,0.399041
2021092611,75,42033,Cameron Brate,TE,3,train,1,0.760687
2021092611,124,52569,Tyler Johnson,WR,3,train,0,0.674921
2021092611,171,44881,Cooper Kupp,WR,3,train,0,0.651949
2021092611,214,52465,Van Jefferson,WR,3,train,0,0.635021
2021092611,275,42033,Cameron Brate,TE,3,train,1,0.719615
2021092611,299,39985,Giovani Bernard,RB,3,train,1,0.838048
2021092611,397,44881,Cooper Kupp,WR,3,train,0,0.705406
2021092611,453,33130,DeSean Jackson,WR,3,train,0,0.154665
2021092611,505,44816,Leonard Fournette,RB,3,train,1,0.899444
2021092611,553,44896,Chris Godwin,WR,3,train,1,0.827058
2021092611,582,44816,Leonard Fournette,RB,3,train,1,0.800746
2021092611,627,35481,Rob Gronkowski,TE,3,train,0,0.272642
2021092611,748,44881,Cooper Kupp,WR,3,train,1,0.614133
2021092611,780,52465,Van Jefferson,WR,3,train,1,0.73136
2021092611,891,44881,Cooper Kupp,WR,3,train,0,0.246236
2021092611,996,39989,Robert Woods,WR,3,train,1,0.854328
2021092611,1020,43399,Tyler Higbee,TE,3,train,1,0.640226
2021092611,1157,41233,Mike Evans,WR,3,train,0,0.235868
2021092611,1179,39985,Giovani Bernard,RB,3,train,1,0.91351
2021092611,1255,44896,Chris Godwin,WR,3,train,1,0.410206
2021092611,1279,46107,Ronald Jones,RB,3,train,1,0.634622
2021092611,1338,41233,Mike Evans,WR,3,train,1,0.598971
2021092611,1438,35481,Rob Gronkowski,TE,3,train,1,0.849862
2021092611,1596,44881,Cooper Kupp,WR,3,train,1,0.867375
2021092611,1641,46100,Sony Michel,RB,3,train,1,0.871256
2021092611,1736,43399,Tyler Higbee,TE,3,train,1,0.545935
2021092611,1760,33130,DeSean Jackson,WR,3,train,0,0.366234
2021092611,1782,52465,Van Jefferson,WR,3,train,1,0.771508
2021092611,1806,44881,Cooper Kupp,WR,3,train,0,0.237806
2021092611,1828,44881,Cooper Kupp,WR,3,train,1,0.667175
2021092611,1857,44881,Cooper Kupp,WR,3,train,1,0.73345
2021092611,1913,44896,Chris Godwin,WR,3,train,1,0.553161
2021092611,1948,41233,Mike Evans,WR,3,train,0,0.379161
2021092611,2011,41233,Mike Evans,WR,3,train,1,0.903871
2021092611,2131,47991,Scott Miller,WR,3,train,1,0.923022
2021092611,2258,39989,Robert Woods,WR,3,train,0,0.243203
2021092611,2280,33130,DeSean Jackson,WR,3,train,1,0.516951
2021092611,2359,41233,Mike Evans,WR,3,train,1,0.495416
2021092611,2404,35481,Rob Gronkowski,TE,3,train,1,0.726394
2021092611,2450,41233,Mike Evans,WR,3,train,1,0.779778
2021092611,2479,35481,Rob Gronkowski,TE,3,train,1,0.763952
2021092611,2506,44816,Leonard Fournette,RB,3,train,1,0.800478
2021092611,2641,46100,Sony Michel,RB,3,train,0,0.672427
2021092611,2663,39989,Robert Woods,WR,3,train,1,0.647239
2021092611,2687,39989,Robert Woods,WR,3,train,0,0.546818
2021092611,2709,33130,DeSean Jackson,WR,3,train,1,0.717882
2021092611,2733,33130,DeSean Jackson,WR,3,train,1,0.796184
2021092611,2762,44881,Cooper Kupp,WR,3,train,1,0.682708
2021092611,2818,44831,O.J. Howard,TE,3,train,1,0.820459
2021092611,2968,52465,Van Jefferson,WR,3,train,0,0.181448
2021092611,3048,52569,Tyler Johnson,WR,3,train,1,0.785063
2021092611,3072,52569,Tyler Johnson,WR,3,train,0,0.33275
2021092611,3094,41233,Mike Evans,WR,3,train,1,0.745467
2021092611,3118,52569,Tyler Johnson,WR,3,train,1,0.577213
2021092611,3147,52569,Tyler Johnson,WR,3,train,0,0.222074
2021092611,3169,35481,Rob Gronkowski,TE,3,train,0,0.598584
2021092611,3191,35481,Rob Gronkowski,TE,3,train,0,0.33339
2021092611,3319,44881,Cooper Kupp,WR,3,train,1,0.707019
2021092611,3348,44881,Cooper Kupp,WR,3,train,1,0.903916
2021092611,3530,44881,Cooper Kupp,WR,3,train,1,0.821127
2021092611,3627,41233,Mike Evans,WR,3,train,1,0.632473
2021092611,3656,35481,Rob Gronkowski,TE,3,train,0,0.587958
2021092611,3678,47991,Scott Miller,WR,3,train,0,0.722605
2021092611,3728,35481,Rob Gronkowski,TE,3,train,1,0.870249
2021092611,3757,39985,Giovani Bernard,RB,3,train,0,0.843734
2021092611,3908,39985,Giovani Bernard,RB,3,train,1,0.837076
2021092611,3932,44896,Chris Godwin,WR,3,train,1,0.728329
2021092611,3956,39985,Giovani Bernard,RB,3,train,1,0.820107
2021092611,3985,41233,Mike Evans,WR,3,train,1,0.477316
2021092611,4009,42033,Cameron Brate,TE,3,train,1,0.797147
2021092611,4033,44896,Chris Godwin,WR,3,train,1,0.648055
2021092611,4057,42033,Cameron Brate,TE,3,train,0,0.167017
2021092611,4225,41233,Mike Evans,WR,3,train,1,0.852894
2021092611,4254,39985,Giovani Bernard,RB,3,train,1,0.775132
2021092612,54,47847,DK Metcalf,WR,3,train,1,0.804606
2021092612,141,45062,Chris Carson,RB,3,train,1,0.874226
2021092612,186,47847,DK Metcalf,WR,3,train,1,0.648284
2021092612,232,47847,DK Metcalf,WR,3,train,1,0.850391
2021092612,356,46226,Tyler Conklin,TE,3,train,1,0.776335
2021092612,404,52430,Justin Jefferson,WR,3,train,1,0.800924
2021092612,449,46226,Tyler Conklin,TE,3,train,1,0.605558
2021092612,547,52622,Freddie Swain,WR,3,train,1,0.308845
2021092612,571,47847,DK Metcalf,WR,3,train,1,0.69746
2021092612,825,46226,Tyler Conklin,TE,3,train,0,0.304254
2021092612,847,40488,Adam Thielen,WR,3,train,0,0.130577
2021092612,909,47847,DK Metcalf,WR,3,train,1,0.538335
2021092612,1056,47885,Alexander Mattison,RB,3,train,1,0.878386
2021092612,1197,52430,Justin Jefferson,WR,3,train,1,0.804111
2021092612,1221,46226,Tyler Conklin,TE,3,train,1,0.870565
2021092612,1299,40488,Adam Thielen,WR,3,train,1,0.559177
2021092612,1394,46189,Will Dissly,TE,3,train,1,0.778535
2021092612,1448,47847,DK Metcalf,WR,3,train,0,0.227689
2021092612,1470,42412,Tyler Lockett,WR,3,train,1,0.761356
2021092612,1655,47885,Alexander Mattison,RB,3,train,1,0.844727
2021092612,1717,40488,Adam Thielen,WR,3,train,1,0.628414
2021092612,1741,52430,Justin Jefferson,WR,3,train,0,0.704498
2021092612,1789,52430,Justin Jefferson,WR,3,train,1,0.813698
2021092612,1830,46226,Tyler Conklin,TE,3,train,1,0.808114
2021092612,1871,52430,Justin Jefferson,WR,3,train,1,0.642429
2021092612,1927,47987,Travis Homer,RB,3,train,1,0.863781
2021092612,1968,44856,Gerald Everett,TE,3,train,1,0.881452
2021092612,1997,47987,Travis Homer,RB,3,train,1,0.876253
2021092612,2097,40488,Adam Thielen,WR,3,train,1,0.854326
2021092612,2121,52430,Justin Jefferson,WR,3,train,1,0.575545
2021092612,2211,40488,Adam Thielen,WR,3,train,0,0.46555
2021092612,2254,52430,Justin Jefferson,WR,3,train,1,0.681767
2021092612,2304,40488,Adam Thielen,WR,3,train,1,0.812777
2021092612,2349,52430,Justin Jefferson,WR,3,train,0,0.89358
2021092612,2617,40488,Adam Thielen,WR,3,train,1,0.655312
2021092612,2662,40488,Adam Thielen,WR,3,train,0,0.407221
2021092612,2684,52584,K.J. Osborn,WR,3,train,1,0.757728
2021092612,2729,52430,Justin Jefferson,WR,3,train,1,0.753047
2021092612,2772,46226,Tyler Conklin,TE,3,train,1,0.699673
2021092612,2827,47885,Alexander Mattison,RB,3,train,0,0.497547
2021092612,2904,44856,Gerald Everett,TE,3,train,1,0.832006
2021092612,2928,42412,Tyler Lockett,WR,3,train,1,0.808158
2021092612,3044,52622,Freddie Swain,WR,3,train,0,0.644137
2021092612,3138,46226,Tyler Conklin,TE,3,train,1,0.774934
2021092612,3209,52584,K.J. Osborn,WR,3,train,1,0.282372
2021092612,3411,47847,DK Metcalf,WR,3,train,1,0.471939
2021092612,3435,42412,Tyler Lockett,WR,3,train,0,0.467961
2021092612,3508,47847,DK Metcalf,WR,3,train,0,0.464878
2021092612,3530,48119,Penny Hart,WR,3,train,0,0.606759
2021092612,3632,52430,Justin Jefferson,WR,3,train,1,0.571863
2021092612,3782,44856,Gerald Everett,TE,3,train,1,0.76216
2021092612,3811,44856,Gerald Everett,TE,3,train,1,0.798882
2021092612,3840,47847,DK Metcalf,WR,3,train,0,0.766354
2021092613,98,46705,Allen Lazard,WR,3,train,1,0.386816
2021092613,338,44959,George Kittle,TE,3,train,1,0.836908
2021092613,387,52433,Brandon Aiyuk,WR,3,train,1,0.85702
2021092613,415,38613,Mohamed Sanu,WR,3,train,0,0.259131
2021092613,471,41282,Davante Adams,WR,3,train,1,0.85432
2021092613,495,52470,A.J. Dillon,RB,3,train,1,0.872768
2021092613,527,46243,Marquez Valdes-Scantling,WR,3,train,1,0.472198
2021092613,602,41282,Davante Adams,WR,3,train,1,0.705989
2021092613,752,44959,George Kittle,TE,3,train,0,0.505736
2021092613,858,46705,Allen Lazard,WR,3,train,0,0.533489
2021092613,931,46243,Marquez Valdes-Scantling,WR,3,train,1,0.837923
2021092613,1007,44959,George Kittle,TE,3,train,0,0.447739
2021092613,1141,44995,Aaron Jones,RB,3,train,1,0.836644
2021092613,1174,37139,Randall Cobb,WR,3,train,0,0.261347
2021092613,1200,53517,Trey Sermon,RB,3,train,0,0.776623
2021092613,1226,52433,Brandon Aiyuk,WR,3,train,1,0.732037
2021092613,1257,47819,Deebo Samuel,WR,3,train,1,0.824742
2021092613,1306,52433,Brandon Aiyuk,WR,3,train,1,0.517833
2021092613,1355,40078,Kyle Juszczyk,FB,3,train,1,0.851659
2021092613,1402,44959,George Kittle,TE,3,train,1,0.789423
2021092613,1497,41282,Davante Adams,WR,3,train,0,0.312368
2021092613,1543,41282,Davante Adams,WR,3,train,0,0.252055
2021092613,1625,41282,Davante Adams,WR,3,train,1,0.619526
2021092613,1696,41282,Davante Adams,WR,3,train,1,0.534125
2021092613,1862,44959,George Kittle,TE,3,train,1,0.836916
2021092613,1886,47819,Deebo Samuel,WR,3,train,0,0.732037
2021092613,1921,38613,Mohamed Sanu,WR,3,train,1,0.797317
2021092613,1962,40078,Kyle Juszczyk,FB,3,train,1,0.696817
2021092613,2011,52433,Brandon Aiyuk,WR,3,train,0,0.711936
2021092613,2050,38613,Mohamed Sanu,WR,3,train,0,0.078865
2021092613,2083,47819,Deebo Samuel,WR,3,train,0,0.480441
2021092613,2133,52433,Brandon Aiyuk,WR,3,train,0,0.685201
2021092613,2258,44959,George Kittle,TE,3,train,1,0.86761
2021092613,2453,53517,Trey Sermon,RB,3,train,1,0.868849
2021092613,2481,47819,Deebo Samuel,WR,3,train,1,0.787753
2021092613,2552,52433,Brandon Aiyuk,WR,3,train,1,0.523698
2021092613,2675,41282,Davante Adams,WR,3,train,0,0.745605
2021092613,2792,38613,Mohamed Sanu,WR,3,train,0,0.173567
2021092613,2856,41282,Davante Adams,WR,3,train,1,0.769091
2021092613,2906,52470,A.J. Dillon,RB,3,train,1,0.742476
2021092613,3004,45635,Robert Tonyan,TE,3,train,0,0.337892
2021092613,3119,46243,Marquez Valdes-Scantling,WR,3,train,1,0.525512
2021092613,3220,52433,Brandon Aiyuk,WR,3,train,0,0.353971
2021092613,3356,40078,Kyle Juszczyk,FB,3,train,1,0.696899
2021092613,3380,38613,Mohamed Sanu,WR,3,train,1,0.809735
2021092613,3548,41282,Davante Adams,WR,3,train,0,0.354171
2021092613,3574,46243,Marquez Valdes-Scantling,WR,3,train,0,0.21846
2021092613,3613,41282,Davante Adams,WR,3,train,0,0.469923
2021092613,3681,53517,Trey Sermon,RB,3,train,1,0.509833
2021092613,3771,47819,Deebo Samuel,WR,3,train,0,0.769578
2021092613,3902,41282,Davante Adams,WR,3,train,0,0.540236
2021092613,3958,47819,Deebo Samuel,WR,3,train,0,0.780164
2021092613,3980,47819,Deebo Samuel,WR,3,train,0,0.301647
2021092613,4002,44959,George Kittle,TE,3,train,1,0.689448
2021092613,4047,47819,Deebo Samuel,WR,3,train,0,0.622226
2021092613,4091,47819,Deebo Samuel,WR,3,train,1,0.23003
2021092613,4115,44959,George Kittle,TE,3,train,1,0.739368
2021092613,4148,40078,Kyle Juszczyk,FB,3,train,1,0.845085
2021092613,4212,41282,Davante Adams,WR,3,train,1,0.601163
2021092613,4262,41282,Davante Adams,WR,3,train,0,0.668125
2021092613,4284,41282,Davante Adams,WR,3,train,1,0.635049
2021092700,55,46206,Dalton Schultz,TE,3,train,1,0.844948
2021092700,100,43293,Ezekiel Elliott,RB,3,train,1,0.571453
2021092700,145,52425,CeeDee Lamb,WR,3,train,1,0.558731
2021092700,256,46118,Dallas Goedert,TE,3,train,1,0.706566
2021092700,309,52429,Jalen Reagor,WR,3,train,0,0.237709
2021092700,443,42347,Amari Cooper,WR,3,train,1,0.760585
2021092700,544,52425,CeeDee Lamb,WR,3,train,0,0.665907
2021092700,577,46206,Dalton Schultz,TE,3,train,0,0.538779
2021092700,620,45532,Blake Jarwin,TE,3,train,1,0.861077
2021092700,697,43293,Ezekiel Elliott,RB,3,train,1,0.702886
2021092700,783,39983,Zach Ertz,TE,3,train,0,0.856676
2021092700,805,53439,DeVonta Smith,WR,3,train,1,0.704333
2021092700,943,46206,Dalton Schultz,TE,3,train,1,0.807144
2021092700,1011,46206,Dalton Schultz,TE,3,train,1,0.557096
2021092700,1112,39983,Zach Ertz,TE,3,train,0,0.286812
2021092700,1243,45052,Noah Brown,WR,3,train,1,0.831596
2021092700,1295,46206,Dalton Schultz,TE,3,train,1,0.69109
2021092700,1403,45532,Blake Jarwin,TE,3,train,1,0.723367
2021092700,1675,46118,Dallas Goedert,TE,3,train,0,0.254792
2021092700,1759,46277,Cedrick Wilson,WR,3,train,0,0.218631
2021092700,1932,52608,Quez Watkins,WR,3,train,1,0.6243
2021092700,2127,46118,Dallas Goedert,TE,3,train,1,0.889753
2021092700,2156,46118,Dallas Goedert,TE,3,train,0,0.755625
2021092700,2178,53439,DeVonta Smith,WR,3,train,0,0.900614
2021092700,2236,53579,Kenneth Gainwell,RB,3,train,0,0.867398
2021092700,2434,39983,Zach Ertz,TE,3,train,0,0.529221
2021092700,2530,52608,Quez Watkins,WR,3,train,1,0.326004
2021092700,2665,39983,Zach Ertz,TE,3,train,1,0.834944
2021092700,2742,46277,Cedrick Wilson,WR,3,train,1,0.617925
2021092700,2766,52425,CeeDee Lamb,WR,3,train,1,0.449172
2021092700,2906,53439,DeVonta Smith,WR,3,train,1,0.80152
2021092700,2930,47836,Miles Sanders,RB,3,train,0,0.796014
2021092700,2952,53439,DeVonta Smith,WR,3,train,0,0.591331
2021092700,2993,42347,Amari Cooper,WR,3,train,1,0.795554
2021092700,3038,42347,Amari Cooper,WR,3,train,0,0.162601
2021092700,3233,43293,Ezekiel Elliott,RB,3,train,1,0.8389
2021092700,3289,46277,Cedrick Wilson,WR,3,train,1,0.657696
2021092700,3369,52429,Jalen Reagor,WR,3,train,1,0.651483
2021092700,3396,52429,Jalen Reagor,WR,3,train,1,0.572381
2021092700,3482,53439,DeVonta Smith,WR,3,train,0,0.141417
2021092700,3630,46206,Dalton Schultz,TE,3,train,1,0.845875
2021092700,3707,39983,Zach Ertz,TE,3,train,1,0.67395
2021092700,3731,52429,Jalen Reagor,WR,3,train,1,0.432247
2021092700,3760,53579,Kenneth Gainwell,RB,3,train,1,0.654434
2021092700,3795,46118,Dallas Goedert,TE,3,train,1,0.85287
2021092700,3857,39983,Zach Ertz,TE,3,train,1,0.797389
2021092700,3881,53579,Kenneth Gainwell,RB,3,train,1,0.82306
2021092700,3905,45607,Greg Ward,WR,3,train,1,0.291427
2021092700,4105,52429,Jalen Reagor,WR,3,train,0,0.472931
2021093000,209,52450,Laviska Shenault,WR,4,train,0,0.279153
2021093000,276,43344,Tyler Boyd,WR,4,train,1,0.913537
2021093000,329,43344,Tyler Boyd,WR,4,train,0,0.633463
2021093000,351,53434,Ja'Marr Chase,WR,4,train,1,0.372442
2021093000,449,53434,Ja'Marr Chase,WR,4,train,1,0.410016
2021093000,549,39954,Tavon Austin,WR,4,train,1,0.680701
2021093000,766,53434,Ja'Marr Chase,WR,4,train,0,0.602828
2021093000,788,42500,C.J. Uzomah,TE,4,train,0,0.267655
2021093000,893,39954,Tavon Austin,WR,4,train,0,0.762224
2021093000,957,43344,Tyler Boyd,WR,4,train,1,0.706867
2021093000,1021,43344,Tyler Boyd,WR,4,train,0,0.313088
2021093000,1060,45785,Dan Arnold,TE,4,train,1,0.889086
2021093000,1151,38696,Marvin Jones,WR,4,train,1,0.845386
2021093000,1217,42302,Chris Manhertz,TE,4,train,1,0.845006
2021093000,1262,53574,Luke Farrell,TE,4,train,1,0.565423
2021093000,1409,43495,Mike Thomas,WR,4,train,1,0.783406
2021093000,1452,52450,Laviska Shenault,WR,4,train,1,0.319189
2021093000,1570,52450,Laviska Shenault,WR,4,train,1,0.691006
2021093000,1769,53434,Ja'Marr Chase,WR,4,train,0,0.664914
2021093000,1791,53434,Ja'Marr Chase,WR,4,train,1,0.409566
2021093000,1836,42500,C.J. Uzomah,TE,4,train,1,0.890814
2021093000,1934,52733,James Robinson,RB,4,train,0,0.766828
2021093000,2023,48471,Trenton Irwin,WR,4,train,1,0.221196
2021093000,2080,43344,Tyler Boyd,WR,4,train,1,0.832517
2021093000,2193,43344,Tyler Boyd,WR,4,train,1,0.640093
2021093000,2387,44978,Jamal Agnew,WR,4,train,1,0.18538
2021093000,2483,39954,Tavon Austin,WR,4,train,0,0.170404
2021093000,2505,52450,Laviska Shenault,WR,4,train,1,0.605554
2021093000,2555,45281,Jacob Hollister,TE,4,train,1,0.873069
2021093000,2579,52450,Laviska Shenault,WR,4,train,1,0.777735
2021093000,2608,52733,James Robinson,RB,4,train,1,0.878667
2021093000,2799,42500,C.J. Uzomah,TE,4,train,1,0.848605
2021093000,2867,43344,Tyler Boyd,WR,4,train,1,0.832395
2021093000,2891,43344,Tyler Boyd,WR,4,train,1,0.414204
2021093000,2936,53434,Ja'Marr Chase,WR,4,train,1,0.858878
2021093000,2960,53434,Ja'Marr Chase,WR,4,train,0,0.166349
2021093000,2982,53434,Ja'Marr Chase,WR,4,train,1,0.845183
2021093000,3006,42500,C.J. Uzomah,TE,4,train,1,0.470788
2021093000,3073,38696,Marvin Jones,WR,4,train,1,0.815974
2021093000,3118,52450,Laviska Shenault,WR,4,train,1,0.680274
2021093000,3206,48601,Tyron Johnson,WR,4,train,0,0.174876
2021093000,3252,43344,Tyler Boyd,WR,4,train,1,0.826784
2021093000,3384,44927,Samaje Perine,RB,4,train,1,0.77817
2021093000,3431,42500,C.J. Uzomah,TE,4,train,1,0.853346
2021093000,3504,43344,Tyler Boyd,WR,4,train,1,0.768745
2021100300,76,39975,Cordarrelle Patterson,RB,4,train,1,0.819012
2021100300,142,46095,Calvin Ridley,WR,4,train,1,0.693219
2021100300,208,53433,Kyle Pitts,TE,4,train,1,0.84243
2021100300,253,46095,Calvin Ridley,WR,4,train,1,0.705009
2021100300,293,43429,Tajae Sharpe,WR,4,train,1,0.743332
2021100300,317,53433,Kyle Pitts,TE,4,train,1,0.48605
2021100300,367,48374,Olamide Zaccheaus,WR,4,train,0,0.156268
2021100300,389,53433,Kyle Pitts,TE,4,train,0,0.465817
2021100300,473,47859,Terry McLaurin,WR,4,train,0,0.498419
2021100300,495,44852,Curtis Samuel,WR,4,train,1,0.84733
2021100300,566,47859,Terry McLaurin,WR,4,train,0,0.568822
2021100300,667,46095,Calvin Ridley,WR,4,train,0,0.769349
2021100300,959,46094,Hayden Hurst,TE,4,train,1,0.873527
2021100300,1032,46094,Hayden Hurst,TE,4,train,1,0.882474
2021100300,1056,39975,Cordarrelle Patterson,RB,4,train,1,0.563862
2021100300,1158,45481,Ricky Seals-Jones,TE,4,train,1,0.776188
2021100300,1187,53511,Dyami Brown,WR,4,train,1,0.611153
2021100300,1246,47859,Terry McLaurin,WR,4,train,1,0.565795
2021100300,1293,45481,Ricky Seals-Jones,TE,4,train,0,0.552865
2021100300,1315,47859,Terry McLaurin,WR,4,train,1,0.39015
2021100300,1424,53433,Kyle Pitts,TE,4,train,0,0.294645
2021100300,1446,43429,Tajae Sharpe,WR,4,train,1,0.673294
2021100300,1632,45481,Ricky Seals-Jones,TE,4,train,1,0.839187
2021100300,1790,46095,Calvin Ridley,WR,4,train,0,0.524122
2021100300,1812,46095,Calvin Ridley,WR,4,train,0,0.382611
2021100300,1868,48374,Olamide Zaccheaus,WR,4,train,0,0.750736
2021100300,1890,46095,Calvin Ridley,WR,4,train,1,0.708343
2021100300,1963,53433,Kyle Pitts,TE,4,train,0,0.672608
2021100300,1985,46095,Calvin Ridley,WR,4,train,1,0.724629
2021100300,2014,53433,Kyle Pitts,TE,4,train,0,0.755958
2021100300,2043,46095,Calvin Ridley,WR,4,train,1,0.808184
2021100300,2138,39975,Cordarrelle Patterson,RB,4,train,1,0.834936
2021100300,2316,48374,Olamide Zaccheaus,WR,4,train,1,0.794381
2021100300,2340,46095,Calvin Ridley,WR,4,train,0,0.429741
2021100300,2394,46094,Hayden Hurst,TE,4,train,1,0.850164
2021100300,2435,46094,Hayden Hurst,TE,4,train,1,0.820411
2021100300,2483,53433,Kyle Pitts,TE,4,train,0,0.492049
2021100300,2505,39975,Cordarrelle Patterson,RB,4,train,1,0.251068
2021100300,2562,47859,Terry McLaurin,WR,4,train,1,0.702566
2021100300,2610,47859,Terry McLaurin,WR,4,train,0,0.405675
2021100300,2658,45481,Ricky Seals-Jones,TE,4,train,0,0.332042
2021100300,2680,44852,Curtis Samuel,WR,4,train,1,0.809011
2021100300,2757,53511,Dyami Brown,WR,4,train,0,0.492792
2021100300,2921,46095,Calvin Ridley,WR,4,train,0,0.372386
2021100300,2964,53433,Kyle Pitts,TE,4,train,1,0.633113
2021100300,3009,53433,Kyle Pitts,TE,4,train,1,0.863014
2021100300,3033,46095,Calvin Ridley,WR,4,train,1,0.777574
2021100300,3114,46095,Calvin Ridley,WR,4,train,0,0.182254
2021100300,3267,42469,Mike Davis,RB,4,train,1,0.8192
2021100300,3323,43722,J.D. McKissic,RB,4,train,1,0.860185
2021100300,3373,43722,J.D. McKissic,RB,4,train,1,0.847201
2021100300,3511,46095,Calvin Ridley,WR,4,train,0,0.352339
2021100300,3606,52474,Antonio Gibson,RB,4,train,0,0.892491
2021100300,3642,53960,Jaret Patterson,RB,4,train,1,0.863628
2021100300,3763,47859,Terry McLaurin,WR,4,train,1,0.665943
2021100300,3787,47859,Terry McLaurin,WR,4,train,0,0.413939
2021100300,3834,43722,J.D. McKissic,RB,4,train,1,0.86304
2021100300,3858,47859,Terry McLaurin,WR,4,train,1,0.537825
2021100300,4070,47859,Terry McLaurin,WR,4,train,0,0.782498
2021100300,4092,42794,DeAndre Carter,WR,4,train,1,0.622171
2021100300,4116,47859,Terry McLaurin,WR,4,train,0,0.558658
2021100300,4138,43010,Adam Humphries,WR,4,train,1,0.735792
2021100300,4302,43722,J.D. McKissic,RB,4,train,1,0.850455
2021100300,4395,46095,Calvin Ridley,WR,4,train,1,0.313628
2021100300,4436,46095,Calvin Ridley,WR,4,train,0,0.732275
2021100301,198,42489,Stefon Diggs,WR,4,train,0,0.72117
2021100301,292,42429,David Johnson,RB,4,train,0,0.815633
2021100301,449,42419,Chris Conley,WR,4,train,0,0.347655
2021100301,471,46120,Anthony Miller,WR,4,train,0,0.63876
2021100301,518,47857,Devin Singletary,RB,4,train,1,0.889861
2021100301,698,47879,Dawson Knox,TE,4,train,1,0.695646
2021100301,909,42489,Stefon Diggs,WR,4,train,1,0.223966
2021100301,957,35521,Emmanuel Sanders,WR,4,train,1,0.544359
2021100301,981,47879,Dawson Knox,TE,4,train,0,0.235826
2021100301,1171,47879,Dawson Knox,TE,4,train,0,0.4925
2021100301,1214,35521,Emmanuel Sanders,WR,4,train,1,0.616438
2021100301,1366,46120,Anthony Miller,WR,4,train,0,0.697072
2021100301,1456,35521,Emmanuel Sanders,WR,4,train,1,0.717047
2021100301,1607,42489,Stefon Diggs,WR,4,train,0,0.286006
2021100301,1783,38947,Cole Beasley,WR,4,train,1,0.650202
2021100301,1812,35521,Emmanuel Sanders,WR,4,train,1,0.694566
2021100301,1848,52536,Gabe Davis,WR,4,train,0,0.156049
2021100301,1870,42489,Stefon Diggs,WR,4,train,1,0.832158
2021100301,1911,52494,Zack Moss,RB,4,train,0,0.79589
2021100301,2076,42489,Stefon Diggs,WR,4,train,1,0.818666
2021100301,2168,47879,Dawson Knox,TE,4,train,0,0.261721
2021100301,2194,35521,Emmanuel Sanders,WR,4,train,1,0.418884
2021100301,2370,35521,Emmanuel Sanders,WR,4,train,0,0.754967
2021100301,2451,41246,Brandin Cooks,WR,4,train,1,0.713173
2021100301,2496,41246,Brandin Cooks,WR,4,train,0,0.427155
2021100301,2879,47879,Dawson Knox,TE,4,train,1,0.91777
2021100301,3027,41246,Brandin Cooks,WR,4,train,1,0.815891
2021100301,3056,46167,Jordan Akins,TE,4,train,1,0.858601
2021100301,3172,42489,Stefon Diggs,WR,4,train,1,0.530893
2021100301,3274,42429,David Johnson,RB,4,train,1,0.834986
2021100301,3324,41246,Brandin Cooks,WR,4,train,1,0.713805
2021100301,3369,46120,Anthony Miller,WR,4,train,0,0.457382
2021100301,3506,53079,Reggie Gilliam,FB,4,train,1,0.860039
2021100301,3673,45339,Pharaoh Brown,TE,4,train,1,0.906723
2021100301,3697,41246,Brandin Cooks,WR,4,train,0,0.606807
2021100301,3736,41246,Brandin Cooks,WR,4,train,1,0.509619
2021100301,3777,42429,David Johnson,RB,4,train,1,0.841551
2021100302,97,52581,Darnell Mooney,WR,4,train,1,0.638668
2021100302,142,52581,Darnell Mooney,WR,4,train,1,0.664897
2021100302,208,52581,Darnell Mooney,WR,4,train,1,0.815871
2021100302,401,47791,T.J. Hockenson,TE,4,train,1,0.902185
2021100302,467,52574,Quintez Cephus,WR,4,train,1,0.641597
2021100302,580,43584,Kalif Raymond,WR,4,train,0,0.531201
2021100302,775,52581,Darnell Mooney,WR,4,train,1,0.56234
2021100302,972,52443,D'Andre Swift,RB,4,train,1,0.861172
2021100302,1038,47791,T.J. Hockenson,TE,4,train,0,0.481918
2021100302,1092,53541,Amon-Ra St. Brown,WR,4,train,1,0.890894
2021100302,1137,52574,Quintez Cephus,WR,4,train,1,0.623362
2021100302,1236,52443,D'Andre Swift,RB,4,train,0,0.381106
2021100302,1342,52581,Darnell Mooney,WR,4,train,0,0.124383
2021100302,1469,52574,Quintez Cephus,WR,4,train,0,0.600386
2021100302,1491,43584,Kalif Raymond,WR,4,train,0,0.188459
2021100302,1557,43584,Kalif Raymond,WR,4,train,0,0.423018
2021100302,1579,53541,Amon-Ra St. Brown,WR,4,train,1,0.450916
2021100302,1701,52451,Cole Kmet,TE,4,train,0,0.490144
2021100302,1811,41290,Allen Robinson,WR,4,train,1,0.84209
2021100302,1875,40026,Marquise Goodwin,WR,4,train,0,0.414756
2021100302,1933,52581,Darnell Mooney,WR,4,train,0,0.610499
2021100302,1959,47791,T.J. Hockenson,TE,4,train,0,0.496906
2021100302,2054,53541,Amon-Ra St. Brown,WR,4,train,0,0.477683
2021100302,2216,47791,T.J. Hockenson,TE,4,train,0,0.086775
2021100302,2336,41290,Allen Robinson,WR,4,train,1,0.511494
2021100302,2382,52581,Darnell Mooney,WR,4,train,1,0.421701
2021100302,2471,52574,Quintez Cephus,WR,4,train,1,0.661675
2021100302,2506,52443,D'Andre Swift,RB,4,train,0,0.425801
2021100302,2561,47791,T.J. Hockenson,TE,4,train,1,0.854582
2021100302,2691,40026,Marquise Goodwin,WR,4,train,0,0.295804
2021100302,2750,47791,T.J. Hockenson,TE,4,train,1,0.75081
2021100302,2774,53541,Amon-Ra St. Brown,WR,4,train,1,0.789222
2021100302,2798,52574,Quintez Cephus,WR,4,train,1,0.641566
2021100302,2940,52451,Cole Kmet,TE,4,train,1,0.760718
2021100302,2992,41290,Allen Robinson,WR,4,train,1,0.534386
2021100302,3108,52451,Cole Kmet,TE,4,train,0,0.333141
2021100302,3191,47791,T.J. Hockenson,TE,4,train,0,0.364348
2021100302,3232,52443,D'Andre Swift,RB,4,train,1,0.845592
2021100302,3288,52443,D'Andre Swift,RB,4,train,1,0.871265
2021100302,3331,53541,Amon-Ra St. Brown,WR,4,train,1,0.738159
2021100302,3360,46992,KhaDarel Hodge,WR,4,train,1,0.601264
2021100302,3384,43584,Kalif Raymond,WR,4,train,1,0.44988
2021100302,3688,53541,Amon-Ra St. Brown,WR,4,train,0,0.388396
2021100302,3752,48053,Trinity Benson,WR,4,train,1,0.787681
2021100302,3773,43584,Kalif Raymond,WR,4,train,0,0.371694
2021100302,3795,53541,Amon-Ra St. Brown,WR,4,train,1,0.647544
2021100302,3860,52443,D'Andre Swift,RB,4,train,1,0.729597
2021100302,3915,48053,Trinity Benson,WR,4,train,0,0.309535
2021100302,3946,47791,T.J. Hockenson,TE,4,train,0,0.904094
2021100302,3982,53541,Amon-Ra St. Brown,WR,4,train,1,0.611859
2021100302,4006,53541,Amon-Ra St. Brown,WR,4,train,0,0.509386
2021100302,4116,41290,Allen Robinson,WR,4,train,1,0.625935
2021100303,111,46206,Dalton Schultz,TE,4,train,0,0.690322
2021100303,173,43808,Robby Anderson,WR,4,train,0,0.788021
2021100303,274,45052,Noah Brown,WR,4,train,1,0.819434
2021100303,370,46206,Dalton Schultz,TE,4,train,1,0.896739
2021100303,463,46206,Dalton Schultz,TE,4,train,0,0.254872
2021100303,559,46093,D.J. Moore,WR,4,train,0,0.213441
2021100303,606,46093,D.J. Moore,WR,4,train,1,0.854009
2021100303,656,46093,D.J. Moore,WR,4,train,1,0.761567
2021100303,701,46093,D.J. Moore,WR,4,train,1,0.651804
2021100303,783,52425,CeeDee Lamb,WR,4,train,0,0.635694
2021100303,805,46206,Dalton Schultz,TE,4,train,1,0.742757
2021100303,933,46206,Dalton Schultz,TE,4,train,1,0.765694
2021100303,1072,42347,Amari Cooper,WR,4,train,1,0.584714
2021100303,1096,45532,Blake Jarwin,TE,4,train,1,0.67365
2021100303,1233,53555,Chuba Hubbard,RB,4,train,1,0.776691
2021100303,1257,43808,Robby Anderson,WR,4,train,0,0.179966
2021100303,1294,43808,Robby Anderson,WR,4,train,1,0.659682
2021100303,1339,53512,Tommy Tremble,TE,4,train,0,0.264067
2021100303,1452,46093,D.J. Moore,WR,4,train,1,0.594449
2021100303,1476,52859,Rodney Smith,RB,4,train,1,0.744113
2021100303,1599,52425,CeeDee Lamb,WR,4,train,0,0.729129
2021100303,1751,45532,Blake Jarwin,TE,4,train,0,0.849725
2021100303,1824,46093,D.J. Moore,WR,4,train,1,0.890857
2021100303,1848,43808,Robby Anderson,WR,4,train,1,0.864869
2021100303,1951,46170,Ian Thomas,TE,4,train,1,0.918825
2021100303,2022,42347,Amari Cooper,WR,4,train,1,0.747671
2021100303,2046,43293,Ezekiel Elliott,RB,4,train,0,0.744255
2021100303,2068,52425,CeeDee Lamb,WR,4,train,0,0.240225
2021100303,2090,45532,Blake Jarwin,TE,4,train,0,0.787393
2021100303,2254,46093,D.J. Moore,WR,4,train,1,0.817256
2021100303,2299,53488,Terrace Marshall,WR,4,train,0,0.324081
2021100303,2321,46093,D.J. Moore,WR,4,train,0,0.252507
2021100303,2426,42347,Amari Cooper,WR,4,train,1,0.410265
2021100303,2503,53488,Terrace Marshall,WR,4,train,0,0.742464
2021100303,2587,52425,CeeDee Lamb,WR,4,train,1,0.773612
2021100303,2637,46206,Dalton Schultz,TE,4,train,1,0.80008
2021100303,2691,46093,D.J. Moore,WR,4,train,0,0.482528
2021100303,2713,43808,Robby Anderson,WR,4,train,1,0.528972
2021100303,2881,43808,Robby Anderson,WR,4,train,0,0.388223
2021100303,2949,46277,Cedrick Wilson,WR,4,train,1,0.68536
2021100303,3026,43808,Robby Anderson,WR,4,train,0,0.298959
2021100303,3048,46093,D.J. Moore,WR,4,train,0,0.685795
2021100303,3238,52859,Rodney Smith,RB,4,train,1,0.875057
2021100303,3262,53488,Terrace Marshall,WR,4,train,1,0.821674
2021100303,3335,53512,Tommy Tremble,TE,4,train,0,0.761446
2021100303,3392,52859,Rodney Smith,RB,4,train,1,0.848813
2021100303,3416,52859,Rodney Smith,RB,4,train,1,0.840354
2021100303,3440,43808,Robby Anderson,WR,4,train,1,0.748175
2021100303,3464,44123,Brandon Zylstra,WR,4,train,1,0.767244
2021100303,3493,46093,D.J. Moore,WR,4,train,1,0.7174
2021100303,3612,52425,CeeDee Lamb,WR,4,train,0,0.09955
2021100303,3678,52859,Rodney Smith,RB,4,train,1,0.565933
2021100303,3703,46170,Ian Thomas,TE,4,train,1,0.884663
2021100303,3727,43808,Robby Anderson,WR,4,train,0,0.584285
2021100303,3823,43808,Robby Anderson,WR,4,train,0,0.348572
2021100303,3857,44123,Brandon Zylstra,WR,4,train,1,0.643116
2021100303,3886,43663,Alex Erickson,WR,4,train,0,0.303195
2021100303,3919,46093,D.J. Moore,WR,4,train,1,0.776811
2021100303,4068,46206,Dalton Schultz,TE,4,train,1,0.746451
2021100304,76,53435,Jaylen Waddle,WR,4,train,1,0.684113
2021100304,147,46192,Durham Smythe,TE,4,train,1,0.836641
2021100304,171,43310,Will Fuller,WR,4,train,1,0.56728
2021100304,207,41506,Albert Wilson,WR,4,train,0,0.386125
2021100304,258,42837,Malcolm Brown,RB,4,train,1,0.869964
2021100304,293,42357,DeVante Parker,WR,4,train,0,0.526199
2021100304,340,44857,Adam Shaheen,TE,4,train,0,0.484588
2021100304,484,52449,Jonathan Taylor,RB,4,train,1,0.807076
2021100304,573,53435,Jaylen Waddle,WR,4,train,1,0.853983
2021100304,602,52922,Salvon Ahmed,RB,4,train,1,0.889444
2021100304,679,53435,Jaylen Waddle,WR,4,train,1,0.838533
2021100304,703,52922,Salvon Ahmed,RB,4,train,1,0.837772
2021100304,748,43310,Will Fuller,WR,4,train,1,0.421408
2021100304,965,52449,Jonathan Taylor,RB,4,train,1,0.562743
2021100304,1021,52442,Michael Pittman,WR,4,train,1,0.821699
2021100304,1115,42357,DeVante Parker,WR,4,train,0,0.781475
2021100304,1137,43310,Will Fuller,WR,4,train,0,0.603262
2021100304,1197,53556,Kylen Granson,TE,4,train,0,0.648745
2021100304,1219,47842,Parris Campbell,WR,4,train,1,0.750286
2021100304,1243,44956,Marlon Mack,RB,4,train,1,0.738845
2021100304,1304,52442,Michael Pittman,WR,4,train,1,0.826708
2021100304,1357,45102,Zach Pascal,WR,4,train,1,0.868927
2021100304,1381,44792,Mo Alie-Cox,TE,4,train,1,0.642404
2021100304,1405,44792,Mo Alie-Cox,TE,4,train,0,0.317627
2021100304,1480,46192,Durham Smythe,TE,4,train,1,0.848903
2021100304,1525,42357,DeVante Parker,WR,4,train,0,0.595556
2021100304,1547,46111,Mike Gesicki,TE,4,train,0,0.786848
2021100304,1588,52442,Michael Pittman,WR,4,train,1,0.820962
2021100304,1629,52442,Michael Pittman,WR,4,train,0,0.187815
2021100304,1651,46173,Nyheim Hines,RB,4,train,1,0.861767
2021100304,1734,46173,Nyheim Hines,RB,4,train,1,0.407206
2021100304,1758,47842,Parris Campbell,WR,4,train,0,0.176635
2021100304,1957,48118,Ashton Dulin,WR,4,train,1,0.512938
2021100304,2044,44792,Mo Alie-Cox,TE,4,train,0,0.799179
2021100304,2089,52442,Michael Pittman,WR,4,train,1,0.697366
2021100304,2158,44792,Mo Alie-Cox,TE,4,train,1,0.723868
2021100304,2265,41506,Albert Wilson,WR,4,train,1,0.823229
2021100304,2361,44956,Marlon Mack,RB,4,train,0,0.790004
2021100304,2383,52442,Michael Pittman,WR,4,train,1,0.506092
2021100304,2515,47842,Parris Campbell,WR,4,train,1,0.842284
2021100304,2597,53435,Jaylen Waddle,WR,4,train,0,0.720996
2021100304,2619,46111,Mike Gesicki,TE,4,train,1,0.534951
2021100304,2643,42357,DeVante Parker,WR,4,train,1,0.563188
2021100304,2788,45102,Zach Pascal,WR,4,train,0,0.784485
2021100304,2868,46111,Mike Gesicki,TE,4,train,1,0.706396
2021100304,2892,42357,DeVante Parker,WR,4,train,0,0.268105
2021100304,2926,42357,DeVante Parker,WR,4,train,0,0.810216
2021100304,2948,42357,DeVante Parker,WR,4,train,1,0.310218
2021100304,3046,46111,Mike Gesicki,TE,4,train,1,0.835447
2021100304,3102,45102,Zach Pascal,WR,4,train,1,0.593074
2021100304,3344,44792,Mo Alie-Cox,TE,4,train,1,0.313033
2021100304,3400,42357,DeVante Parker,WR,4,train,1,0.263639
2021100304,3424,46111,Mike Gesicki,TE,4,train,1,0.685017
2021100304,3448,42837,Malcolm Brown,RB,4,train,1,0.876675
2021100304,3515,42357,DeVante Parker,WR,4,train,1,0.647609
2021100304,3702,40641,Jack Doyle,TE,4,train,1,0.279642
2021100304,3809,52442,Michael Pittman,WR,4,train,1,0.685374
2021100305,126,46226,Tyler Conklin,TE,4,train,1,0.79374
2021100305,171,52430,Justin Jefferson,WR,4,train,1,0.410698
2021100305,200,40488,Adam Thielen,WR,4,train,1,0.691982
2021100305,251,44853,Dalvin Cook,RB,4,train,1,0.698232
2021100305,317,52430,Justin Jefferson,WR,4,train,0,0.558664
2021100305,374,52430,Justin Jefferson,WR,4,train,1,0.66027
2021100305,463,53640,Demetric Felton,RB,4,train,1,0.910351
2021100305,533,43370,Austin Hooper,TE,4,train,0,0.756975
2021100305,555,43461,Rashard Higgins,WR,4,train,1,0.750868
2021100305,757,44898,Kareem Hunt,RB,4,train,0,0.820595
2021100305,888,52523,Harrison Bryant,TE,4,train,1,0.88343
2021100305,936,43461,Rashard Higgins,WR,4,train,0,0.596788
2021100305,1003,44853,Dalvin Cook,RB,4,train,0,0.238056
2021100305,1025,52584,K.J. Osborn,WR,4,train,1,0.436793
2021100305,1134,40488,Adam Thielen,WR,4,train,0,0.237095
2021100305,1156,40488,Adam Thielen,WR,4,train,0,0.089513
2021100305,1262,53640,Demetric Felton,RB,4,train,1,0.540428
2021100305,1307,44898,Kareem Hunt,RB,4,train,1,0.849723
2021100305,1512,43461,Rashard Higgins,WR,4,train,1,0.696271
2021100305,1553,41238,Odell Beckham,WR,4,train,0,0.828445
2021100305,1613,44841,David Njoku,TE,4,train,0,0.354665
2021100305,1646,43370,Austin Hooper,TE,4,train,0,0.219612
2021100305,1785,52584,K.J. Osborn,WR,4,train,0,0.247231
2021100305,1807,42397,Ameer Abdullah,RB,4,train,1,0.861453
2021100305,1859,52584,K.J. Osborn,WR,4,train,1,0.787709
2021100305,2023,43461,Rashard Higgins,WR,4,train,1,0.400816
2021100305,2052,41238,Odell Beckham,WR,4,train,0,0.502164
2021100305,2074,43461,Rashard Higgins,WR,4,train,0,0.288959
2021100305,2096,43370,Austin Hooper,TE,4,train,0,0.674039
2021100305,2228,46104,Nick Chubb,RB,4,train,1,0.893761
2021100305,2451,44841,David Njoku,TE,4,train,1,0.813597
2021100305,2538,41238,Odell Beckham,WR,4,train,0,0.146361
2021100305,2579,40488,Adam Thielen,WR,4,train,0,0.331565
2021100305,2633,46226,Tyler Conklin,TE,4,train,0,0.859922
2021100305,2655,52430,Justin Jefferson,WR,4,train,1,0.674706
2021100305,2884,52430,Justin Jefferson,WR,4,train,1,0.413267
2021100305,2967,44923,Dede Westbrook,WR,4,train,1,0.619045
2021100305,2991,46226,Tyler Conklin,TE,4,train,1,0.844317
2021100305,3036,46226,Tyler Conklin,TE,4,train,0,0.909693
2021100305,3058,52584,K.J. Osborn,WR,4,train,0,0.35759
2021100305,3091,46226,Tyler Conklin,TE,4,train,1,0.805772
2021100305,3288,52584,K.J. Osborn,WR,4,train,0,0.097134
2021100305,3335,41238,Odell Beckham,WR,4,train,1,0.777281
2021100305,3441,43461,Rashard Higgins,WR,4,train,0,0.508778
2021100305,3497,40488,Adam Thielen,WR,4,train,0,0.301862
2021100305,3544,43461,Rashard Higgins,WR,4,train,1,0.738478
2021100305,3589,41238,Odell Beckham,WR,4,train,0,0.331111
2021100305,3611,53520,Anthony Schwartz,WR,4,train,0,0.255954
2021100305,3715,52430,Justin Jefferson,WR,4,train,1,0.42935
2021100305,3787,40488,Adam Thielen,WR,4,train,1,0.694743
2021100305,3811,40488,Adam Thielen,WR,4,train,0,0.716503
2021100305,3958,41238,Odell Beckham,WR,4,train,0,0.520241
2021100305,3998,44853,Dalvin Cook,RB,4,train,0,0.454795
2021100305,4020,52584,K.J. Osborn,WR,4,train,0,0.458687
2021100305,4042,52584,K.J. Osborn,WR,4,train,1,0.765767
2021100305,4066,52584,K.J. Osborn,WR,4,train,0,0.386886
2021100305,4103,52430,Justin Jefferson,WR,4,train,0,0.351427
2021100305,4125,52584,K.J. Osborn,WR,4,train,0,0.650914
2021100305,4164,40488,Adam Thielen,WR,4,train,1,0.639166
2021100305,4205,40488,Adam Thielen,WR,4,train,0,0.608488
2021100305,4227,46226,Tyler Conklin,TE,4,train,1,0.835241
2021100306,104,53449,Kadarius Toney,WR,4,train,0,0.032479
2021100306,198,52762,Tony Jones,RB,4,train,0,0.828903
2021100306,248,52942,Juwan Johnson,TE,4,train,0,0.842189
2021100306,314,44908,Kenny Golladay,WR,4,train,1,0.553572
2021100306,363,53449,Kadarius Toney,WR,4,train,0,0.19058
2021100306,491,45244,Taysom Hill,QB,4,train,1,0.922746
2021100306,619,52762,Tony Jones,RB,4,train,0,0.793948
2021100306,679,44908,Kenny Golladay,WR,4,train,1,0.610743
2021100306,719,46071,Saquon Barkley,RB,4,train,1,0.714381
2021100306,799,53449,Kadarius Toney,WR,4,train,1,0.880429
2021100306,876,44908,Kenny Golladay,WR,4,train,1,0.56709
2021100306,1144,42437,Ty Montgomery,WR,4,train,1,0.725614
2021100306,1192,44821,John Ross,WR,4,train,1,0.249438
2021100306,1340,37737,Chris Hogan,WR,4,train,1,0.840296
2021100306,1402,52942,Juwan Johnson,TE,4,train,1,0.739696
2021100306,1462,43525,Dwayne Washington,RB,4,train,1,0.655335
2021100306,1515,42437,Ty Montgomery,WR,4,train,1,0.457119
2021100306,1675,52942,Juwan Johnson,TE,4,train,1,0.635289
2021100306,1735,53449,Kadarius Toney,WR,4,train,0,0.512266
2021100306,1910,53098,Marquez Callaway,WR,4,train,1,0.247729
2021100306,1936,37737,Chris Hogan,WR,4,train,1,0.764842
2021100306,2033,53449,Kadarius Toney,WR,4,train,1,0.525373
2021100306,2082,44835,Evan Engram,TE,4,train,1,0.789284
2021100306,2111,44908,Kenny Golladay,WR,4,train,1,0.781461
2021100306,2139,44908,Kenny Golladay,WR,4,train,1,0.761393
2021100306,2172,37118,Kyle Rudolph,TE,4,train,1,0.383211
2021100306,2256,37118,Kyle Rudolph,TE,4,train,0,0.270833
2021100306,2360,42437,Ty Montgomery,WR,4,train,1,0.686013
2021100306,2384,40092,Kenny Stills,WR,4,train,1,0.309675
2021100306,2466,44835,Evan Engram,TE,4,train,1,0.185077
2021100306,2570,44835,Evan Engram,TE,4,train,0,0.667387
2021100306,2611,45244,Taysom Hill,QB,4,train,1,0.859782
2021100306,2835,52513,Adam Trautman,TE,4,train,1,0.85108
2021100306,2968,46071,Saquon Barkley,RB,4,train,1,0.829628
2021100306,3067,44835,Evan Engram,TE,4,train,1,0.853747
2021100306,3228,46071,Saquon Barkley,RB,4,train,1,0.301011
2021100306,3324,53098,Marquez Callaway,WR,4,train,1,0.883099
2021100306,3443,40092,Kenny Stills,WR,4,train,0,0.297488
2021100306,3529,44835,Evan Engram,TE,4,train,1,0.221389
2021100306,3602,44908,Kenny Golladay,WR,4,train,0,0.164645
2021100306,3624,53449,Kadarius Toney,WR,4,train,1,0.742389
2021100306,3648,44835,Evan Engram,TE,4,train,1,0.724873
2021100306,3702,44908,Kenny Golladay,WR,4,train,1,0.286111
2021100306,3747,46071,Saquon Barkley,RB,4,train,0,0.895871
2021100306,3769,44821,John Ross,WR,4,train,0,0.075393
2021100306,3947,44821,John Ross,WR,4,train,1,0.615024
2021100306,4055,52573,Collin Johnson,WR,4,train,1,0.418225
2021100306,4114,46071,Saquon Barkley,RB,4,train,1,0.78018
2021100306,4187,44908,Kenny Golladay,WR,4,train,1,0.827432
2021100307,109,45555,Keelan Cole,WR,4,train,0,0.394188
2021100307,222,46836,Cameron Batson,WR,4,train,0,0.376824
2021100307,362,53074,Nick Westbrook-Ikhine,WR,4,train,0,0.275545
2021100307,433,44930,Josh Reynolds,WR,4,train,0,0.256747
2021100307,604,44817,Corey Davis,WR,4,train,0,0.679188
2021100307,725,44930,Josh Reynolds,WR,4,train,1,0.681045
2021100307,749,53065,Tommy Hudson,TE,4,train,1,0.793702
2021100307,818,43334,Derrick Henry,RB,4,train,1,0.842581
2021100307,984,44817,Corey Davis,WR,4,train,0,0.716811
2021100307,1010,43334,Derrick Henry,RB,4,train,1,0.88415
2021100307,1066,46836,Cameron Batson,WR,4,train,0,0.334059
2021100307,1150,40149,Ryan Griffin,TE,4,train,0,0.571519
2021100307,1183,42428,Tyler Kroft,TE,4,train,0,0.547591
2021100307,1214,44817,Corey Davis,WR,4,train,1,0.553662
2021100307,1254,44817,Corey Davis,WR,4,train,1,0.667159
2021100307,1283,40149,Ryan Griffin,TE,4,train,1,0.808646
2021100307,1345,47969,Ty Johnson,RB,4,train,1,0.892912
2021100307,1537,53074,Nick Westbrook-Ikhine,WR,4,train,0,0.322762
2021100307,1702,45355,Anthony Firkser,TE,4,train,1,0.866517
2021100307,1726,43556,Chester Rogers,WR,4,train,1,0.72245
2021100307,1779,43556,Chester Rogers,WR,4,train,1,0.5332
2021100307,1791,44930,Josh Reynolds,WR,4,train,1,0.766286
2021100307,1828,43334,Derrick Henry,RB,4,train,1,0.836197
2021100307,1863,45355,Anthony Firkser,TE,4,train,1,0.741301
2021100307,2005,44930,Josh Reynolds,WR,4,train,1,0.744583
2021100307,2082,44975,Jeremy McNichols,RB,4,train,1,0.880362
2021100307,2106,44930,Josh Reynolds,WR,4,train,0,0.266749
2021100307,2203,42448,Jamison Crowder,WR,4,train,1,0.553567
2021100307,2333,44930,Josh Reynolds,WR,4,train,1,0.87519
2021100307,2412,46836,Cameron Batson,WR,4,train,0,0.254294
2021100307,2529,44817,Corey Davis,WR,4,train,1,0.811887
2021100307,2553,47969,Ty Johnson,RB,4,train,1,0.851031
2021100307,2598,45555,Keelan Cole,WR,4,train,1,0.205365
2021100307,2668,40149,Ryan Griffin,TE,4,train,0,0.243143
2021100307,2724,42486,MyCole Pruitt,TE,4,train,1,0.870818
2021100307,2942,44817,Corey Davis,WR,4,train,0,0.368084
2021100307,2975,42448,Jamison Crowder,WR,4,train,0,0.574222
2021100307,2997,42448,Jamison Crowder,WR,4,train,1,0.593409
2021100307,3049,42448,Jamison Crowder,WR,4,train,1,0.372858
2021100307,3205,44817,Corey Davis,WR,4,train,1,0.31948
2021100307,3261,45355,Anthony Firkser,TE,4,train,0,0.79513
2021100307,3283,42589,Geoff Swaim,TE,4,train,0,0.433747
2021100307,3308,44930,Josh Reynolds,WR,4,train,0,0.268793
2021100307,3349,53536,Michael Carter,RB,4,train,0,0.715982
2021100307,3371,42448,Jamison Crowder,WR,4,train,1,0.722458
2021100307,3510,53074,Nick Westbrook-Ikhine,WR,4,train,0,0.301764
2021100307,3532,44975,Jeremy McNichols,RB,4,train,1,0.913559
2021100307,3629,53074,Nick Westbrook-Ikhine,WR,4,train,0,0.089619
2021100307,3714,53074,Nick Westbrook-Ikhine,WR,4,train,1,0.84904
2021100307,3794,46279,Braxton Berrios,WR,4,train,1,0.924904
2021100307,3835,44817,Corey Davis,WR,4,train,0,0.684278
2021100307,3920,43556,Chester Rogers,WR,4,train,0,0.741104
2021100307,3956,53074,Nick Westbrook-Ikhine,WR,4,train,0,0.287325
2021100307,3978,43556,Chester Rogers,WR,4,train,0,0.601258
2021100307,4056,44975,Jeremy McNichols,RB,4,train,0,0.25435
2021100307,4085,44930,Josh Reynolds,WR,4,train,1,0.849991
2021100307,4129,44930,Josh Reynolds,WR,4,train,1,0.604049
2021100307,4158,53074,Nick Westbrook-Ikhine,WR,4,train,1,0.730518
2021100307,4182,45355,Anthony Firkser,TE,4,train,1,0.175502
2021100307,4206,53074,Nick Westbrook-Ikhine,WR,4,train,0,0.391048
2021100307,4228,46836,Cameron Batson,WR,4,train,1,0.663097
2021100307,4352,53536,Michael Carter,RB,4,train,0,0.795939
2021100307,4374,45555,Keelan Cole,WR,4,train,1,0.824667
2021100307,4480,47904,Trevon Wesco,TE,4,train,0,0.686179
2021100307,4551,45555,Keelan Cole,WR,4,train,1,0.504649
2021100307,4622,42448,Jamison Crowder,WR,4,train,1,0.756684
2021100307,4668,40149,Ryan Griffin,TE,4,train,0,0.887283
2021100307,4843,43556,Chester Rogers,WR,4,train,1,0.748961
2021100307,4929,44975,Jeremy McNichols,RB,4,train,1,0.856585
2021100307,4953,43556,Chester Rogers,WR,4,train,1,0.741722
2021100307,5010,43556,Chester Rogers,WR,4,train,1,0.558849
2021100307,5051,44975,Jeremy McNichols,RB,4,train,0,0.770185
2021100307,5073,43556,Chester Rogers,WR,4,train,1,0.877934
2021100307,5108,45355,Anthony Firkser,TE,4,train,0,0.388247
2021100307,5153,44975,Jeremy McNichols,RB,4,train,0,0.221929
2021100308,78,39983,Zach Ertz,TE,4,train,1,0.86999
2021100308,131,46118,Dallas Goedert,TE,4,train,1,0.767584
2021100308,176,39983,Zach Ertz,TE,4,train,0,0.309425
2021100308,353,52440,Clyde Edwards-Helaire,RB,4,train,1,0.883711
2021100308,409,43454,Tyreek Hill,WR,4,train,1,0.777749
2021100308,465,43454,Tyreek Hill,WR,4,train,1,0.767222
2021100308,667,47836,Miles Sanders,RB,4,train,1,0.865576
2021100308,718,53439,DeVonta Smith,WR,4,train,1,0.652181
2021100308,800,39983,Zach Ertz,TE,4,train,1,0.900199
2021100308,836,53579,Kenneth Gainwell,RB,4,train,1,0.799568
2021100308,927,46118,Dallas Goedert,TE,4,train,1,0.63304
2021100308,1284,46522,Byron Pringle,WR,4,train,1,0.706338
2021100308,1308,47839,Mecole Hardman,WR,4,train,1,0.817681
2021100308,1343,43454,Tyreek Hill,WR,4,train,1,0.392869
2021100308,1400,53591,Noah Gray,TE,4,train,0,0.459202
2021100308,1422,43454,Tyreek Hill,WR,4,train,1,0.727404
2021100308,1562,53439,DeVonta Smith,WR,4,train,1,0.72325
2021100308,1586,52608,Quez Watkins,WR,4,train,0,0.467203
2021100308,1653,53579,Kenneth Gainwell,RB,4,train,1,0.584322
2021100308,1723,47836,Miles Sanders,RB,4,train,1,0.798632
2021100308,1788,45607,Greg Ward,WR,4,train,0,0.621445
2021100308,1824,52608,Quez Watkins,WR,4,train,0,0.657277
2021100308,1959,46522,Byron Pringle,WR,4,train,1,0.760487
2021100308,2021,47839,Mecole Hardman,WR,4,train,0,0.655039
2021100308,2193,53439,DeVonta Smith,WR,4,train,1,0.396582
2021100308,2217,53439,DeVonta Smith,WR,4,train,1,0.602566
2021100308,2251,53439,DeVonta Smith,WR,4,train,0,0.118637
2021100308,2274,53579,Kenneth Gainwell,RB,4,train,1,0.916169
2021100308,2483,40011,Travis Kelce,TE,4,train,0,0.611833
2021100308,2550,53439,DeVonta Smith,WR,4,train,1,0.706144
2021100308,2645,53579,Kenneth Gainwell,RB,4,train,1,0.88995
2021100308,2713,39983,Zach Ertz,TE,4,train,0,0.492259
2021100308,2735,39983,Zach Ertz,TE,4,train,1,0.757976
2021100308,2812,39983,Zach Ertz,TE,4,train,1,0.657525
2021100308,2927,40011,Travis Kelce,TE,4,train,1,0.825017
2021100308,3017,46526,Darrel Williams,RB,4,train,1,0.832508
2021100308,3062,40011,Travis Kelce,TE,4,train,1,0.881858
2021100308,3173,46118,Dallas Goedert,TE,4,train,1,0.892356
2021100308,3206,46118,Dallas Goedert,TE,4,train,1,0.821744
2021100308,3309,46118,Dallas Goedert,TE,4,train,1,0.652856
2021100308,3363,53579,Kenneth Gainwell,RB,4,train,1,0.779551
2021100308,3532,40011,Travis Kelce,TE,4,train,0,0.477034
2021100308,3584,43454,Tyreek Hill,WR,4,train,1,0.798428
2021100308,3781,47836,Miles Sanders,RB,4,train,1,0.888887
2021100308,3810,52608,Quez Watkins,WR,4,train,0,0.421471
2021100308,3832,39983,Zach Ertz,TE,4,train,1,0.63825
2021100308,3861,53439,DeVonta Smith,WR,4,train,0,0.163076
2021100308,3932,52608,Quez Watkins,WR,4,train,0,0.136646
2021100308,4055,43454,Tyreek Hill,WR,4,train,1,0.626886
2021100308,4138,46526,Darrel Williams,RB,4,train,1,0.922298
2021100308,4190,43454,Tyreek Hill,WR,4,train,1,0.608831
2021100308,4246,53579,Kenneth Gainwell,RB,4,train,0,0.700707
2021100308,4306,53439,DeVonta Smith,WR,4,train,1,0.79631
2021100308,4330,53439,DeVonta Smith,WR,4,train,0,0.267386
2021100308,4397,53579,Kenneth Gainwell,RB,4,train,0,0.871031
2021100308,4471,45607,Greg Ward,WR,4,train,1,0.73508
2021100309,76,52465,Van Jefferson,WR,4,train,1,0.772071
2021100309,149,44881,Cooper Kupp,WR,4,train,1,0.819837
2021100309,173,39989,Robert Woods,WR,4,train,1,0.807826
2021100309,221,44881,Cooper Kupp,WR,4,train,0,0.830249
2021100309,255,43399,Tyler Higbee,TE,4,train,0,0.351589
2021100309,311,37077,A.J. Green,WR,4,train,0,0.782582
2021100309,333,46116,Christian Kirk,WR,4,train,1,0.642804
2021100309,427,33130,DeSean Jackson,WR,4,train,0,0.637801
2021100309,479,42398,Maxx Williams,TE,4,train,1,0.871135
2021100309,541,39973,DeAndre Hopkins,WR,4,train,1,0.528338
2021100309,615,37077,A.J. Green,WR,4,train,1,0.378502
2021100309,703,47853,Darrell Henderson,RB,4,train,1,0.861103
2021100309,732,43399,Tyler Higbee,TE,4,train,1,0.695991
2021100309,871,52465,Van Jefferson,WR,4,train,1,0.393376
2021100309,927,37077,A.J. Green,WR,4,train,1,0.781725
2021100309,1012,39973,DeAndre Hopkins,WR,4,train,1,0.846361
2021100309,1066,39973,DeAndre Hopkins,WR,4,train,1,0.787194
2021100309,1107,46203,Chase Edmonds,RB,4,train,1,0.850128
2021100309,1131,46203,Chase Edmonds,RB,4,train,1,0.808467
2021100309,1176,46203,Chase Edmonds,RB,4,train,1,0.920271
2021100309,1200,42398,Maxx Williams,TE,4,train,1,0.748289
2021100309,1342,46203,Chase Edmonds,RB,4,train,0,0.382849
2021100309,1476,44881,Cooper Kupp,WR,4,train,0,0.843229
2021100309,1498,39989,Robert Woods,WR,4,train,0,0.720352
2021100309,1520,52465,Van Jefferson,WR,4,train,1,0.578426
2021100309,1544,44881,Cooper Kupp,WR,4,train,0,0.230621
2021100309,1577,47853,Darrell Henderson,RB,4,train,0,0.677149
2021100309,1623,44881,Cooper Kupp,WR,4,train,0,0.510899
2021100309,1711,39973,DeAndre Hopkins,WR,4,train,0,0.483714
2021100309,1839,33130,DeSean Jackson,WR,4,train,0,0.432364
2021100309,1861,44881,Cooper Kupp,WR,4,train,1,0.510515
2021100309,1908,43399,Tyler Higbee,TE,4,train,1,0.851626
2021100309,1953,44881,Cooper Kupp,WR,4,train,0,0.472466
2021100309,1975,44881,Cooper Kupp,WR,4,train,0,0.623105
2021100309,2054,44917,James Conner,RB,4,train,1,0.886795
2021100309,2078,42398,Maxx Williams,TE,4,train,1,0.87646
2021100309,2280,37077,A.J. Green,WR,4,train,0,0.589306
2021100309,2313,53478,Rondale Moore,WR,4,train,1,0.861016
2021100309,2342,44917,James Conner,RB,4,train,1,0.834935
2021100309,2423,39973,DeAndre Hopkins,WR,4,train,0,0.765135
2021100309,2542,39973,DeAndre Hopkins,WR,4,train,0,0.260013
2021100309,2720,42398,Maxx Williams,TE,4,train,1,0.861975
2021100309,2786,39973,DeAndre Hopkins,WR,4,train,1,0.574735
2021100309,2927,44881,Cooper Kupp,WR,4,train,0,0.585105
2021100309,2985,44881,Cooper Kupp,WR,4,train,1,0.858266
2021100309,3088,44881,Cooper Kupp,WR,4,train,0,0.439729
2021100309,3239,37077,A.J. Green,WR,4,train,1,0.334459
2021100309,3390,52465,Van Jefferson,WR,4,train,1,0.82284
2021100309,3414,44881,Cooper Kupp,WR,4,train,1,0.798011
2021100309,3443,52465,Van Jefferson,WR,4,train,0,0.369292
2021100309,3476,44881,Cooper Kupp,WR,4,train,0,0.415133
2021100309,3498,52465,Van Jefferson,WR,4,train,1,0.721544
2021100309,3522,39989,Robert Woods,WR,4,train,0,0.650779
2021100309,3567,44881,Cooper Kupp,WR,4,train,1,0.714791
2021100309,3615,44881,Cooper Kupp,WR,4,train,0,0.614178
2021100309,3658,43399,Tyler Higbee,TE,4,train,1,0.26614
2021100309,3703,39989,Robert Woods,WR,4,train,0,0.260273
2021100309,3767,43399,Tyler Higbee,TE,4,train,0,0.686877
2021100309,4071,39989,Robert Woods,WR,4,train,1,0.838846
2021100309,4095,47853,Darrell Henderson,RB,4,train,1,0.894344
2021100309,4151,39989,Robert Woods,WR,4,train,1,0.734505
2021100309,4274,45094,Johnny Mundt,TE,4,train,1,0.756155
2021100309,4298,39989,Robert Woods,WR,4,train,1,0.519214
2021100310,97,47847,DK Metcalf,WR,4,train,0,0.821892
2021100310,149,40078,Kyle Juszczyk,FB,4,train,1,0.833232
2021100310,198,44959,George Kittle,TE,4,train,1,0.66773
2021100310,282,38613,Mohamed Sanu,WR,4,train,1,0.872564
2021100310,306,44959,George Kittle,TE,4,train,1,0.745613
2021100310,359,46331,Ross Dwelley,TE,4,train,1,0.198224
2021100310,422,42412,Tyler Lockett,WR,4,train,1,0.656773
2021100310,446,42412,Tyler Lockett,WR,4,train,1,0.692964
2021100310,581,47819,Deebo Samuel,WR,4,train,0,0.647261
2021100310,650,42412,Tyler Lockett,WR,4,train,0,0.555684
2021100310,809,52433,Brandon Aiyuk,WR,4,train,1,0.825908
2021100310,837,52625,Jauan Jennings,WR,4,train,1,0.816744
2021100310,865,47819,Deebo Samuel,WR,4,train,1,0.624951
2021100310,1129,52433,Brandon Aiyuk,WR,4,train,0,0.64783
2021100310,1151,44959,George Kittle,TE,4,train,0,0.832235
2021100310,1173,47819,Deebo Samuel,WR,4,train,1,0.814113
2021100310,1290,52433,Brandon Aiyuk,WR,4,train,0,0.81864
2021100310,1391,47847,DK Metcalf,WR,4,train,0,0.25862
2021100310,1483,44959,George Kittle,TE,4,train,0,0.149907
2021100310,1522,43460,Alex Collins,RB,4,train,1,0.906943
2021100310,1592,47847,DK Metcalf,WR,4,train,1,0.820423
2021100310,1658,47847,DK Metcalf,WR,4,train,1,0.64994
2021100310,1731,47819,Deebo Samuel,WR,4,train,1,0.825104
2021100310,1807,46671,Trent Sherfield,WR,4,train,0,0.205274
2021100310,1829,40078,Kyle Juszczyk,FB,4,train,1,0.810775
2021100310,2166,47847,DK Metcalf,WR,4,train,0,0.26265
2021100310,2238,44959,George Kittle,TE,4,train,0,0.884261
2021100310,2281,47819,Deebo Samuel,WR,4,train,0,0.62326
2021100310,2328,42412,Tyler Lockett,WR,4,train,1,0.515867
2021100310,2584,52622,Freddie Swain,WR,4,train,1,0.456574
2021100310,2711,47819,Deebo Samuel,WR,4,train,1,0.518522
2021100310,2803,47847,DK Metcalf,WR,4,train,1,0.494934
2021100310,2831,43460,Alex Collins,RB,4,train,1,0.803487
2021100310,2920,47847,DK Metcalf,WR,4,train,0,0.846951
2021100310,2959,47847,DK Metcalf,WR,4,train,0,0.241582
2021100310,3013,46189,Will Dissly,TE,4,train,1,0.847893
2021100310,3062,42412,Tyler Lockett,WR,4,train,0,0.362387
2021100310,3208,47819,Deebo Samuel,WR,4,train,0,0.543825
2021100310,3338,52622,Freddie Swain,WR,4,train,0,0.86813
2021100310,3407,46671,Trent Sherfield,WR,4,train,0,0.797724
2021100310,3478,47819,Deebo Samuel,WR,4,train,1,0.558024
2021100310,3536,38613,Mohamed Sanu,WR,4,train,0,0.423469
2021100310,3700,52433,Brandon Aiyuk,WR,4,train,0,0.485198
2021100310,3733,40078,Kyle Juszczyk,FB,4,train,1,0.884214
2021100310,3815,38613,Mohamed Sanu,WR,4,train,1,0.882135
2021100310,3915,47819,Deebo Samuel,WR,4,train,0,0.666487
2021100310,3937,47819,Deebo Samuel,WR,4,train,1,0.846985
2021100310,3961,38613,Mohamed Sanu,WR,4,train,1,0.852848
2021100310,4025,38613,Mohamed Sanu,WR,4,train,1,0.738607
2021100310,4094,44959,George Kittle,TE,4,train,0,0.38594
2021100310,4116,47819,Deebo Samuel,WR,4,train,0,0.662314
2021100311,55,45267,Tim Patrick,WR,4,train,1,0.829848
2021100311,121,47803,Noah Fant,TE,4,train,0,0.690528
2021100311,143,52526,Albert Okwuegbunam,TE,4,train,0,0.161031
2021100311,298,47808,Marquise Brown,WR,4,train,0,0.339148
2021100311,320,41230,Sammy Watkins,WR,4,train,0,0.791477
2021100311,360,45267,Tim Patrick,WR,4,train,1,0.879997
2021100311,405,46109,Courtland Sutton,WR,4,train,0,0.840827
2021100311,427,47803,Noah Fant,TE,4,train,0,0.630212
2021100311,466,41230,Sammy Watkins,WR,4,train,1,0.761032
2021100311,641,45267,Tim Patrick,WR,4,train,0,0.352307
2021100311,686,42358,Melvin Gordon,RB,4,train,1,0.886984
2021100311,773,39996,Le'Veon Bell,RB,4,train,0,0.895866
2021100311,795,52500,Devin Duvernay,WR,4,train,0,0.264473
2021100311,962,47803,Noah Fant,TE,4,train,1,0.636183
2021100311,1039,52609,James Proche,WR,4,train,1,0.727705
2021100311,1084,47852,Josh Oliver,TE,4,train,0,0.413343
2021100311,1150,46155,Mark Andrews,TE,4,train,1,0.430995
2021100311,1174,46155,Mark Andrews,TE,4,train,1,0.722721
2021100311,1269,42358,Melvin Gordon,RB,4,train,0,0.782236
2021100311,1356,41230,Sammy Watkins,WR,4,train,1,0.812473
2021100311,1401,41230,Sammy Watkins,WR,4,train,0,0.718603
2021100311,1423,47808,Marquise Brown,WR,4,train,1,0.539143
2021100311,1486,46109,Courtland Sutton,WR,4,train,1,0.565178
2021100311,1510,47803,Noah Fant,TE,4,train,1,0.834936
2021100311,1630,47808,Marquise Brown,WR,4,train,1,0.689061
2021100311,1680,52500,Devin Duvernay,WR,4,train,1,0.757122
2021100311,1820,42051,Diontae Spencer,WR,4,train,0,0.227289
2021100311,1842,52766,Kendall Hinton,WR,4,train,0,0.392843
2021100311,1916,46155,Mark Andrews,TE,4,train,1,0.381672
2021100311,1961,46155,Mark Andrews,TE,4,train,0,0.2775
2021100311,1983,46155,Mark Andrews,TE,4,train,0,0.852074
2021100311,2174,41230,Sammy Watkins,WR,4,train,0,0.28066
2021100311,2255,47803,Noah Fant,TE,4,train,1,0.786091
2021100311,2279,47803,Noah Fant,TE,4,train,0,0.710248
2021100311,2301,52526,Albert Okwuegbunam,TE,4,train,1,0.517647
2021100311,2368,47803,Noah Fant,TE,4,train,0,0.689887
2021100311,2421,46155,Mark Andrews,TE,4,train,1,0.672495
2021100311,2480,52609,James Proche,WR,4,train,0,0.702158
2021100311,2569,46109,Courtland Sutton,WR,4,train,0,0.312918
2021100311,2649,45267,Tim Patrick,WR,4,train,0,0.665362
2021100311,2695,53464,Javonte Williams,RB,4,train,1,0.400153
2021100311,2758,52500,Devin Duvernay,WR,4,train,0,0.449007
2021100311,2780,52609,James Proche,WR,4,train,1,0.681865
2021100311,2809,41230,Sammy Watkins,WR,4,train,1,0.58795
2021100311,2876,52500,Devin Duvernay,WR,4,train,1,0.53692
2021100311,2900,52609,James Proche,WR,4,train,1,0.828532
2021100311,2964,46155,Mark Andrews,TE,4,train,1,0.775687
2021100311,3023,46155,Mark Andrews,TE,4,train,0,0.722653
2021100311,3045,52500,Devin Duvernay,WR,4,train,1,0.909927
2021100311,3147,47803,Noah Fant,TE,4,train,1,0.80061
2021100311,3185,46109,Courtland Sutton,WR,4,train,0,0.434191
2021100311,3309,52766,Kendall Hinton,WR,4,train,1,0.845069
2021100311,3333,45267,Tim Patrick,WR,4,train,0,0.331676
2021100311,3355,53464,Javonte Williams,RB,4,train,1,0.828457
2021100311,3379,52766,Kendall Hinton,WR,4,train,1,0.113812
2021100311,3419,46109,Courtland Sutton,WR,4,train,0,0.320895
2021100311,3484,45268,Patrick Ricard,FB,4,train,1,0.848234
2021100311,3508,41230,Sammy Watkins,WR,4,train,1,0.77467
2021100311,3609,52609,James Proche,WR,4,train,1,0.764997
2021100311,3685,46155,Mark Andrews,TE,4,train,1,0.825338
2021100311,3757,52500,Devin Duvernay,WR,4,train,0,0.631404
2021100311,3906,45267,Tim Patrick,WR,4,train,1,0.812519
2021100311,3951,47803,Noah Fant,TE,4,train,1,0.772544
2021100311,3992,46109,Courtland Sutton,WR,4,train,1,0.296678
2021100311,4033,53464,Javonte Williams,RB,4,train,1,0.54469
2021100311,4074,52766,Kendall Hinton,WR,4,train,0,0.169666
2021100311,4096,46109,Courtland Sutton,WR,4,train,0,0.364981
2021100312,55,47849,Diontae Johnson,WR,4,train,1,0.810012
2021100312,126,44874,JuJu Smith-Schuster,WR,4,train,1,0.662291
2021100312,216,47849,Diontae Johnson,WR,4,train,1,0.313721
2021100312,290,46705,Allen Lazard,WR,4,train,1,0.836658
2021100312,377,41282,Davante Adams,WR,4,train,1,0.308587
2021100312,401,41282,Davante Adams,WR,4,train,1,0.856754
2021100312,540,47849,Diontae Johnson,WR,4,train,0,0.870122
2021100312,562,44874,JuJu Smith-Schuster,WR,4,train,0,0.585352
2021100312,646,45635,Robert Tonyan,TE,4,train,0,0.814426
2021100312,690,37139,Randall Cobb,WR,4,train,0,0.667662
2021100312,712,52470,A.J. Dillon,RB,4,train,1,0.889083
2021100312,770,30842,Marcedes Lewis,TE,4,train,0,0.617458
2021100312,792,37139,Randall Cobb,WR,4,train,1,0.864889
2021100312,816,46276,Equanimeous St. Brown,WR,4,train,0,0.685207
2021100312,878,37139,Randall Cobb,WR,4,train,1,0.906865
2021100312,997,44874,JuJu Smith-Schuster,WR,4,train,0,0.836285
2021100312,1083,45635,Robert Tonyan,TE,4,train,1,0.858649
2021100312,1145,37139,Randall Cobb,WR,4,train,1,0.635702
2021100312,1307,47924,Zach Gentry,TE,4,train,1,0.848661
2021100312,1342,41236,Eric Ebron,TE,4,train,1,0.805978
2021100312,1395,44874,JuJu Smith-Schuster,WR,4,train,0,0.471987
2021100312,1438,46129,James Washington,WR,4,train,0,0.815075
2021100312,1522,30842,Marcedes Lewis,TE,4,train,1,0.897914
2021100312,1626,45635,Robert Tonyan,TE,4,train,0,0.318886
2021100312,1665,44995,Aaron Jones,RB,4,train,1,0.794905
2021100312,1689,41282,Davante Adams,WR,4,train,0,0.702232
2021100312,1735,41282,Davante Adams,WR,4,train,0,0.66795
2021100312,1757,45635,Robert Tonyan,TE,4,train,0,0.715058
2021100312,1800,44995,Aaron Jones,RB,4,train,0,0.697345
2021100312,2091,41282,Davante Adams,WR,4,train,0,0.85662
2021100312,2113,44995,Aaron Jones,RB,4,train,1,0.762944
2021100312,2188,46705,Allen Lazard,WR,4,train,0,0.242587
2021100312,2262,53453,Najee Harris,RB,4,train,1,0.83695
2021100312,2286,53453,Najee Harris,RB,4,train,1,0.879253
2021100312,2331,44874,JuJu Smith-Schuster,WR,4,train,0,0.452035
2021100312,2353,47905,Benny Snell,RB,4,train,0,0.700497
2021100312,2619,47849,Diontae Johnson,WR,4,train,0,0.607318
2021100312,2641,47849,Diontae Johnson,WR,4,train,0,0.390799
2021100312,2680,53453,Najee Harris,RB,4,train,1,0.875519
2021100312,2708,46705,Allen Lazard,WR,4,train,1,0.831539
2021100312,2769,53453,Najee Harris,RB,4,train,0,0.850345
2021100312,2791,53484,Pat Freiermuth,TE,4,train,1,0.715907
2021100312,2860,47849,Diontae Johnson,WR,4,train,1,0.865807
2021100312,2903,47849,Diontae Johnson,WR,4,train,1,0.888713
2021100312,2993,45635,Robert Tonyan,TE,4,train,1,0.829266
2021100312,3017,41282,Davante Adams,WR,4,train,0,0.617167
2021100312,3058,41236,Eric Ebron,TE,4,train,1,0.854405
2021100312,3143,46129,James Washington,WR,4,train,1,0.855999
2021100312,3189,44874,JuJu Smith-Schuster,WR,4,train,1,0.847564
2021100312,3301,45635,Robert Tonyan,TE,4,train,0,0.700653
2021100312,3323,45635,Robert Tonyan,TE,4,train,0,0.739249
2021100312,3362,41282,Davante Adams,WR,4,train,0,0.729139
2021100312,3384,47849,Diontae Johnson,WR,4,train,1,0.371733
2021100312,3442,53453,Najee Harris,RB,4,train,1,0.84182
2021100312,3466,44874,JuJu Smith-Schuster,WR,4,train,0,0.658072
2021100312,3488,46129,James Washington,WR,4,train,1,0.371843
2021100312,3513,47849,Diontae Johnson,WR,4,train,1,0.889196
2021100312,3559,47849,Diontae Johnson,WR,4,train,0,0.075249
2021100312,3728,41282,Davante Adams,WR,4,train,1,0.70766
2021100312,3865,53453,Najee Harris,RB,4,train,1,0.888339
2021100312,3889,47849,Diontae Johnson,WR,4,train,0,0.182719
2021100313,56,43324,Hunter Henry,TE,4,train,1,0.817574
2021100313,80,45185,Kendrick Bourne,WR,4,train,1,0.83766
2021100313,109,43324,Hunter Henry,TE,4,train,1,0.847445
2021100313,161,42363,Nelson Agholor,WR,4,train,0,0.276037
2021100313,202,41233,Mike Evans,WR,4,train,0,0.808695
2021100313,226,41233,Mike Evans,WR,4,train,1,0.569356
2021100313,303,35634,Antonio Brown,WR,4,train,1,0.899639
2021100313,327,42033,Cameron Brate,TE,4,train,0,0.388045
2021100313,399,48097,Jakobi Meyers,WR,4,train,0,0.850911
2021100313,494,39212,Brandon Bolden,RB,4,train,1,0.931546
2021100313,585,41233,Mike Evans,WR,4,train,0,0.412232
2021100313,654,41233,Mike Evans,WR,4,train,1,0.680358
2021100313,678,41233,Mike Evans,WR,4,train,1,0.560608
2021100313,758,46915,Codey McElroy,TE,4,train,0,0.097206
2021100313,780,42033,Cameron Brate,TE,4,train,0,0.291554
2021100313,840,45185,Kendrick Bourne,WR,4,train,1,0.76684
2021100313,885,43324,Hunter Henry,TE,4,train,0,0.513411
2021100313,907,42363,Nelson Agholor,WR,4,train,0,0.34692
2021100313,970,52569,Tyler Johnson,WR,4,train,0,0.306979
2021100313,1036,41233,Mike Evans,WR,4,train,1,0.799584
2021100313,1094,35634,Antonio Brown,WR,4,train,1,0.551128
2021100313,1163,41233,Mike Evans,WR,4,train,0,0.53467
2021100313,1185,44816,Leonard Fournette,RB,4,train,0,0.81368
2021100313,1295,45185,Kendrick Bourne,WR,4,train,1,0.527899
2021100313,1319,48097,Jakobi Meyers,WR,4,train,1,0.789134
2021100313,1343,48097,Jakobi Meyers,WR,4,train,0,0.793715
2021100313,1365,45185,Kendrick Bourne,WR,4,train,1,0.565373
2021100313,1389,47815,N'Keal Harry,WR,4,train,0,0.40371
2021100313,1475,45185,Kendrick Bourne,WR,4,train,1,0.382445
2021100313,1511,39212,Brandon Bolden,RB,4,train,1,0.855306
2021100313,1561,42363,Nelson Agholor,WR,4,train,0,0.226902
2021100313,1594,48097,Jakobi Meyers,WR,4,train,1,0.825433
2021100313,1618,43324,Hunter Henry,TE,4,train,1,0.805407
2021100313,1718,35634,Antonio Brown,WR,4,train,1,0.831076
2021100313,1789,42033,Cameron Brate,TE,4,train,0,0.366692
2021100313,1854,48097,Jakobi Meyers,WR,4,train,1,0.820174
2021100313,1878,48097,Jakobi Meyers,WR,4,train,1,0.847381
2021100313,2041,35634,Antonio Brown,WR,4,train,1,0.876464
2021100313,2070,44896,Chris Godwin,WR,4,train,1,0.476559
2021100313,2111,44896,Chris Godwin,WR,4,train,1,0.447421
2021100313,2135,42033,Cameron Brate,TE,4,train,1,0.76245
2021100313,2159,44896,Chris Godwin,WR,4,train,0,0.47121
2021100313,2181,35634,Antonio Brown,WR,4,train,0,0.827916
2021100313,2203,35634,Antonio Brown,WR,4,train,0,0.768716
2021100313,2379,42033,Cameron Brate,TE,4,train,0,0.314033
2021100313,2401,35634,Antonio Brown,WR,4,train,1,0.2604
2021100313,2496,47870,Damien Harris,RB,4,train,1,0.879059
2021100313,2541,53000,J.J. Taylor,RB,4,train,1,0.888467
2021100313,2628,44831,O.J. Howard,TE,4,train,0,0.696888
2021100313,2948,44896,Chris Godwin,WR,4,train,0,0.388011
2021100313,2970,41233,Mike Evans,WR,4,train,1,0.468223
2021100313,3086,47870,Damien Harris,RB,4,train,1,0.655006
2021100313,3110,42363,Nelson Agholor,WR,4,train,1,0.798002
2021100313,3134,48097,Jakobi Meyers,WR,4,train,1,0.860802
2021100313,3158,47815,N'Keal Harry,WR,4,train,1,0.755579
2021100313,3182,44912,Jonnu Smith,TE,4,train,1,0.912467
2021100313,3254,44912,Jonnu Smith,TE,4,train,1,0.87172
2021100313,3367,35634,Antonio Brown,WR,4,train,1,0.735506
2021100313,3417,41233,Mike Evans,WR,4,train,0,0.669288
2021100313,3550,41233,Mike Evans,WR,4,train,0,0.380834
2021100313,3572,42033,Cameron Brate,TE,4,train,1,0.830946
2021100313,3617,44816,Leonard Fournette,RB,4,train,0,0.890943
2021100313,3639,52569,Tyler Johnson,WR,4,train,0,0.067284
2021100313,3695,42363,Nelson Agholor,WR,4,train,1,0.665457
2021100313,3719,48097,Jakobi Meyers,WR,4,train,1,0.853733
2021100313,3743,48097,Jakobi Meyers,WR,4,train,1,0.497017
2021100313,3800,44912,Jonnu Smith,TE,4,train,0,0.165347
2021100313,3822,44912,Jonnu Smith,TE,4,train,0,0.64061
2021100313,3906,44816,Leonard Fournette,RB,4,train,0,0.355811
2021100313,3966,41233,Mike Evans,WR,4,train,1,0.728026
2021100313,4001,41233,Mike Evans,WR,4,train,1,0.539845
2021100313,4028,35634,Antonio Brown,WR,4,train,1,0.682557
2021100313,4100,35634,Antonio Brown,WR,4,train,0,0.3221
2021100313,4139,35634,Antonio Brown,WR,4,train,0,0.323397
2021100313,4216,43324,Hunter Henry,TE,4,train,0,0.157494
2021100313,4249,43324,Hunter Henry,TE,4,train,1,0.799645
2021100313,4296,39212,Brandon Bolden,RB,4,train,1,0.868383
2021100313,4325,48097,Jakobi Meyers,WR,4,train,0,0.239385
2021100313,4347,48097,Jakobi Meyers,WR,4,train,1,0.805865
2021100313,4376,48097,Jakobi Meyers,WR,4,train,0,0.790575
2021100400,81,40024,Keenan Allen,WR,4,train,1,0.854436
2021100400,149,40024,Keenan Allen,WR,4,train,1,0.600192
2021100400,196,34540,Jared Cook,TE,4,train,1,0.737621
2021100400,262,46320,Justin Jackson,RB,4,train,1,0.854478
2021100400,312,46320,Justin Jackson,RB,4,train,1,0.900989
2021100400,380,48456,Donald Parham,TE,4,train,1,0.67226
2021100400,485,47932,Hunter Renfrow,WR,4,train,0,0.816546
2021100400,592,40024,Keenan Allen,WR,4,train,0,0.812315
2021100400,644,47932,Hunter Renfrow,WR,4,train,0,0.792709
2021100400,666,52420,Henry Ruggs,WR,4,train,1,0.803689
2021100400,819,48556,Jalen Guyton,WR,4,train,0,0.196445
2021100400,841,46320,Justin Jackson,RB,4,train,1,0.928822
2021100400,964,47932,Hunter Renfrow,WR,4,train,1,0.825211
2021100400,1077,44819,Mike Williams,WR,4,train,0,0.449262
2021100400,1198,47807,Josh Jacobs,RB,4,train,1,0.894257
2021100400,1222,45573,Austin Ekeler,RB,4,train,1,0.888728
2021100400,1289,40024,Keenan Allen,WR,4,train,1,0.632472
2021100400,1338,52420,Henry Ruggs,WR,4,train,1,0.839593
2021100400,1362,52420,Henry Ruggs,WR,4,train,0,0.472418
2021100400,1384,42547,Darren Waller,TE,4,train,1,0.563377
2021100400,1424,42547,Darren Waller,TE,4,train,0,0.801963
2021100400,1468,47932,Hunter Renfrow,WR,4,train,1,0.878785
2021100400,1522,44819,Mike Williams,WR,4,train,1,0.378477
2021100400,1599,43845,Stephen Anderson,TE,4,train,1,0.855969
2021100400,1650,46320,Justin Jackson,RB,4,train,1,0.869148
2021100400,1674,34540,Jared Cook,TE,4,train,1,0.622092
2021100400,1891,45573,Austin Ekeler,RB,4,train,1,0.880903
2021100400,1953,45573,Austin Ekeler,RB,4,train,0,0.405472
2021100400,1975,34540,Jared Cook,TE,4,train,1,0.3755
2021100400,1999,40024,Keenan Allen,WR,4,train,1,0.432188
2021100400,2023,48456,Donald Parham,TE,4,train,1,0.888007
2021100400,2047,48556,Jalen Guyton,WR,4,train,1,0.528225
2021100400,2088,45573,Austin Ekeler,RB,4,train,1,0.735495
2021100400,2278,47807,Josh Jacobs,RB,4,train,1,0.878477
2021100400,2302,41500,Willie Snead,WR,4,train,1,0.694548
2021100400,2386,42547,Darren Waller,TE,4,train,1,0.809934
2021100400,2457,47932,Hunter Renfrow,WR,4,train,1,0.860607
2021100400,2524,47807,Josh Jacobs,RB,4,train,1,0.90392
2021100400,2548,47932,Hunter Renfrow,WR,4,train,1,0.703155
2021100400,2659,40024,Keenan Allen,WR,4,train,0,0.39136
2021100400,2747,48456,Donald Parham,TE,4,train,0,0.266372
2021100400,2829,47807,Josh Jacobs,RB,4,train,1,0.863605
2021100400,2858,52420,Henry Ruggs,WR,4,train,0,0.39818
2021100400,2912,42547,Darren Waller,TE,4,train,1,0.748802
2021100400,2979,42547,Darren Waller,TE,4,train,1,0.371992
2021100400,3047,40024,Keenan Allen,WR,4,train,1,0.786711
2021100400,3116,34540,Jared Cook,TE,4,train,1,0.808436
2021100400,3231,44819,Mike Williams,WR,4,train,0,0.053839
2021100400,3257,45573,Austin Ekeler,RB,4,train,0,0.686181
2021100400,3279,34540,Jared Cook,TE,4,train,0,0.744793
2021100400,3337,52420,Henry Ruggs,WR,4,train,1,0.255207
2021100400,3504,40024,Keenan Allen,WR,4,train,0,0.772596
2021100400,3526,34540,Jared Cook,TE,4,train,1,0.573743
2021100400,3711,47932,Hunter Renfrow,WR,4,train,1,0.759629
2021100400,3735,52489,Bryan Edwards,WR,4,train,0,0.796058
2021100400,3757,52489,Bryan Edwards,WR,4,train,1,0.853795
2021100400,3781,47932,Hunter Renfrow,WR,4,train,1,0.823544
2021100400,3805,52420,Henry Ruggs,WR,4,train,0,0.550536
2021100400,3859,42547,Darren Waller,TE,4,train,0,0.321795
2021100400,4096,42547,Darren Waller,TE,4,train,0,0.847015
2021100400,4139,52489,Bryan Edwards,WR,4,train,0,0.28276
2021100400,4161,52420,Henry Ruggs,WR,4,train,0,0.509022
2021100700,95,52465,Van Jefferson,WR,5,train,1,0.241433
2021100700,165,44881,Cooper Kupp,WR,5,train,0,0.403838
2021100700,227,42412,Tyler Lockett,WR,5,train,1,0.670076
2021100700,272,42412,Tyler Lockett,WR,5,train,1,0.793624
2021100700,301,43460,Alex Collins,RB,5,train,0,0.51514
2021100700,372,44881,Cooper Kupp,WR,5,train,1,0.832551
2021100700,417,44881,Cooper Kupp,WR,5,train,1,0.760244
2021100700,523,46189,Will Dissly,TE,5,train,0,0.87116
2021100700,545,46189,Will Dissly,TE,5,train,0,0.822619
2021100700,599,47847,DK Metcalf,WR,5,train,1,0.581515
2021100700,734,33130,DeSean Jackson,WR,5,train,0,0.683927
2021100700,799,39989,Robert Woods,WR,5,train,1,0.707565
2021100700,823,39989,Robert Woods,WR,5,train,1,0.790146
2021100700,988,42412,Tyler Lockett,WR,5,train,0,0.280989
2021100700,1014,52465,Van Jefferson,WR,5,train,0,0.251979
2021100700,1036,44881,Cooper Kupp,WR,5,train,1,0.831706
2021100700,1143,42412,Tyler Lockett,WR,5,train,0,0.391798
2021100700,1205,47847,DK Metcalf,WR,5,train,1,0.628874
2021100700,1336,39989,Robert Woods,WR,5,train,1,0.722435
2021100700,1381,44881,Cooper Kupp,WR,5,train,1,0.915666
2021100700,1405,46100,Sony Michel,RB,5,train,1,0.770991
2021100700,1492,39989,Robert Woods,WR,5,train,1,0.717264
2021100700,1649,52552,DeeJay Dallas,RB,5,train,1,0.425595
2021100700,1694,42412,Tyler Lockett,WR,5,train,0,0.328103
2021100700,1727,52622,Freddie Swain,WR,5,train,1,0.849998
2021100700,1775,42412,Tyler Lockett,WR,5,train,1,0.648527
2021100700,1828,42412,Tyler Lockett,WR,5,train,1,0.897179
2021100700,1939,42412,Tyler Lockett,WR,5,train,1,0.777544
2021100700,1984,48119,Penny Hart,WR,5,train,1,0.593774
2021100700,2110,39989,Robert Woods,WR,5,train,1,0.820609
2021100700,2139,39989,Robert Woods,WR,5,train,0,0.685231
2021100700,2161,39989,Robert Woods,WR,5,train,1,0.678341
2021100700,2185,39989,Robert Woods,WR,5,train,0,0.735134
2021100700,2207,44881,Cooper Kupp,WR,5,train,0,0.569239
2021100700,2229,33130,DeSean Jackson,WR,5,train,1,0.433323
2021100700,2353,42412,Tyler Lockett,WR,5,train,0,0.149235
2021100700,2466,39989,Robert Woods,WR,5,train,1,0.466841
2021100700,2490,39989,Robert Woods,WR,5,train,1,0.43518
2021100700,2540,43399,Tyler Higbee,TE,5,train,1,0.684763
2021100700,2617,52541,Colby Parkinson,TE,5,train,1,0.871102
2021100700,2748,44881,Cooper Kupp,WR,5,train,1,0.603136
2021100700,2833,33130,DeSean Jackson,WR,5,train,0,0.314939
2021100700,2906,47847,DK Metcalf,WR,5,train,0,0.502662
2021100700,2939,47847,DK Metcalf,WR,5,train,1,0.818086
2021100700,2963,46189,Will Dissly,TE,5,train,1,0.212358
2021100700,3029,52552,DeeJay Dallas,RB,5,train,1,0.914943
2021100700,3095,46189,Will Dissly,TE,5,train,1,0.676548
2021100700,3119,47847,DK Metcalf,WR,5,train,1,0.424851
2021100700,3206,39989,Robert Woods,WR,5,train,1,0.814873
2021100700,3230,44881,Cooper Kupp,WR,5,train,1,0.555233
2021100700,3275,44881,Cooper Kupp,WR,5,train,1,0.325502
2021100700,3373,42412,Tyler Lockett,WR,5,train,1,0.826303
2021100700,3425,52622,Freddie Swain,WR,5,train,0,0.11064
2021100700,3447,43460,Alex Collins,RB,5,train,1,0.825599
2021100700,3471,47847,DK Metcalf,WR,5,train,1,0.676503
2021100700,3495,42412,Tyler Lockett,WR,5,train,0,0.185045
2021100700,3562,42412,Tyler Lockett,WR,5,train,0,0.540443
2021100700,3584,46189,Will Dissly,TE,5,train,0,0.473954
2021100700,3606,52622,Freddie Swain,WR,5,train,0,0.518125
2021100700,3800,44881,Cooper Kupp,WR,5,train,0,0.493764
2021100700,3841,42412,Tyler Lockett,WR,5,train,0,0.409709
2021100700,4074,47987,Travis Homer,RB,5,train,1,0.913411
2021101000,55,53433,Kyle Pitts,TE,5,train,1,0.820296
2021101000,121,46094,Hayden Hurst,TE,5,train,0,0.14831
2021101000,143,43429,Tajae Sharpe,WR,5,train,0,0.506405
2021101000,197,43429,Tajae Sharpe,WR,5,train,0,0.38674
2021101000,219,37234,Lee Smith,TE,5,train,1,0.842598
2021101000,319,53433,Kyle Pitts,TE,5,train,1,0.820745
2021101000,364,53433,Kyle Pitts,TE,5,train,0,0.239651
2021101000,486,42448,Jamison Crowder,WR,5,train,0,0.74721
2021101000,625,43429,Tajae Sharpe,WR,5,train,1,0.609016
2021101000,670,53433,Kyle Pitts,TE,5,train,1,0.183269
2021101000,715,37234,Lee Smith,TE,5,train,1,0.877228
2021101000,739,39975,Cordarrelle Patterson,RB,5,train,1,0.802723
2021101000,763,53433,Kyle Pitts,TE,5,train,1,0.513473
2021101000,828,44817,Corey Davis,WR,5,train,0,0.402775
2021101000,888,47969,Ty Johnson,RB,5,train,1,0.764973
2021101000,982,39975,Cordarrelle Patterson,RB,5,train,1,0.722318
2021101000,1051,53433,Kyle Pitts,TE,5,train,1,0.313984
2021101000,1112,39975,Cordarrelle Patterson,RB,5,train,0,0.754845
2021101000,1134,46094,Hayden Hurst,TE,5,train,1,0.811469
2021101000,1190,40149,Ryan Griffin,TE,5,train,0,0.888392
2021101000,1212,45555,Keelan Cole,WR,5,train,0,0.76809
2021101000,1238,37234,Lee Smith,TE,5,train,1,0.683955
2021101000,1268,46094,Hayden Hurst,TE,5,train,1,0.67679
2021101000,1329,44817,Corey Davis,WR,5,train,1,0.612983
2021101000,1374,52467,Denzel Mims,WR,5,train,0,0.593877
2021101000,1396,44817,Corey Davis,WR,5,train,0,0.26252
2021101000,1492,53536,Michael Carter,RB,5,train,1,0.906973
2021101000,1516,53463,Elijah Moore,WR,5,train,0,0.554713
2021101000,1538,42448,Jamison Crowder,WR,5,train,1,0.60078
2021101000,1676,44817,Corey Davis,WR,5,train,1,0.730024
2021101000,1781,39975,Cordarrelle Patterson,RB,5,train,0,0.091616
2021101000,1803,46394,Christian Blake,WR,5,train,1,0.6401
2021101000,1827,42469,Mike Davis,RB,5,train,1,0.853485
2021101000,1872,46394,Christian Blake,WR,5,train,0,0.467082
2021101000,1894,53433,Kyle Pitts,TE,5,train,0,0.330875
2021101000,1927,42469,Mike Davis,RB,5,train,0,0.709937
2021101000,1949,46394,Christian Blake,WR,5,train,0,0.561174
2021101000,1971,53433,Kyle Pitts,TE,5,train,1,0.18027
2021101000,2283,39975,Cordarrelle Patterson,RB,5,train,1,0.716365
2021101000,2307,46094,Hayden Hurst,TE,5,train,1,0.819155
2021101000,2340,48374,Olamide Zaccheaus,WR,5,train,0,0.860774
2021101000,2362,48374,Olamide Zaccheaus,WR,5,train,0,0.203815
2021101000,2402,53536,Michael Carter,RB,5,train,1,0.831761
2021101000,2452,44817,Corey Davis,WR,5,train,0,0.246684
2021101000,2474,40149,Ryan Griffin,TE,5,train,1,0.855523
2021101000,2576,42469,Mike Davis,RB,5,train,0,0.819011
2021101000,2598,43429,Tajae Sharpe,WR,5,train,1,0.469727
2021101000,2648,43429,Tajae Sharpe,WR,5,train,1,0.86806
2021101000,2722,46094,Hayden Hurst,TE,5,train,1,0.58162
2021101000,2837,53463,Elijah Moore,WR,5,train,0,0.323619
2021101000,2969,48374,Olamide Zaccheaus,WR,5,train,1,0.841891
2021101000,3035,53433,Kyle Pitts,TE,5,train,1,0.68124
2021101000,3080,53433,Kyle Pitts,TE,5,train,1,0.688694
2021101000,3120,43429,Tajae Sharpe,WR,5,train,1,0.846692
2021101000,3144,39975,Cordarrelle Patterson,RB,5,train,1,0.451146
2021101000,3187,42448,Jamison Crowder,WR,5,train,1,0.866634
2021101000,3211,45555,Keelan Cole,WR,5,train,1,0.629747
2021101000,3235,40149,Ryan Griffin,TE,5,train,1,0.870684
2021101000,3270,52467,Denzel Mims,WR,5,train,1,0.278817
2021101000,3294,53463,Elijah Moore,WR,5,train,0,0.458838
2021101000,3397,53433,Kyle Pitts,TE,5,train,1,0.509567
2021101000,3442,53433,Kyle Pitts,TE,5,train,1,0.783795
2021101000,3500,48374,Olamide Zaccheaus,WR,5,train,1,0.773743
2021101000,3545,39975,Cordarrelle Patterson,RB,5,train,1,0.759189
2021101000,3700,44817,Corey Davis,WR,5,train,1,0.913687
2021101000,3765,45555,Keelan Cole,WR,5,train,1,0.718737
2021101000,3789,47969,Ty Johnson,RB,5,train,1,0.395616
2021101000,3814,47969,Ty Johnson,RB,5,train,0,0.784153
2021101000,3836,52467,Denzel Mims,WR,5,train,1,0.886617
2021101000,3860,42448,Jamison Crowder,WR,5,train,1,0.857247
2021101000,3911,44817,Corey Davis,WR,5,train,1,0.716144
2021101000,3952,44817,Corey Davis,WR,5,train,0,0.899069
2021101001,62,52429,Jalen Reagor,WR,5,train,0,0.816238
2021101001,206,46140,Royce Freeman,RB,5,train,1,0.801405
2021101001,311,53555,Chuba Hubbard,RB,5,train,0,0.834497
2021101001,450,52429,Jalen Reagor,WR,5,train,0,0.747743
2021101001,539,46093,D.J. Moore,WR,5,train,0,0.305208
2021101001,613,53439,DeVonta Smith,WR,5,train,1,0.483128
2021101001,735,46170,Ian Thomas,TE,5,train,1,0.77586
2021101001,828,46093,D.J. Moore,WR,5,train,1,0.738703
2021101001,873,43808,Robby Anderson,WR,5,train,0,0.664197
2021101001,895,53512,Tommy Tremble,TE,5,train,1,0.77929
2021101001,973,52429,Jalen Reagor,WR,5,train,1,0.809853
2021101001,997,53579,Kenneth Gainwell,RB,5,train,1,0.693684
2021101001,1063,39983,Zach Ertz,TE,5,train,0,0.472193
2021101001,1184,46093,D.J. Moore,WR,5,train,1,0.82545
2021101001,1229,43808,Robby Anderson,WR,5,train,0,0.256277
2021101001,1251,53488,Terrace Marshall,WR,5,train,0,0.511035
2021101001,1313,47836,Miles Sanders,RB,5,train,1,0.908194
2021101001,1359,39983,Zach Ertz,TE,5,train,1,0.81011
2021101001,1429,53579,Kenneth Gainwell,RB,5,train,0,0.922927
2021101001,1602,46118,Dallas Goedert,TE,5,train,1,0.460637
2021101001,1679,53555,Chuba Hubbard,RB,5,train,1,0.824778
2021101001,1974,53555,Chuba Hubbard,RB,5,train,1,0.845158
2021101001,2019,43808,Robby Anderson,WR,5,train,1,0.795313
2021101001,2095,52429,Jalen Reagor,WR,5,train,1,0.274173
2021101001,2135,53439,DeVonta Smith,WR,5,train,1,0.286663
2021101001,2176,52429,Jalen Reagor,WR,5,train,0,0.287021
2021101001,2209,53439,DeVonta Smith,WR,5,train,1,0.816284
2021101001,2250,39983,Zach Ertz,TE,5,train,0,0.546501
2021101001,2330,53512,Tommy Tremble,TE,5,train,1,0.806832
2021101001,2391,53555,Chuba Hubbard,RB,5,train,1,0.759845
2021101001,2415,46140,Royce Freeman,RB,5,train,0,0.737294
2021101001,2437,43808,Robby Anderson,WR,5,train,0,0.341403
2021101001,2540,53439,DeVonta Smith,WR,5,train,1,0.697875
2021101001,2660,39983,Zach Ertz,TE,5,train,0,0.567853
2021101001,2747,46093,D.J. Moore,WR,5,train,0,0.480875
2021101001,2773,46118,Dallas Goedert,TE,5,train,1,0.835931
2021101001,2865,53555,Chuba Hubbard,RB,5,train,1,0.875468
2021101001,2889,46170,Ian Thomas,TE,5,train,1,0.582628
2021101001,2934,46093,D.J. Moore,WR,5,train,1,0.8307
2021101001,2958,53512,Tommy Tremble,TE,5,train,0,0.52656
2021101001,3024,53439,DeVonta Smith,WR,5,train,1,0.606984
2021101001,3095,53439,DeVonta Smith,WR,5,train,0,0.124777
2021101001,3117,52608,Quez Watkins,WR,5,train,1,0.451604
2021101001,3316,53488,Terrace Marshall,WR,5,train,1,0.598262
2021101001,3389,46170,Ian Thomas,TE,5,train,1,0.765876
2021101001,3597,52608,Quez Watkins,WR,5,train,0,0.579805
2021101001,3630,53439,DeVonta Smith,WR,5,train,1,0.498823
2021101001,3748,53579,Kenneth Gainwell,RB,5,train,0,0.540694
2021101001,3772,39983,Zach Ertz,TE,5,train,0,0.715777
2021101001,3836,43808,Robby Anderson,WR,5,train,0,0.671521
2021101001,3906,46118,Dallas Goedert,TE,5,train,1,0.698816
2021101001,4003,53512,Tommy Tremble,TE,5,train,0,0.696509
2021101001,4025,46170,Ian Thomas,TE,5,train,0,0.72652
2021101001,4070,43808,Robby Anderson,WR,5,train,1,0.599704
2021101001,4094,43808,Robby Anderson,WR,5,train,0,0.736424
2021101001,4116,43808,Robby Anderson,WR,5,train,0,0.512317
2021101002,176,44995,Aaron Jones,RB,5,train,0,0.264377
2021101002,223,52441,Tee Higgins,WR,5,train,1,0.835226
2021101002,247,53434,Ja'Marr Chase,WR,5,train,1,0.733072
2021101002,317,37139,Randall Cobb,WR,5,train,1,0.656766
2021101002,341,41282,Davante Adams,WR,5,train,0,0.279381
2021101002,367,47835,Drew Sample,TE,5,train,0,0.85374
2021101002,422,42500,C.J. Uzomah,TE,5,train,1,0.912693
2021101002,484,41282,Davante Adams,WR,5,train,0,0.697519
2021101002,506,45635,Robert Tonyan,TE,5,train,0,0.065347
2021101002,567,53434,Ja'Marr Chase,WR,5,train,0,0.562714
2021101002,589,53434,Ja'Marr Chase,WR,5,train,0,0.256683
2021101002,611,44927,Samaje Perine,RB,5,train,1,0.80654
2021101002,656,47835,Drew Sample,TE,5,train,1,0.862069
2021101002,680,42500,C.J. Uzomah,TE,5,train,1,0.749402
2021101002,704,44860,Joe Mixon,RB,5,train,1,0.847911
2021101002,728,44927,Samaje Perine,RB,5,train,1,0.866016
2021101002,752,44927,Samaje Perine,RB,5,train,1,0.820187
2021101002,808,41282,Davante Adams,WR,5,train,1,0.75536
2021101002,896,41282,Davante Adams,WR,5,train,1,0.408541
2021101002,920,30842,Marcedes Lewis,TE,5,train,1,0.90114
2021101002,968,52470,A.J. Dillon,RB,5,train,1,0.884534
2021101002,1024,52441,Tee Higgins,WR,5,train,1,0.795194
2021101002,1112,52470,A.J. Dillon,RB,5,train,1,0.836798
2021101002,1141,41282,Davante Adams,WR,5,train,1,0.548429
2021101002,1233,41282,Davante Adams,WR,5,train,0,0.159029
2021101002,1315,53434,Ja'Marr Chase,WR,5,train,0,0.600741
2021101002,1408,44995,Aaron Jones,RB,5,train,1,0.876451
2021101002,1437,41282,Davante Adams,WR,5,train,1,0.691734
2021101002,1482,52470,A.J. Dillon,RB,5,train,1,0.874069
2021101002,1529,44995,Aaron Jones,RB,5,train,1,0.811405
2021101002,1575,41282,Davante Adams,WR,5,train,1,0.642268
2021101002,1693,52441,Tee Higgins,WR,5,train,1,0.84666
2021101002,1717,53434,Ja'Marr Chase,WR,5,train,1,0.266582
2021101002,1905,53434,Ja'Marr Chase,WR,5,train,1,0.708388
2021101002,1929,46322,Auden Tate,WR,5,train,0,0.38695
2021101002,1957,46705,Allen Lazard,WR,5,train,1,0.855294
2021101002,2005,41282,Davante Adams,WR,5,train,1,0.717446
2021101002,2076,45635,Robert Tonyan,TE,5,train,1,0.170415
2021101002,2168,44995,Aaron Jones,RB,5,train,1,0.893142
2021101002,2192,41282,Davante Adams,WR,5,train,1,0.773824
2021101002,2273,53434,Ja'Marr Chase,WR,5,train,1,0.416275
2021101002,2318,44927,Samaje Perine,RB,5,train,0,0.604747
2021101002,2340,43344,Tyler Boyd,WR,5,train,1,0.732508
2021101002,2406,53434,Ja'Marr Chase,WR,5,train,0,0.402162
2021101002,2452,52441,Tee Higgins,WR,5,train,0,0.280054
2021101002,2641,41282,Davante Adams,WR,5,train,1,0.594609
2021101002,2728,37139,Randall Cobb,WR,5,train,0,0.362081
2021101002,2866,52441,Tee Higgins,WR,5,train,1,0.679715
2021101002,2924,53631,Chris Evans,RB,5,train,1,0.739315
2021101002,3011,47835,Drew Sample,TE,5,train,0,0.505538
2021101002,3033,53434,Ja'Marr Chase,WR,5,train,1,0.447383
2021101002,3227,41282,Davante Adams,WR,5,train,0,0.492543
2021101002,3269,43344,Tyler Boyd,WR,5,train,1,0.874727
2021101002,3331,53631,Chris Evans,RB,5,train,1,0.87614
2021101002,3355,52441,Tee Higgins,WR,5,train,0,0.570041
2021101002,3377,43344,Tyler Boyd,WR,5,train,1,0.816927
2021101002,3423,44927,Samaje Perine,RB,5,train,1,0.886223
2021101002,3522,41282,Davante Adams,WR,5,train,1,0.263564
2021101002,3647,43344,Tyler Boyd,WR,5,train,0,0.658471
2021101002,3806,53434,Ja'Marr Chase,WR,5,train,1,0.625611
2021101002,3935,41282,Davante Adams,WR,5,train,0,0.224944
2021101002,4043,37139,Randall Cobb,WR,5,train,1,0.426122
2021101003,148,45339,Pharaoh Brown,TE,5,train,0,0.832215
2021101003,182,41246,Brandin Cooks,WR,5,train,0,0.242844
2021101003,318,41246,Brandin Cooks,WR,5,train,0,0.577965
2021101003,399,42429,David Johnson,RB,5,train,1,0.715999
2021101003,518,45321,Antony Auclair,TE,5,train,1,0.824494
2021101003,616,45185,Kendrick Bourne,WR,5,train,1,0.689912
2021101003,703,42363,Nelson Agholor,WR,5,train,1,0.538581
2021101003,846,42429,David Johnson,RB,5,train,1,0.735281
2021101003,896,43396,Chris Moore,WR,5,train,1,0.138999
2021101003,1006,47815,N'Keal Harry,WR,5,train,1,0.718238
2021101003,1051,48097,Jakobi Meyers,WR,5,train,1,0.764073
2021101003,1075,44912,Jonnu Smith,TE,5,train,1,0.800857
2021101003,1110,44912,Jonnu Smith,TE,5,train,1,0.848506
2021101003,1236,46167,Jordan Akins,TE,5,train,1,0.558628
2021101003,1414,45339,Pharaoh Brown,TE,5,train,0,0.251014
2021101003,1459,42429,David Johnson,RB,5,train,0,0.287976
2021101003,1481,43396,Chris Moore,WR,5,train,1,0.681457
2021101003,1505,42419,Chris Conley,WR,5,train,1,0.434184
2021101003,1546,43396,Chris Moore,WR,5,train,0,0.701707
2021101003,1753,43324,Hunter Henry,TE,5,train,1,0.854796
2021101003,1777,45185,Kendrick Bourne,WR,5,train,1,0.481269
2021101003,1801,43324,Hunter Henry,TE,5,train,0,0.839246
2021101003,1829,48097,Jakobi Meyers,WR,5,train,0,0.637748
2021101003,1874,43324,Hunter Henry,TE,5,train,0,0.614081
2021101003,1896,43324,Hunter Henry,TE,5,train,1,0.889985
2021101003,1920,48097,Jakobi Meyers,WR,5,train,1,0.596015
2021101003,2089,42363,Nelson Agholor,WR,5,train,0,0.452986
2021101003,2229,39212,Brandon Bolden,RB,5,train,1,0.85483
2021101003,2253,48097,Jakobi Meyers,WR,5,train,0,0.603577
2021101003,2359,41246,Brandin Cooks,WR,5,train,0,0.247466
2021101003,2523,45339,Pharaoh Brown,TE,5,train,1,0.830512
2021101003,2579,42429,David Johnson,RB,5,train,1,0.74115
2021101003,2679,43324,Hunter Henry,TE,5,train,1,0.776133
2021101003,2725,42363,Nelson Agholor,WR,5,train,1,0.852342
2021101003,2906,43396,Chris Moore,WR,5,train,1,0.729014
2021101003,2972,42419,Chris Conley,WR,5,train,0,0.473774
2021101003,2994,41246,Brandin Cooks,WR,5,train,1,0.773064
2021101003,3076,43324,Hunter Henry,TE,5,train,1,0.771615
2021101003,3184,43324,Hunter Henry,TE,5,train,1,0.451084
2021101003,3280,41246,Brandin Cooks,WR,5,train,1,0.469639
2021101003,3332,48097,Jakobi Meyers,WR,5,train,1,0.785046
2021101003,3420,39212,Brandon Bolden,RB,5,train,1,0.85017
2021101003,3449,47815,N'Keal Harry,WR,5,train,0,0.550819
2021101003,3525,43324,Hunter Henry,TE,5,train,1,0.656095
2021101003,3549,47815,N'Keal Harry,WR,5,train,0,0.630934
2021101003,3879,42419,Chris Conley,WR,5,train,1,0.862289
2021101004,77,38696,Marvin Jones,WR,5,train,0,0.162544
2021101004,99,45785,Dan Arnold,TE,5,train,1,0.866602
2021101004,314,47834,A.J. Brown,WR,5,train,1,0.887073
2021101004,391,47834,A.J. Brown,WR,5,train,0,0.795434
2021101004,436,45355,Anthony Firkser,TE,5,train,1,0.884963
2021101004,479,45785,Dan Arnold,TE,5,train,1,0.320207
2021101004,503,52733,James Robinson,RB,5,train,1,0.88531
2021101004,538,39954,Tavon Austin,WR,5,train,1,0.859636
2021101004,585,52733,James Robinson,RB,5,train,1,0.877399
2021101004,676,47834,A.J. Brown,WR,5,train,0,0.492227
2021101004,698,44975,Jeremy McNichols,RB,5,train,1,0.719798
2021101004,727,47834,A.J. Brown,WR,5,train,0,0.542944
2021101004,770,44930,Josh Reynolds,WR,5,train,0,0.085548
2021101004,845,44003,Marcus Johnson,WR,5,train,1,0.676868
2021101004,869,47834,A.J. Brown,WR,5,train,1,0.87577
2021101004,1035,38696,Marvin Jones,WR,5,train,1,0.349078
2021101004,1059,44978,Jamal Agnew,WR,5,train,1,0.873799
2021101004,1083,39954,Tavon Austin,WR,5,train,1,0.739363
2021101004,1182,45281,Jacob Hollister,TE,5,train,1,0.711146
2021101004,1233,44003,Marcus Johnson,WR,5,train,1,0.466863
2021101004,1397,42486,MyCole Pruitt,TE,5,train,1,0.839163
2021101004,1547,38696,Marvin Jones,WR,5,train,0,0.104615
2021101004,1590,44978,Jamal Agnew,WR,5,train,0,0.672669
2021101004,1708,43556,Chester Rogers,WR,5,train,1,0.807471
2021101004,1732,45355,Anthony Firkser,TE,5,train,0,0.291654
2021101004,1857,45785,Dan Arnold,TE,5,train,1,0.862674
2021101004,1917,39954,Tavon Austin,WR,5,train,1,0.871493
2021101004,2089,44003,Marcus Johnson,WR,5,train,1,0.698469
2021101004,2176,47834,A.J. Brown,WR,5,train,1,0.304051
2021101004,2231,42589,Geoff Swaim,TE,5,train,0,0.092231
2021101004,2552,44003,Marcus Johnson,WR,5,train,0,0.884678
2021101004,2574,45355,Anthony Firkser,TE,5,train,1,0.760577
2021101004,2784,38696,Marvin Jones,WR,5,train,0,0.189378
2021101004,2956,45785,Dan Arnold,TE,5,train,0,0.66645
2021101004,3043,44003,Marcus Johnson,WR,5,train,0,0.736435
2021101004,3129,52450,Laviska Shenault,WR,5,train,1,0.709496
2021101004,3157,45785,Dan Arnold,TE,5,train,0,0.404446
2021101004,3207,44978,Jamal Agnew,WR,5,train,0,0.186419
2021101004,3239,52450,Laviska Shenault,WR,5,train,0,0.672926
2021101004,3261,38696,Marvin Jones,WR,5,train,0,0.645086
2021101004,3472,45355,Anthony Firkser,TE,5,train,1,0.880263
2021101004,3515,52733,James Robinson,RB,5,train,0,0.797828
2021101004,3548,39954,Tavon Austin,WR,5,train,1,0.802824
2021101004,3616,45785,Dan Arnold,TE,5,train,1,0.80775
2021101004,3640,45785,Dan Arnold,TE,5,train,0,0.47531
2021101004,3861,44978,Jamal Agnew,WR,5,train,1,0.522666
2021101004,3885,39954,Tavon Austin,WR,5,train,1,0.254414
2021101004,3914,45785,Dan Arnold,TE,5,train,1,0.903122
2021101004,3956,45719,Dare Ogunbowale,RB,5,train,1,0.827266
2021101004,3997,44978,Jamal Agnew,WR,5,train,1,0.851343
2021101004,4067,52450,Laviska Shenault,WR,5,train,0,0.455043
2021101004,4089,38696,Marvin Jones,WR,5,train,0,0.084226
2021101005,101,47791,T.J. Hockenson,TE,5,train,1,0.873332
2021101005,201,52574,Quintez Cephus,WR,5,train,1,0.755252
2021101005,225,53541,Amon-Ra St. Brown,WR,5,train,0,0.495785
2021101005,268,46992,KhaDarel Hodge,WR,5,train,0,0.656724
2021101005,330,46226,Tyler Conklin,TE,5,train,0,0.823157
2021101005,378,52430,Justin Jefferson,WR,5,train,1,0.282687
2021101005,402,52725,Ben Ellefson,TE,5,train,0,0.861163
2021101005,445,52430,Justin Jefferson,WR,5,train,1,0.527639
2021101005,495,47885,Alexander Mattison,RB,5,train,1,0.814486
2021101005,519,44923,Dede Westbrook,WR,5,train,0,0.516169
2021101005,575,44947,Jamaal Williams,RB,5,train,1,0.786378
2021101005,620,47791,T.J. Hockenson,TE,5,train,0,0.681703
2021101005,918,52430,Justin Jefferson,WR,5,train,0,0.623871
2021101005,940,52430,Justin Jefferson,WR,5,train,1,0.635219
2021101005,964,47885,Alexander Mattison,RB,5,train,1,0.776017
2021101005,1044,47885,Alexander Mattison,RB,5,train,1,0.836792
2021101005,1106,44923,Dede Westbrook,WR,5,train,1,0.331043
2021101005,1185,53541,Amon-Ra St. Brown,WR,5,train,1,0.825597
2021101005,1256,52574,Quintez Cephus,WR,5,train,1,0.716092
2021101005,1341,52430,Justin Jefferson,WR,5,train,1,0.4675
2021101005,1396,52430,Justin Jefferson,WR,5,train,1,0.389227
2021101005,1420,52584,K.J. Osborn,WR,5,train,1,0.881445
2021101005,1476,47885,Alexander Mattison,RB,5,train,1,0.86921
2021101005,1532,44947,Jamaal Williams,RB,5,train,1,0.897473
2021101005,1573,53541,Amon-Ra St. Brown,WR,5,train,1,0.844271
2021101005,1597,48053,Trinity Benson,WR,5,train,0,0.671346
2021101005,1669,52574,Quintez Cephus,WR,5,train,1,0.7141
2021101005,1701,46992,KhaDarel Hodge,WR,5,train,0,0.295646
2021101005,1745,53541,Amon-Ra St. Brown,WR,5,train,1,0.906296
2021101005,2019,47791,T.J. Hockenson,TE,5,train,1,0.273728
2021101005,2132,46226,Tyler Conklin,TE,5,train,1,0.709058
2021101005,2321,43584,Kalif Raymond,WR,5,train,0,0.433944
2021101005,2343,48053,Trinity Benson,WR,5,train,0,0.473881
2021101005,2384,52430,Justin Jefferson,WR,5,train,1,0.783916
2021101005,2434,40488,Adam Thielen,WR,5,train,0,0.408448
2021101005,2456,44923,Dede Westbrook,WR,5,train,1,0.749444
2021101005,2612,52443,D'Andre Swift,RB,5,train,1,0.878123
2021101005,2682,47885,Alexander Mattison,RB,5,train,1,0.847104
2021101005,2746,46992,KhaDarel Hodge,WR,5,train,0,0.366379
2021101005,2779,46992,KhaDarel Hodge,WR,5,train,1,0.812931
2021101005,2910,43971,C.J. Ham,FB,5,train,1,0.737934
2021101005,2968,47885,Alexander Mattison,RB,5,train,1,0.876485
2021101005,3029,46226,Tyler Conklin,TE,5,train,1,0.640721
2021101005,3136,52584,K.J. Osborn,WR,5,train,1,0.893611
2021101005,3194,52443,D'Andre Swift,RB,5,train,1,0.850041
2021101005,3229,52443,D'Andre Swift,RB,5,train,1,0.793109
2021101005,3253,46992,KhaDarel Hodge,WR,5,train,0,0.223145
2021101005,3275,46992,KhaDarel Hodge,WR,5,train,1,0.700786
2021101005,3489,53541,Amon-Ra St. Brown,WR,5,train,1,0.820453
2021101005,3513,52443,D'Andre Swift,RB,5,train,1,0.850903
2021101005,3542,47791,T.J. Hockenson,TE,5,train,0,0.38116
2021101005,3564,43584,Kalif Raymond,WR,5,train,0,0.310676
2021101005,3808,53541,Amon-Ra St. Brown,WR,5,train,1,0.830431
2021101005,3890,40488,Adam Thielen,WR,5,train,1,0.490308
2021101005,3931,44923,Dede Westbrook,WR,5,train,1,0.857516
2021101005,3972,40488,Adam Thielen,WR,5,train,1,0.600143
2021101006,115,52457,Chase Claypool,WR,5,train,1,0.417282
2021101006,170,47905,Benny Snell,RB,5,train,0,0.710149
2021101006,192,47849,Diontae Johnson,WR,5,train,1,0.245592
2021101006,313,45267,Tim Patrick,WR,5,train,1,0.906441
2021101006,398,53484,Pat Freiermuth,TE,5,train,1,0.80724
2021101006,425,47924,Zach Gentry,TE,5,train,0,0.854228
2021101006,472,41236,Eric Ebron,TE,5,train,1,0.519808
2021101006,653,53464,Javonte Williams,RB,5,train,1,0.895406
2021101006,756,53453,Najee Harris,RB,5,train,1,0.890562
2021101006,878,46200,Kalen Ballage,RB,5,train,0,0.914267
2021101006,900,44874,JuJu Smith-Schuster,WR,5,train,0,0.586252
2021101006,992,46109,Courtland Sutton,WR,5,train,0,0.785763
2021101006,1014,46109,Courtland Sutton,WR,5,train,0,0.764843
2021101006,1114,52457,Chase Claypool,WR,5,train,0,0.382719
2021101006,1188,46109,Courtland Sutton,WR,5,train,1,0.635529
2021101006,1389,52457,Chase Claypool,WR,5,train,1,0.756006
2021101006,1480,53453,Najee Harris,RB,5,train,0,0.556355
2021101006,1502,47849,Diontae Johnson,WR,5,train,0,0.44034
2021101006,1609,46109,Courtland Sutton,WR,5,train,1,0.198688
2021101006,1703,45039,David Moore,WR,5,train,0,0.68141
2021101006,1729,45039,David Moore,WR,5,train,0,0.48357
2021101006,1912,41236,Eric Ebron,TE,5,train,1,0.69456
2021101006,2026,46109,Courtland Sutton,WR,5,train,1,0.646149
2021101006,2076,42358,Melvin Gordon,RB,5,train,1,0.549926
2021101006,2121,45267,Tim Patrick,WR,5,train,1,0.556116
2021101006,2192,52766,Kendall Hinton,WR,5,train,0,0.860428
2021101006,2328,53453,Najee Harris,RB,5,train,1,0.92385
2021101006,2352,52457,Chase Claypool,WR,5,train,1,0.609539
2021101006,2397,52793,Cody White,WR,5,train,0,0.636031
2021101006,2419,53484,Pat Freiermuth,TE,5,train,1,0.681187
2021101006,2506,46256,Ray-Ray McCloud,WR,5,train,0,0.294971
2021101006,2562,53453,Najee Harris,RB,5,train,0,0.705651
2021101006,2588,53453,Najee Harris,RB,5,train,0,0.789102
2021101006,2631,52457,Chase Claypool,WR,5,train,1,0.610994
2021101006,2687,45267,Tim Patrick,WR,5,train,1,0.481096
2021101006,2751,45267,Tim Patrick,WR,5,train,1,0.831655
2021101006,2794,45267,Tim Patrick,WR,5,train,1,0.602744
2021101006,2864,47803,Noah Fant,TE,5,train,0,0.799649
2021101006,2898,47803,Noah Fant,TE,5,train,1,0.841223
2021101006,2922,46109,Courtland Sutton,WR,5,train,1,0.707811
2021101006,2946,45267,Tim Patrick,WR,5,train,0,0.379145
2021101006,3060,52766,Kendall Hinton,WR,5,train,1,0.844591
2021101006,3197,46256,Ray-Ray McCloud,WR,5,train,1,0.826872
2021101006,3273,45267,Tim Patrick,WR,5,train,1,0.57578
2021101006,3297,46109,Courtland Sutton,WR,5,train,1,0.748655
2021101006,3342,46109,Courtland Sutton,WR,5,train,1,0.168225
2021101006,3639,45267,Tim Patrick,WR,5,train,1,0.66388
2021101006,3663,47803,Noah Fant,TE,5,train,1,0.882039
2021101006,3704,53464,Javonte Williams,RB,5,train,1,0.918939
2021101006,3728,47803,Noah Fant,TE,5,train,1,0.83343
2021101006,3752,46109,Courtland Sutton,WR,5,train,0,0.302067
2021101006,3774,52766,Kendall Hinton,WR,5,train,1,0.563685
2021101006,3798,45267,Tim Patrick,WR,5,train,0,0.21981
2021101006,3825,42358,Melvin Gordon,RB,5,train,1,0.605109
2021101006,3849,42051,Diontae Spencer,WR,5,train,0,0.219378
2021101006,3876,46109,Courtland Sutton,WR,5,train,0,0.322515
2021101007,77,48480,Preston Williams,WR,5,train,1,0.542882
2021101007,106,45217,Cethan Carter,TE,5,train,0,0.208428
2021101007,195,48017,Myles Gaskin,RB,5,train,1,0.92036
2021101007,295,53435,Jaylen Waddle,WR,5,train,0,0.407214
2021101007,394,44831,O.J. Howard,TE,5,train,1,0.664715
2021101007,418,41233,Mike Evans,WR,5,train,1,0.521735
2021101007,470,44896,Chris Godwin,WR,5,train,1,0.356739
2021101007,522,44896,Chris Godwin,WR,5,train,0,0.300828
2021101007,544,39985,Giovani Bernard,RB,5,train,1,0.616526
2021101007,600,48017,Myles Gaskin,RB,5,train,1,0.661997
2021101007,669,52922,Salvon Ahmed,RB,5,train,0,0.870277
2021101007,767,44857,Adam Shaheen,TE,5,train,1,0.853387
2021101007,791,48017,Myles Gaskin,RB,5,train,1,0.640884
2021101007,864,35634,Antonio Brown,WR,5,train,1,0.804473
2021101007,935,44816,Leonard Fournette,RB,5,train,0,0.174899
2021101007,957,44816,Leonard Fournette,RB,5,train,1,0.559594
2021101007,986,41233,Mike Evans,WR,5,train,1,0.430603
2021101007,1063,44896,Chris Godwin,WR,5,train,0,0.171328
2021101007,1138,48017,Myles Gaskin,RB,5,train,1,0.593729
2021101007,1183,48480,Preston Williams,WR,5,train,0,0.443343
2021101007,1268,35634,Antonio Brown,WR,5,train,1,0.471326
2021101007,1335,45050,Isaiah Ford,WR,5,train,1,0.875128
2021101007,1359,46111,Mike Gesicki,TE,5,train,0,0.210015
2021101007,1381,46111,Mike Gesicki,TE,5,train,1,0.508053
2021101007,1434,46192,Durham Smythe,TE,5,train,1,0.825236
2021101007,1458,53435,Jaylen Waddle,WR,5,train,0,0.798667
2021101007,1560,35634,Antonio Brown,WR,5,train,1,0.858013
2021101007,1589,41233,Mike Evans,WR,5,train,0,0.431544
2021101007,1611,44831,O.J. Howard,TE,5,train,1,0.874688
2021101007,1635,35634,Antonio Brown,WR,5,train,0,0.309756
2021101007,1657,44816,Leonard Fournette,RB,5,train,1,0.891773
2021101007,1681,44896,Chris Godwin,WR,5,train,0,0.266523
2021101007,1726,44816,Leonard Fournette,RB,5,train,1,0.868167
2021101007,1755,42033,Cameron Brate,TE,5,train,1,0.503739
2021101007,1841,35634,Antonio Brown,WR,5,train,0,0.474353
2021101007,1914,35634,Antonio Brown,WR,5,train,1,0.825292
2021101007,1970,53435,Jaylen Waddle,WR,5,train,1,0.82798
2021101007,1994,48017,Myles Gaskin,RB,5,train,1,0.842852
2021101007,2038,44857,Adam Shaheen,TE,5,train,1,0.695223
2021101007,2067,46111,Mike Gesicki,TE,5,train,1,0.613352
2021101007,2160,41233,Mike Evans,WR,5,train,1,0.708274
2021101007,2330,41233,Mike Evans,WR,5,train,1,0.853544
2021101007,2354,44896,Chris Godwin,WR,5,train,0,0.40733
2021101007,2395,48017,Myles Gaskin,RB,5,train,1,0.806112
2021101007,2474,46111,Mike Gesicki,TE,5,train,1,0.144078
2021101007,2503,44931,Mack Hollins,WR,5,train,0,0.83176
2021101007,2551,53435,Jaylen Waddle,WR,5,train,1,0.444489
2021101007,2575,48017,Myles Gaskin,RB,5,train,1,0.83244
2021101007,2599,48017,Myles Gaskin,RB,5,train,1,0.467543
2021101007,2623,48480,Preston Williams,WR,5,train,0,0.278485
2021101007,2680,48017,Myles Gaskin,RB,5,train,1,0.806712
2021101007,2736,44831,O.J. Howard,TE,5,train,0,0.294892
2021101007,2758,41233,Mike Evans,WR,5,train,0,0.462778
2021101007,2780,35634,Antonio Brown,WR,5,train,1,0.467397
2021101007,2892,44896,Chris Godwin,WR,5,train,1,0.5778
2021101007,2942,44816,Leonard Fournette,RB,5,train,1,0.898376
2021101007,3096,46111,Mike Gesicki,TE,5,train,1,0.856183
2021101007,3120,53435,Jaylen Waddle,WR,5,train,0,0.832715
2021101007,3142,48480,Preston Williams,WR,5,train,0,0.240425
2021101007,3239,35634,Antonio Brown,WR,5,train,1,0.825577
2021101007,3263,41233,Mike Evans,WR,5,train,1,0.230386
2021101007,3354,52922,Salvon Ahmed,RB,5,train,1,0.88055
2021101007,3383,53435,Jaylen Waddle,WR,5,train,0,0.866034
2021101007,3419,52569,Tyler Johnson,WR,5,train,1,0.677316
2021101007,3544,41233,Mike Evans,WR,5,train,1,0.747799
2021101007,3608,46111,Mike Gesicki,TE,5,train,0,0.609968
2021101007,3630,46192,Durham Smythe,TE,5,train,1,0.577571
2021101007,3654,46111,Mike Gesicki,TE,5,train,0,0.141257
2021101007,3836,35634,Antonio Brown,WR,5,train,1,0.374205
2021101008,85,44879,Alvin Kamara,RB,5,train,1,0.848309
2021101008,109,40092,Kenny Stills,WR,5,train,1,0.79816
2021101008,133,40092,Kenny Stills,WR,5,train,0,0.589942
2021101008,155,45244,Taysom Hill,QB,5,train,0,0.615984
2021101008,186,43010,Adam Humphries,WR,5,train,0,0.463696
2021101008,229,42794,DeAndre Carter,WR,5,train,0,0.757365
2021101008,392,43010,Adam Humphries,WR,5,train,1,0.863157
2021101008,458,52474,Antonio Gibson,RB,5,train,1,0.830229
2021101008,552,47859,Terry McLaurin,WR,5,train,1,0.448186
2021101008,607,45481,Ricky Seals-Jones,TE,5,train,0,0.735246
2021101008,638,45481,Ricky Seals-Jones,TE,5,train,0,0.160492
2021101008,840,43722,J.D. McKissic,RB,5,train,1,0.91837
2021101008,899,53687,Dax Milne,WR,5,train,0,0.353358
2021101008,993,45481,Ricky Seals-Jones,TE,5,train,1,0.851657
2021101008,1074,45244,Taysom Hill,QB,5,train,1,0.418209
2021101008,1124,53098,Marquez Callaway,WR,5,train,1,0.859409
2021101008,1165,45244,Taysom Hill,QB,5,train,0,0.399887
2021101008,1301,42794,DeAndre Carter,WR,5,train,1,0.716797
2021101008,1330,47859,Terry McLaurin,WR,5,train,1,0.633576
2021101008,1416,45481,Ricky Seals-Jones,TE,5,train,1,0.857218
2021101008,1440,45481,Ricky Seals-Jones,TE,5,train,1,0.400443
2021101008,1512,42794,DeAndre Carter,WR,5,train,1,0.663001
2021101008,1557,44852,Curtis Samuel,WR,5,train,0,0.099863
2021101008,1617,53098,Marquez Callaway,WR,5,train,0,0.260094
2021101008,1664,40092,Kenny Stills,WR,5,train,0,0.485123
2021101008,1686,53098,Marquez Callaway,WR,5,train,0,0.286819
2021101008,1818,43010,Adam Humphries,WR,5,train,0,0.597649
2021101008,1840,47859,Terry McLaurin,WR,5,train,0,0.459664
2021101008,1862,47859,Terry McLaurin,WR,5,train,0,0.405473
2021101008,1957,53098,Marquez Callaway,WR,5,train,0,0.447371
2021101008,2183,53098,Marquez Callaway,WR,5,train,1,0.399619
2021101008,2261,45481,Ricky Seals-Jones,TE,5,train,0,0.829608
2021101008,2304,47859,Terry McLaurin,WR,5,train,0,0.320503
2021101008,2351,52942,Juwan Johnson,TE,5,train,0,0.339782
2021101008,2394,37737,Chris Hogan,WR,5,train,0,0.877573
2021101008,2485,47859,Terry McLaurin,WR,5,train,1,0.608553
2021101008,2514,52474,Antonio Gibson,RB,5,train,1,0.869833
2021101008,2570,53687,Dax Milne,WR,5,train,1,0.700332
2021101008,2600,47859,Terry McLaurin,WR,5,train,0,0.536805
2021101008,2647,44879,Alvin Kamara,RB,5,train,0,0.412608
2021101008,2669,40092,Kenny Stills,WR,5,train,0,0.511929
2021101008,2691,53098,Marquez Callaway,WR,5,train,0,0.246618
2021101008,2743,45481,Ricky Seals-Jones,TE,5,train,1,0.802318
2021101008,2809,47859,Terry McLaurin,WR,5,train,1,0.796643
2021101008,3028,45481,Ricky Seals-Jones,TE,5,train,0,0.424617
2021101008,3105,53098,Marquez Callaway,WR,5,train,1,0.597501
2021101008,3131,44879,Alvin Kamara,RB,5,train,0,0.850202
2021101008,3261,43722,J.D. McKissic,RB,5,train,0,0.761817
2021101008,3283,43722,J.D. McKissic,RB,5,train,0,0.837436
2021101008,3305,42794,DeAndre Carter,WR,5,train,0,0.450031
2021101008,3331,52513,Adam Trautman,TE,5,train,1,0.694628
2021101008,3398,53098,Marquez Callaway,WR,5,train,1,0.588805
2021101008,3454,43722,J.D. McKissic,RB,5,train,0,0.705727
2021101008,3487,43010,Adam Humphries,WR,5,train,1,0.628159
2021101008,3532,43722,J.D. McKissic,RB,5,train,0,0.70984
2021101008,3573,42794,DeAndre Carter,WR,5,train,1,0.608598
2021101008,3644,47859,Terry McLaurin,WR,5,train,0,0.217859
2021101008,3770,40092,Kenny Stills,WR,5,train,1,0.817992
2021101008,3853,52513,Adam Trautman,TE,5,train,1,0.536897
2021101008,3923,44879,Alvin Kamara,RB,5,train,1,0.86007
2021101008,3979,43010,Adam Humphries,WR,5,train,1,0.851558
2021101008,4008,42794,DeAndre Carter,WR,5,train,0,0.489209
2021101008,4030,47859,Terry McLaurin,WR,5,train,0,0.501292
2021101008,4052,47859,Terry McLaurin,WR,5,train,0,0.291919
2021101008,4074,47859,Terry McLaurin,WR,5,train,0,0.344411
2021101009,83,44819,Mike Williams,WR,5,train,0,0.673924
2021101009,105,48556,Jalen Guyton,WR,5,train,0,0.491233
2021101009,146,44841,David Njoku,TE,5,train,1,0.822758
2021101009,233,44841,David Njoku,TE,5,train,1,0.672614
2021101009,495,44819,Mike Williams,WR,5,train,1,0.704563
2021101009,519,44819,Mike Williams,WR,5,train,1,0.639106
2021101009,569,53506,Josh Palmer,WR,5,train,0,0.624702
2021101009,666,48456,Donald Parham,TE,5,train,1,0.774562
2021101009,810,52595,Donovan Peoples-Jones,WR,5,train,1,0.895879
2021101009,900,43370,Austin Hooper,TE,5,train,0,0.262381
2021101009,965,43461,Rashard Higgins,WR,5,train,1,0.81892
2021101009,1083,40024,Keenan Allen,WR,5,train,0,0.812102
2021101009,1117,44819,Mike Williams,WR,5,train,1,0.210848
2021101009,1180,52595,Donovan Peoples-Jones,WR,5,train,1,0.735569
2021101009,1277,52595,Donovan Peoples-Jones,WR,5,train,1,0.590488
2021101009,1301,44841,David Njoku,TE,5,train,1,0.902957
2021101009,1342,41238,Odell Beckham,WR,5,train,0,0.81652
2021101009,1391,44819,Mike Williams,WR,5,train,0,0.258358
2021101009,1615,43461,Rashard Higgins,WR,5,train,1,0.333612
2021101009,1937,44898,Kareem Hunt,RB,5,train,0,0.794177
2021101009,2034,52595,Donovan Peoples-Jones,WR,5,train,1,0.790899
2021101009,2058,52595,Donovan Peoples-Jones,WR,5,train,1,0.578354
2021101009,2208,48456,Donald Parham,TE,5,train,1,0.850531
2021101009,2253,44819,Mike Williams,WR,5,train,1,0.591156
2021101009,2355,48456,Donald Parham,TE,5,train,0,0.178373
2021101009,2409,44819,Mike Williams,WR,5,train,0,0.568843
2021101009,2431,40024,Keenan Allen,WR,5,train,0,0.271312
2021101009,2457,40024,Keenan Allen,WR,5,train,1,0.508678
2021101009,2586,41238,Odell Beckham,WR,5,train,1,0.188662
2021101009,2689,44898,Kareem Hunt,RB,5,train,1,0.881574
2021101009,2780,44819,Mike Williams,WR,5,train,1,0.808356
2021101009,2823,44819,Mike Williams,WR,5,train,0,0.624789
2021101009,2845,44819,Mike Williams,WR,5,train,0,0.494026
2021101009,3000,53520,Anthony Schwartz,WR,5,train,0,0.325406
2021101009,3041,44819,Mike Williams,WR,5,train,0,0.337673
2021101009,3096,48556,Jalen Guyton,WR,5,train,1,0.768697
2021101009,3120,44819,Mike Williams,WR,5,train,1,0.411597
2021101009,3183,41238,Odell Beckham,WR,5,train,1,0.810843
2021101009,3207,44841,David Njoku,TE,5,train,1,0.675287
2021101009,3277,43845,Stephen Anderson,TE,5,train,0,0.884259
2021101009,3349,44819,Mike Williams,WR,5,train,1,0.563277
2021101009,3416,34540,Jared Cook,TE,5,train,0,0.827765
2021101009,3438,44819,Mike Williams,WR,5,train,0,0.437082
2021101009,3525,45573,Austin Ekeler,RB,5,train,1,0.889592
2021101009,3549,34540,Jared Cook,TE,5,train,0,0.163063
2021101009,3574,40024,Keenan Allen,WR,5,train,1,0.531225
2021101009,3818,45573,Austin Ekeler,RB,5,train,1,0.818433
2021101009,3872,40024,Keenan Allen,WR,5,train,1,0.403243
2021101009,3901,48556,Jalen Guyton,WR,5,train,1,0.782107
2021101009,4115,43461,Rashard Higgins,WR,5,train,0,0.359234
2021101009,4403,43461,Rashard Higgins,WR,5,train,1,0.746154
2021101009,4427,44898,Kareem Hunt,RB,5,train,1,0.782533
2021101009,4451,44898,Kareem Hunt,RB,5,train,1,0.894925
2021101009,4496,44841,David Njoku,TE,5,train,1,0.356118
2021101009,4553,52595,Donovan Peoples-Jones,WR,5,train,0,0.136837
2021101009,4575,43461,Rashard Higgins,WR,5,train,0,0.38391
2021101010,282,52451,Cole Kmet,TE,5,train,0,0.578078
2021101010,412,43362,Kenyan Drake,RB,5,train,1,0.78711
2021101010,705,47807,Josh Jacobs,RB,5,train,0,0.877035
2021101010,727,52489,Bryan Edwards,WR,5,train,0,0.244553
2021101010,835,41290,Allen Robinson,WR,5,train,1,0.557427
2021101010,874,41712,Damien Williams,RB,5,train,1,0.856873
2021101010,943,41290,Allen Robinson,WR,5,train,1,0.425318
2021101010,1009,41290,Allen Robinson,WR,5,train,0,0.477731
2021101010,1120,48700,Jesper Horsted,TE,5,train,1,0.433983
2021101010,1436,40026,Marquise Goodwin,WR,5,train,0,0.504522
2021101010,1479,52581,Darnell Mooney,WR,5,train,1,0.733316
2021101010,1552,40026,Marquise Goodwin,WR,5,train,1,0.832345
2021101010,1599,52451,Cole Kmet,TE,5,train,0,0.367179
2021101010,1621,41290,Allen Robinson,WR,5,train,1,0.47264
2021101010,1937,52451,Cole Kmet,TE,5,train,1,0.842029
2021101010,1961,52581,Darnell Mooney,WR,5,train,0,0.456521
2021101010,2130,52489,Bryan Edwards,WR,5,train,0,0.599069
2021101010,2262,42547,Darren Waller,TE,5,train,0,0.835639
2021101010,2284,44849,Zay Jones,WR,5,train,1,0.838245
2021101010,2308,44849,Zay Jones,WR,5,train,0,0.521541
2021101010,2334,52581,Darnell Mooney,WR,5,train,0,0.479918
2021101010,2377,41290,Allen Robinson,WR,5,train,0,0.160163
2021101010,2439,43362,Kenyan Drake,RB,5,train,0,0.439486
2021101010,2484,47932,Hunter Renfrow,WR,5,train,1,0.521179
2021101010,2513,47807,Josh Jacobs,RB,5,train,1,0.84115
2021101010,2577,42547,Darren Waller,TE,5,train,0,0.742086
2021101010,2599,42547,Darren Waller,TE,5,train,1,0.912587
2021101010,2668,41290,Allen Robinson,WR,5,train,1,0.218119
2021101010,2715,52581,Darnell Mooney,WR,5,train,1,0.832833
2021101010,2810,52420,Henry Ruggs,WR,5,train,1,0.441335
2021101010,2862,47807,Josh Jacobs,RB,5,train,1,0.896178
2021101010,3036,52420,Henry Ruggs,WR,5,train,1,0.800271
2021101010,3121,47932,Hunter Renfrow,WR,5,train,1,0.76464
2021101010,3166,41500,Willie Snead,WR,5,train,1,0.73395
2021101010,3212,41500,Willie Snead,WR,5,train,0,0.654377
2021101010,3298,41290,Allen Robinson,WR,5,train,0,0.202259
2021101010,3352,52451,Cole Kmet,TE,5,train,0,0.622033
2021101010,3406,52581,Darnell Mooney,WR,5,train,1,0.74542
2021101010,3436,52451,Cole Kmet,TE,5,train,1,0.795291
2021101010,3640,47932,Hunter Renfrow,WR,5,train,0,0.660052
2021101010,3685,47932,Hunter Renfrow,WR,5,train,1,0.788101
2021101010,3726,52489,Bryan Edwards,WR,5,train,0,0.182506
2021101010,3909,42547,Darren Waller,TE,5,train,1,0.84577
2021101010,3933,52489,Bryan Edwards,WR,5,train,1,0.674421
2021101011,85,40078,Kyle Juszczyk,FB,5,train,1,0.780115
2021101011,130,38630,Travis Benjamin,WR,5,train,0,0.675404
2021101011,156,46116,Christian Kirk,WR,5,train,1,0.683542
2021101011,222,46116,Christian Kirk,WR,5,train,1,0.837487
2021101011,408,38630,Travis Benjamin,WR,5,train,0,0.446918
2021101011,441,47819,Deebo Samuel,WR,5,train,0,0.356078
2021101011,672,46116,Christian Kirk,WR,5,train,1,0.90956
2021101011,794,47819,Deebo Samuel,WR,5,train,1,0.453109
2021101011,843,47819,Deebo Samuel,WR,5,train,0,0.779893
2021101011,886,52433,Brandon Aiyuk,WR,5,train,1,0.574399
2021101011,1109,39973,DeAndre Hopkins,WR,5,train,1,0.184415
2021101011,1235,37077,A.J. Green,WR,5,train,0,0.304176
2021101011,1289,53478,Rondale Moore,WR,5,train,1,0.288239
2021101011,1402,37077,A.J. Green,WR,5,train,0,0.298906
2021101011,1424,39973,DeAndre Hopkins,WR,5,train,0,0.855492
2021101011,1501,40078,Kyle Juszczyk,FB,5,train,1,0.853644
2021101011,1525,38613,Mohamed Sanu,WR,5,train,0,0.6183
2021101011,1596,39973,DeAndre Hopkins,WR,5,train,1,0.694349
2021101011,1625,46203,Chase Edmonds,RB,5,train,0,0.728387
2021101011,1647,42398,Maxx Williams,TE,5,train,1,0.877919
2021101011,1774,39973,DeAndre Hopkins,WR,5,train,1,0.750266
2021101011,1858,39973,DeAndre Hopkins,WR,5,train,0,0.613925
2021101011,1880,53478,Rondale Moore,WR,5,train,1,0.945919
2021101011,2069,38630,Travis Benjamin,WR,5,train,0,0.180691
2021101011,2112,40078,Kyle Juszczyk,FB,5,train,1,0.864414
2021101011,2141,47819,Deebo Samuel,WR,5,train,1,0.455124
2021101011,2253,46331,Ross Dwelley,TE,5,train,1,0.877477
2021101011,2294,38613,Mohamed Sanu,WR,5,train,1,0.664195
2021101011,2355,52598,Charlie Woerner,TE,5,train,1,0.769158
2021101011,2398,40078,Kyle Juszczyk,FB,5,train,0,0.195869
2021101011,2460,53478,Rondale Moore,WR,5,train,0,0.777123
2021101011,2482,46203,Chase Edmonds,RB,5,train,1,0.895243
2021101011,2565,38630,Travis Benjamin,WR,5,train,0,0.553546
2021101011,2619,52433,Brandon Aiyuk,WR,5,train,1,0.234523
2021101011,2817,46116,Christian Kirk,WR,5,train,1,0.810797
2021101011,2841,39973,DeAndre Hopkins,WR,5,train,0,0.345195
2021101011,2972,53623,Elijah Mitchell,RB,5,train,1,0.819945
2021101011,3124,46331,Ross Dwelley,TE,5,train,1,0.906535
2021101011,3262,52433,Brandon Aiyuk,WR,5,train,0,0.179266
2021101011,3316,52433,Brandon Aiyuk,WR,5,train,0,0.847867
2021101011,3338,47819,Deebo Samuel,WR,5,train,0,0.662379
2021101011,3423,39973,DeAndre Hopkins,WR,5,train,1,0.296651
2021101011,3503,47819,Deebo Samuel,WR,5,train,1,0.448737
2021101011,3527,38613,Mohamed Sanu,WR,5,train,1,0.741532
2021101011,3587,47819,Deebo Samuel,WR,5,train,0,0.226348
2021101011,3609,47819,Deebo Samuel,WR,5,train,0,0.667464
2021101011,3686,39973,DeAndre Hopkins,WR,5,train,1,0.657763
2021101012,130,46206,Dalton Schultz,TE,5,train,0,0.75216
2021101012,200,43293,Ezekiel Elliott,RB,5,train,0,0.815707
2021101012,318,44821,John Ross,WR,5,train,0,0.329329
2021101012,344,53449,Kadarius Toney,WR,5,train,0,0.501043
2021101012,428,43293,Ezekiel Elliott,RB,5,train,1,0.615845
2021101012,531,46206,Dalton Schultz,TE,5,train,1,0.693473
2021101012,555,42347,Amari Cooper,WR,5,train,0,0.243723
2021101012,598,46206,Dalton Schultz,TE,5,train,0,0.679086
2021101012,660,46071,Saquon Barkley,RB,5,train,0,0.752699
2021101012,707,44908,Kenny Golladay,WR,5,train,0,0.643933
2021101012,839,45052,Noah Brown,WR,5,train,1,0.507697
2021101012,1070,44821,John Ross,WR,5,train,0,0.231835
2021101012,1157,47911,Tony Pollard,RB,5,train,1,0.855342
2021101012,1181,52425,CeeDee Lamb,WR,5,train,1,0.217401
2021101012,1283,53449,Kadarius Toney,WR,5,train,1,0.266176
2021101012,1322,44908,Kenny Golladay,WR,5,train,0,0.582212
2021101012,1369,52573,Collin Johnson,WR,5,train,0,0.374175
2021101012,1455,47911,Tony Pollard,RB,5,train,1,0.826995
2021101012,1520,46206,Dalton Schultz,TE,5,train,1,0.611107
2021101012,1611,53449,Kadarius Toney,WR,5,train,1,0.709539
2021101012,1635,53449,Kadarius Toney,WR,5,train,1,0.577029
2021101012,1778,53449,Kadarius Toney,WR,5,train,1,0.654759
2021101012,1963,46206,Dalton Schultz,TE,5,train,1,0.910764
2021101012,1987,42347,Amari Cooper,WR,5,train,1,0.214044
2021101012,2048,46206,Dalton Schultz,TE,5,train,1,0.917515
2021101012,2072,46206,Dalton Schultz,TE,5,train,1,0.692684
2021101012,2096,45052,Noah Brown,WR,5,train,0,0.618557
2021101012,2118,42347,Amari Cooper,WR,5,train,1,0.141338
2021101012,2236,53449,Kadarius Toney,WR,5,train,1,0.676735
2021101012,2492,42347,Amari Cooper,WR,5,train,0,0.473251
2021101012,2514,46206,Dalton Schultz,TE,5,train,1,0.736821
2021101012,2563,42347,Amari Cooper,WR,5,train,1,0.756503
2021101012,2611,52425,CeeDee Lamb,WR,5,train,0,0.362543
2021101012,2633,52425,CeeDee Lamb,WR,5,train,0,0.247891
2021101012,2687,43293,Ezekiel Elliott,RB,5,train,1,0.88706
2021101012,2743,45255,C.J. Board,WR,5,train,0,0.293773
2021101012,2822,45052,Noah Brown,WR,5,train,1,0.843223
2021101012,2846,45532,Blake Jarwin,TE,5,train,0,0.199483
2021101012,2961,47911,Tony Pollard,RB,5,train,1,0.879517
2021101012,3060,53449,Kadarius Toney,WR,5,train,1,0.149152
2021101012,3205,44835,Evan Engram,TE,5,train,1,0.720864
2021101012,3255,53449,Kadarius Toney,WR,5,train,0,0.199552
2021101012,3379,52425,CeeDee Lamb,WR,5,train,1,0.793954
2021101012,3484,46277,Cedrick Wilson,WR,5,train,1,0.246974
2021101012,3612,53449,Kadarius Toney,WR,5,train,1,0.842062
2021101012,3636,37118,Kyle Rudolph,TE,5,train,1,0.8347
2021101012,3660,53449,Kadarius Toney,WR,5,train,1,0.49831
2021101012,3695,43425,Devontae Booker,RB,5,train,1,0.779526
2021101012,3735,52573,Collin Johnson,WR,5,train,0,0.334458
2021101012,3757,44821,John Ross,WR,5,train,1,0.621077
2021101012,3786,44835,Evan Engram,TE,5,train,1,0.836509
2021101012,3810,37118,Kyle Rudolph,TE,5,train,0,0.319661
2021101012,3843,43425,Devontae Booker,RB,5,train,1,0.823259
2021101012,3889,44821,John Ross,WR,5,train,0,0.772085
2021101012,3948,43425,Devontae Booker,RB,5,train,1,0.817447
2021101012,4089,47911,Tony Pollard,RB,5,train,1,0.807847
2021101012,4221,42347,Amari Cooper,WR,5,train,0,0.609278
2021101012,4304,44821,John Ross,WR,5,train,0,0.433279
2021101012,4326,44835,Evan Engram,TE,5,train,1,0.608417
2021101012,4355,52573,Collin Johnson,WR,5,train,0,0.671658
2021101013,97,43454,Tyreek Hill,WR,5,train,1,0.880722
2021101013,137,40011,Travis Kelce,TE,5,train,0,0.493635
2021101013,159,47839,Mecole Hardman,WR,5,train,0,0.7736
2021101013,256,40011,Travis Kelce,TE,5,train,0,0.58362
2021101013,353,46522,Byron Pringle,WR,5,train,0,0.650239
2021101013,424,46522,Byron Pringle,WR,5,train,1,0.879427
2021101013,535,43454,Tyreek Hill,WR,5,train,0,0.419729
2021101013,666,47879,Dawson Knox,TE,5,train,1,0.615062
2021101013,732,47879,Dawson Knox,TE,5,train,0,0.101717
2021101013,1068,40011,Travis Kelce,TE,5,train,1,0.744802
2021101013,1183,46526,Darrel Williams,RB,5,train,0,0.179402
2021101013,1216,39646,Josh Gordon,WR,5,train,1,0.557957
2021101013,1240,41325,Jerick McKinnon,RB,5,train,1,0.833002
2021101013,1383,46522,Byron Pringle,WR,5,train,1,0.249519
2021101013,1445,52494,Zack Moss,RB,5,train,0,0.846214
2021101013,1488,42489,Stefon Diggs,WR,5,train,1,0.697131
2021101013,1512,52494,Zack Moss,RB,5,train,1,0.730407
2021101013,1536,35521,Emmanuel Sanders,WR,5,train,1,0.458096
2021101013,1620,47839,Mecole Hardman,WR,5,train,1,0.767944
2021101013,1738,42489,Stefon Diggs,WR,5,train,1,0.415537
2021101013,1783,42489,Stefon Diggs,WR,5,train,0,0.307445
2021101013,1805,35521,Emmanuel Sanders,WR,5,train,0,0.628278
2021101013,1904,46526,Darrel Williams,RB,5,train,0,0.882075
2021101013,1938,43454,Tyreek Hill,WR,5,train,0,0.380606
2021101013,1983,40011,Travis Kelce,TE,5,train,1,0.32092
2021101013,2024,40011,Travis Kelce,TE,5,train,0,0.631631
2021101013,2070,47879,Dawson Knox,TE,5,train,1,0.5898
2021101013,2126,47839,Mecole Hardman,WR,5,train,1,0.906623
2021101013,2171,43454,Tyreek Hill,WR,5,train,0,0.20567
2021101013,2210,47839,Mecole Hardman,WR,5,train,1,0.588167
2021101013,2244,40011,Travis Kelce,TE,5,train,1,0.821182
2021101013,2318,40011,Travis Kelce,TE,5,train,0,0.939923
2021101013,2340,40011,Travis Kelce,TE,5,train,1,0.781838
2021101013,2573,42489,Stefon Diggs,WR,5,train,0,0.356949
2021101013,2644,40011,Travis Kelce,TE,5,train,1,0.862479
2021101013,2668,43415,Demarcus Robinson,WR,5,train,1,0.882971
2021101013,2713,40011,Travis Kelce,TE,5,train,0,0.391541
2021101013,2773,47879,Dawson Knox,TE,5,train,1,0.317554
2021101013,2818,48011,Tommy Sweeney,TE,5,train,1,0.847289
2021101013,2842,38947,Cole Beasley,WR,5,train,0,0.535318
2021101013,2903,43415,Demarcus Robinson,WR,5,train,0,0.137498
2021101013,2987,47839,Mecole Hardman,WR,5,train,0,0.723102
2021101013,3009,43454,Tyreek Hill,WR,5,train,0,0.829846
2021101013,3089,42460,Blake Bell,TE,5,train,1,0.755019
2021101013,3113,43454,Tyreek Hill,WR,5,train,1,0.812383
2021101013,3142,47839,Mecole Hardman,WR,5,train,0,0.405923
2021101013,3175,40011,Travis Kelce,TE,5,train,1,0.783769
2021101013,3220,47839,Mecole Hardman,WR,5,train,1,0.795799
2021101013,3281,43454,Tyreek Hill,WR,5,train,1,0.62209
2021101013,3380,42489,Stefon Diggs,WR,5,train,0,0.213263
2021101013,3429,46526,Darrel Williams,RB,5,train,1,0.886349
2021101013,3453,46526,Darrel Williams,RB,5,train,1,0.908247
2021101013,3477,47839,Mecole Hardman,WR,5,train,1,0.888798
2021101013,3504,40011,Travis Kelce,TE,5,train,0,0.263438
2021101013,3537,43454,Tyreek Hill,WR,5,train,1,0.816814
2021101013,3585,46526,Darrel Williams,RB,5,train,1,0.801297
2021101013,3808,42489,Stefon Diggs,WR,5,train,0,0.176952
2021101013,3958,35521,Emmanuel Sanders,WR,5,train,0,0.60153
2021101013,3980,52494,Zack Moss,RB,5,train,1,0.880541
2021101013,4004,52536,Gabe Davis,WR,5,train,1,0.69878
2021101013,4133,46526,Darrel Williams,RB,5,train,0,0.887965
2021101013,4155,43454,Tyreek Hill,WR,5,train,1,0.888492
2021101013,4195,47839,Mecole Hardman,WR,5,train,1,0.806211
2021101013,4219,47839,Mecole Hardman,WR,5,train,1,0.914279
2021101013,4269,43454,Tyreek Hill,WR,5,train,0,0.736539
2021101013,4291,41325,Jerick McKinnon,RB,5,train,1,0.900642
2021101013,4315,40011,Travis Kelce,TE,5,train,0,0.434379
2021101013,4371,43454,Tyreek Hill,WR,5,train,1,0.827109
2021101100,62,52500,Devin Duvernay,WR,5,train,1,0.916483
2021101100,114,41230,Sammy Watkins,WR,5,train,0,0.582718
2021101100,184,44792,Mo Alie-Cox,TE,5,train,0,0.587011
2021101100,206,52449,Jonathan Taylor,RB,5,train,0,0.863013
2021101100,291,46155,Mark Andrews,TE,5,train,1,0.842904
2021101100,336,46155,Mark Andrews,TE,5,train,0,0.794588
2021101100,418,52449,Jonathan Taylor,RB,5,train,1,0.819682
2021101100,484,48118,Ashton Dulin,WR,5,train,1,0.350758
2021101100,574,44792,Mo Alie-Cox,TE,5,train,1,0.644445
2021101100,937,47842,Parris Campbell,WR,5,train,1,0.285976
2021101100,965,44956,Marlon Mack,RB,5,train,1,0.863578
2021101100,1153,52500,Devin Duvernay,WR,5,train,1,0.715117
2021101100,1394,41230,Sammy Watkins,WR,5,train,1,0.604801
2021101100,1465,41230,Sammy Watkins,WR,5,train,1,0.74785
2021101100,1516,46155,Mark Andrews,TE,5,train,1,0.505103
2021101100,1540,46155,Mark Andrews,TE,5,train,1,0.830579
2021101100,1625,47808,Marquise Brown,WR,5,train,0,0.473801
2021101100,1681,46173,Nyheim Hines,RB,5,train,1,0.859945
2021101100,1716,52442,Michael Pittman,WR,5,train,1,0.825541
2021101100,1740,47842,Parris Campbell,WR,5,train,0,0.741393
2021101100,1762,47842,Parris Campbell,WR,5,train,0,0.269614
2021101100,1795,47842,Parris Campbell,WR,5,train,1,0.535665
2021101100,1819,45102,Zach Pascal,WR,5,train,0,0.810938
2021101100,1865,47842,Parris Campbell,WR,5,train,0,0.810539
2021101100,1887,52442,Michael Pittman,WR,5,train,1,0.550134
2021101100,2018,45102,Zach Pascal,WR,5,train,1,0.746769
2021101100,2042,52442,Michael Pittman,WR,5,train,1,0.293755
2021101100,2127,40129,Latavius Murray,RB,5,train,1,0.643688
2021101100,2172,52609,James Proche,WR,5,train,1,0.828969
2021101100,2215,47808,Marquise Brown,WR,5,train,1,0.875663
2021101100,2284,52500,Devin Duvernay,WR,5,train,1,0.748025
2021101100,2308,46155,Mark Andrews,TE,5,train,1,0.725389
2021101100,2343,40129,Latavius Murray,RB,5,train,0,0.868165
2021101100,2365,47808,Marquise Brown,WR,5,train,1,0.869203
2021101100,2422,52500,Devin Duvernay,WR,5,train,1,0.731785
2021101100,2634,44792,Mo Alie-Cox,TE,5,train,1,0.605884
2021101100,2720,47808,Marquise Brown,WR,5,train,1,0.808593
2021101100,2744,46155,Mark Andrews,TE,5,train,1,0.722309
2021101100,2813,47808,Marquise Brown,WR,5,train,1,0.413475
2021101100,2984,44792,Mo Alie-Cox,TE,5,train,1,0.67002
2021101100,3034,40641,Jack Doyle,TE,5,train,1,0.856376
2021101100,3058,52442,Michael Pittman,WR,5,train,0,0.501223
2021101100,3121,46155,Mark Andrews,TE,5,train,1,0.58313
2021101100,3148,46155,Mark Andrews,TE,5,train,1,0.85964
2021101100,3172,47808,Marquise Brown,WR,5,train,1,0.744394
2021101100,3196,47852,Josh Oliver,TE,5,train,1,0.830527
2021101100,3220,41332,Devonta Freeman,RB,5,train,1,0.886075
2021101100,3247,46155,Mark Andrews,TE,5,train,1,0.754988
2021101100,3336,52449,Jonathan Taylor,RB,5,train,1,0.894031
2021101100,3598,41332,Devonta Freeman,RB,5,train,0,0.296567
2021101100,3620,47808,Marquise Brown,WR,5,train,1,0.830568
2021101100,3644,41332,Devonta Freeman,RB,5,train,1,0.886226
2021101100,3668,41332,Devonta Freeman,RB,5,train,1,0.835844
2021101100,3713,46155,Mark Andrews,TE,5,train,0,0.869438
2021101100,3735,47808,Marquise Brown,WR,5,train,1,0.579556
2021101100,3759,53180,Ty'Son Williams,RB,5,train,1,0.79156
2021101100,3842,46155,Mark Andrews,TE,5,train,1,0.66128
2021101100,3896,47842,Parris Campbell,WR,5,train,1,0.429363
2021101100,3948,47842,Parris Campbell,WR,5,train,0,0.177427
2021101100,4016,45102,Zach Pascal,WR,5,train,1,0.75871
2021101100,4182,46155,Mark Andrews,TE,5,train,1,0.86928
2021101100,4236,47808,Marquise Brown,WR,5,train,1,0.731622
2021101100,4269,47852,Josh Oliver,TE,5,train,1,0.836416
2021101100,4314,40129,Latavius Murray,RB,5,train,1,0.874743
2021101100,4401,47808,Marquise Brown,WR,5,train,1,0.659753
2021101400,76,35634,Antonio Brown,WR,6,train,1,0.877089
2021101400,100,41233,Mike Evans,WR,6,train,1,0.644395
2021101400,145,44896,Chris Godwin,WR,6,train,1,0.854208
2021101400,169,35634,Antonio Brown,WR,6,train,0,0.684085
2021101400,257,44831,O.J. Howard,TE,6,train,1,0.816881
2021101400,334,53439,DeVonta Smith,WR,6,train,0,0.31472
2021101400,419,52429,Jalen Reagor,WR,6,train,0,0.530387
2021101400,441,52608,Quez Watkins,WR,6,train,1,0.463722
2021101400,500,52429,Jalen Reagor,WR,6,train,0,0.15689
2021101400,627,44816,Leonard Fournette,RB,6,train,1,0.892545
2021101400,651,44896,Chris Godwin,WR,6,train,1,0.774703
2021101400,675,44816,Leonard Fournette,RB,6,train,1,0.893088
2021101400,686,39983,Zach Ertz,TE,6,train,1,0.801162
2021101400,836,35634,Antonio Brown,WR,6,train,1,0.881319
2021101400,938,53439,DeVonta Smith,WR,6,train,1,0.62681
2021101400,962,52429,Jalen Reagor,WR,6,train,0,0.621414
2021101400,1054,35634,Antonio Brown,WR,6,train,1,0.857105
2021101400,1171,39983,Zach Ertz,TE,6,train,0,0.76185
2021101400,1253,42033,Cameron Brate,TE,6,train,0,0.204725
2021101400,1375,39983,Zach Ertz,TE,6,train,1,0.486826
2021101400,1399,52608,Quez Watkins,WR,6,train,0,0.263773
2021101400,1425,41233,Mike Evans,WR,6,train,0,0.219552
2021101400,1447,42033,Cameron Brate,TE,6,train,1,0.803317
2021101400,1516,44816,Leonard Fournette,RB,6,train,1,0.827194
2021101400,1609,44896,Chris Godwin,WR,6,train,1,0.778656
2021101400,1724,39983,Zach Ertz,TE,6,train,0,0.674693
2021101400,1778,53579,Kenneth Gainwell,RB,6,train,0,0.238633
2021101400,1879,41233,Mike Evans,WR,6,train,0,0.377526
2021101400,1901,35634,Antonio Brown,WR,6,train,0,0.776369
2021101400,1923,35634,Antonio Brown,WR,6,train,0,0.469144
2021101400,1959,52429,Jalen Reagor,WR,6,train,0,0.565404
2021101400,2119,39983,Zach Ertz,TE,6,train,1,0.644336
2021101400,2170,53439,DeVonta Smith,WR,6,train,0,0.526003
2021101400,2217,44831,O.J. Howard,TE,6,train,1,0.870042
2021101400,2241,35634,Antonio Brown,WR,6,train,1,0.688696
2021101400,2312,44816,Leonard Fournette,RB,6,train,1,0.822973
2021101400,2420,44831,O.J. Howard,TE,6,train,1,0.690887
2021101400,2578,52429,Jalen Reagor,WR,6,train,0,0.177287
2021101400,2611,53579,Kenneth Gainwell,RB,6,train,1,0.860475
2021101400,2722,52608,Quez Watkins,WR,6,train,0,0.326908
2021101400,2797,35634,Antonio Brown,WR,6,train,0,0.621269
2021101400,2843,39985,Giovani Bernard,RB,6,train,1,0.900146
2021101400,2951,52608,Quez Watkins,WR,6,train,1,0.535826
2021101400,3045,53439,DeVonta Smith,WR,6,train,1,0.445885
2021101400,3152,47836,Miles Sanders,RB,6,train,0,0.128186
2021101400,3278,41233,Mike Evans,WR,6,train,1,0.921771
2021101400,3302,42033,Cameron Brate,TE,6,train,1,0.825591
2021101400,3326,44831,O.J. Howard,TE,6,train,1,0.883999
2021101400,3368,44831,O.J. Howard,TE,6,train,0,0.640475
2021101400,3390,47836,Miles Sanders,RB,6,train,1,0.868398
2021101400,3669,35634,Antonio Brown,WR,6,train,1,0.806733
2021101400,3761,35634,Antonio Brown,WR,6,train,1,0.631497
2021101400,3823,42033,Cameron Brate,TE,6,train,1,0.764356
2021101700,95,53435,Jaylen Waddle,WR,6,train,1,0.79921
2021101700,142,53435,Jaylen Waddle,WR,6,train,1,0.528715
2021101700,213,45050,Isaiah Ford,WR,6,train,0,0.437196
2021101700,259,46111,Mike Gesicki,TE,6,train,1,0.595479
2021101700,283,48017,Myles Gaskin,RB,6,train,0,0.770903
2021101700,305,46192,Durham Smythe,TE,6,train,1,0.869241
2021101700,329,53435,Jaylen Waddle,WR,6,train,1,0.333871
2021101700,499,44978,Jamal Agnew,WR,6,train,1,0.892204
2021101700,544,45785,Dan Arnold,TE,6,train,1,0.809001
2021101700,632,45785,Dan Arnold,TE,6,train,0,0.67728
2021101700,695,46111,Mike Gesicki,TE,6,train,1,0.837177
2021101700,768,46192,Durham Smythe,TE,6,train,1,0.647037
2021101700,802,52922,Salvon Ahmed,RB,6,train,1,0.79099
2021101700,874,46111,Mike Gesicki,TE,6,train,1,0.823932
2021101700,994,52450,Laviska Shenault,WR,6,train,0,0.499446
2021101700,1048,38696,Marvin Jones,WR,6,train,1,0.826587
2021101700,1077,39954,Tavon Austin,WR,6,train,0,0.552559
2021101700,1166,41506,Albert Wilson,WR,6,train,1,0.799834
2021101700,1190,46111,Mike Gesicki,TE,6,train,0,0.096342
2021101700,1337,44931,Mack Hollins,WR,6,train,0,0.634723
2021101700,1359,45217,Cethan Carter,TE,6,train,1,0.792461
2021101700,1388,53435,Jaylen Waddle,WR,6,train,0,0.549375
2021101700,1438,44931,Mack Hollins,WR,6,train,1,0.394817
2021101700,1462,46192,Durham Smythe,TE,6,train,1,0.808567
2021101700,1507,48017,Myles Gaskin,RB,6,train,0,0.800136
2021101700,1563,38696,Marvin Jones,WR,6,train,1,0.654204
2021101700,1592,45785,Dan Arnold,TE,6,train,1,0.685433
2021101700,1621,52450,Laviska Shenault,WR,6,train,1,0.859996
2021101700,1693,52733,James Robinson,RB,6,train,1,0.815807
2021101700,1714,38696,Marvin Jones,WR,6,train,1,0.61285
2021101700,1814,52450,Laviska Shenault,WR,6,train,0,0.761017
2021101700,1853,52450,Laviska Shenault,WR,6,train,0,0.62677
2021101700,1929,53510,Hunter Long,TE,6,train,0,0.667878
2021101700,2008,46111,Mike Gesicki,TE,6,train,1,0.78787
2021101700,2056,52450,Laviska Shenault,WR,6,train,1,0.819468
2021101700,2085,44978,Jamal Agnew,WR,6,train,0,0.202688
2021101700,2156,52450,Laviska Shenault,WR,6,train,0,0.72187
2021101700,2178,52450,Laviska Shenault,WR,6,train,1,0.76961
2021101700,2219,38696,Marvin Jones,WR,6,train,1,0.180276
2021101700,2275,46192,Durham Smythe,TE,6,train,0,0.504983
2021101700,2297,44931,Mack Hollins,WR,6,train,1,0.48055
2021101700,2326,42837,Malcolm Brown,RB,6,train,1,0.75725
2021101700,2372,46111,Mike Gesicki,TE,6,train,1,0.737563
2021101700,2467,42302,Chris Manhertz,TE,6,train,1,0.663603
2021101700,2514,45281,Jacob Hollister,TE,6,train,0,0.654768
2021101700,2536,44978,Jamal Agnew,WR,6,train,1,0.426408
2021101700,2560,45785,Dan Arnold,TE,6,train,0,0.61962
2021101700,2721,48017,Myles Gaskin,RB,6,train,1,0.885604
2021101700,2831,53435,Jaylen Waddle,WR,6,train,1,0.299756
2021101700,2855,44931,Mack Hollins,WR,6,train,1,0.229136
2021101700,2904,48017,Myles Gaskin,RB,6,train,1,0.900447
2021101700,2952,53435,Jaylen Waddle,WR,6,train,0,0.234543
2021101700,3056,38696,Marvin Jones,WR,6,train,1,0.796549
2021101700,3106,38696,Marvin Jones,WR,6,train,1,0.707789
2021101700,3180,53435,Jaylen Waddle,WR,6,train,0,0.655386
2021101700,3206,53574,Luke Farrell,TE,6,train,1,0.847806
2021101700,3280,52733,James Robinson,RB,6,train,1,0.821956
2021101700,3309,43312,Laquon Treadwell,WR,6,train,0,0.214207
2021101700,3352,46111,Mike Gesicki,TE,6,train,1,0.620753
2021101700,3450,41506,Albert Wilson,WR,6,train,1,0.662648
2021101700,3479,46192,Durham Smythe,TE,6,train,1,0.73324
2021101700,3503,53435,Jaylen Waddle,WR,6,train,1,0.74847
2021101700,3609,45785,Dan Arnold,TE,6,train,0,0.496854
2021101700,3631,44978,Jamal Agnew,WR,6,train,1,0.718256
2021101700,3678,38696,Marvin Jones,WR,6,train,0,0.671091
2021101700,3700,44978,Jamal Agnew,WR,6,train,1,0.199657
2021101700,3724,45785,Dan Arnold,TE,6,train,0,0.815444
2021101700,3815,46192,Durham Smythe,TE,6,train,1,0.81241
2021101700,3839,48017,Myles Gaskin,RB,6,train,0,0.839389
2021101700,3951,52450,Laviska Shenault,WR,6,train,1,0.800482
2021101700,3980,52733,James Robinson,RB,6,train,1,0.722186
2021101700,4025,52733,James Robinson,RB,6,train,0,0.877928
2021101700,4047,38696,Marvin Jones,WR,6,train,1,0.259193
2021101700,4071,38696,Marvin Jones,WR,6,train,0,0.585333
2021101700,4120,38696,Marvin Jones,WR,6,train,0,0.448558
2021101700,4176,53435,Jaylen Waddle,WR,6,train,1,0.83743
2021101700,4285,52922,Salvon Ahmed,RB,6,train,0,0.804338
2021101700,4307,46111,Mike Gesicki,TE,6,train,1,0.493646
2021101700,4424,52450,Laviska Shenault,WR,6,train,1,0.917864
2021101700,4498,52450,Laviska Shenault,WR,6,train,1,0.80709
2021101701,63,40024,Keenan Allen,WR,6,train,1,0.80487
2021101701,132,34540,Jared Cook,TE,6,train,1,0.574797
2021101701,161,34540,Jared Cook,TE,6,train,1,0.749079
2021101701,206,44819,Mike Williams,WR,6,train,0,0.236208
2021101701,228,48556,Jalen Guyton,WR,6,train,0,0.902951
2021101701,336,41332,Devonta Freeman,RB,6,train,0,0.454308
2021101701,379,47808,Marquise Brown,WR,6,train,1,0.842124
2021101701,403,40129,Latavius Murray,RB,6,train,1,0.913238
2021101701,459,40129,Latavius Murray,RB,6,train,1,0.866656
2021101701,642,40024,Keenan Allen,WR,6,train,1,0.887849
2021101701,713,46155,Mark Andrews,TE,6,train,1,0.844601
2021101701,807,46155,Mark Andrews,TE,6,train,1,0.451298
2021101701,914,46155,Mark Andrews,TE,6,train,1,0.763875
2021101701,1036,44819,Mike Williams,WR,6,train,0,0.85576
2021101701,1104,52500,Devin Duvernay,WR,6,train,0,0.842936
2021101701,1126,47852,Josh Oliver,TE,6,train,1,0.840032
2021101701,1184,45573,Austin Ekeler,RB,6,train,1,0.776438
2021101701,1208,48556,Jalen Guyton,WR,6,train,0,0.481258
2021101701,1230,46320,Justin Jackson,RB,6,train,1,0.772271
2021101701,1254,45573,Austin Ekeler,RB,6,train,0,0.799275
2021101701,1276,44819,Mike Williams,WR,6,train,0,0.569704
2021101701,1493,53506,Josh Palmer,WR,6,train,1,0.602912
2021101701,1517,34540,Jared Cook,TE,6,train,0,0.390342
2021101701,1557,53456,Rashod Bateman,WR,6,train,0,0.497239
2021101701,1630,34540,Jared Cook,TE,6,train,1,0.745243
2021101701,1716,53456,Rashod Bateman,WR,6,train,1,0.750708
2021101701,1822,52609,James Proche,WR,6,train,0,0.570407
2021101701,2014,53456,Rashod Bateman,WR,6,train,1,0.813039
2021101701,2212,46155,Mark Andrews,TE,6,train,1,0.583224
2021101701,2338,44819,Mike Williams,WR,6,train,0,0.457395
2021101701,2392,53506,Josh Palmer,WR,6,train,0,0.574891
2021101701,2435,46155,Mark Andrews,TE,6,train,0,0.315843
2021101701,2457,47808,Marquise Brown,WR,6,train,0,0.575153
2021101701,2519,34540,Jared Cook,TE,6,train,0,0.626034
2021101701,2563,34540,Jared Cook,TE,6,train,0,0.503336
2021101701,2631,53456,Rashod Bateman,WR,6,train,1,0.440121
2021101701,2702,47808,Marquise Brown,WR,6,train,1,0.849118
2021101701,2747,41332,Devonta Freeman,RB,6,train,0,0.372744
2021101701,2786,46155,Mark Andrews,TE,6,train,1,0.771677
2021101701,2899,34540,Jared Cook,TE,6,train,1,0.808605
2021101701,2923,40024,Keenan Allen,WR,6,train,1,0.62244
2021101701,2947,40024,Keenan Allen,WR,6,train,1,0.629507
2021101701,3010,53506,Josh Palmer,WR,6,train,0,0.381183
2021101701,3032,48556,Jalen Guyton,WR,6,train,1,0.477069
2021101701,3080,40024,Keenan Allen,WR,6,train,0,0.236549
2021101701,3113,48456,Donald Parham,TE,6,train,1,0.481313
2021101701,3137,40024,Keenan Allen,WR,6,train,1,0.375021
2021101701,3172,48556,Jalen Guyton,WR,6,train,0,0.082046
2021101701,3236,47876,Miles Boykin,WR,6,train,1,0.714899
2021101701,3326,53456,Rashod Bateman,WR,6,train,0,0.816535
2021101701,3376,53506,Josh Palmer,WR,6,train,0,0.391044
2021101701,3476,45573,Austin Ekeler,RB,6,train,1,0.891593
2021101701,3500,52810,Gabe Nabers,FB,6,train,1,0.814641
2021101701,3564,48556,Jalen Guyton,WR,6,train,0,0.362506
2021101702,55,43808,Robby Anderson,WR,6,train,0,0.613813
2021101702,123,40488,Adam Thielen,WR,6,train,1,0.775391
2021101702,173,52584,K.J. Osborn,WR,6,train,1,0.758369
2021101702,197,46226,Tyler Conklin,TE,6,train,0,0.158375
2021101702,257,53488,Terrace Marshall,WR,6,train,1,0.757369
2021101702,354,46093,D.J. Moore,WR,6,train,0,0.282999
2021101702,428,52430,Justin Jefferson,WR,6,train,0,0.289061
2021101702,606,52430,Justin Jefferson,WR,6,train,0,0.655412
2021101702,628,44923,Dede Westbrook,WR,6,train,1,0.711773
2021101702,652,52430,Justin Jefferson,WR,6,train,1,0.363862
2021101702,697,40488,Adam Thielen,WR,6,train,1,0.861733
2021101702,790,40488,Adam Thielen,WR,6,train,1,0.548692
2021101702,947,46093,D.J. Moore,WR,6,train,0,0.716425
2021101702,1126,40488,Adam Thielen,WR,6,train,1,0.451678
2021101702,1224,52584,K.J. Osborn,WR,6,train,1,0.752651
2021101702,1292,46176,Christopher Herndon,TE,6,train,1,0.958153
2021101702,1379,43808,Robby Anderson,WR,6,train,0,0.320687
2021101702,1439,43808,Robby Anderson,WR,6,train,0,0.820079
2021101702,1697,43808,Robby Anderson,WR,6,train,0,0.611241
2021101702,1741,46093,D.J. Moore,WR,6,train,1,0.767245
2021101702,1813,43808,Robby Anderson,WR,6,train,0,0.715664
2021101702,1869,40488,Adam Thielen,WR,6,train,1,0.818495
2021101702,2084,43663,Alex Erickson,WR,6,train,1,0.860498
2021101702,2108,53555,Chuba Hubbard,RB,6,train,0,0.904357
2021101702,2130,43808,Robby Anderson,WR,6,train,0,0.765341
2021101702,2251,46093,D.J. Moore,WR,6,train,0,0.326503
2021101702,2292,52430,Justin Jefferson,WR,6,train,0,0.385819
2021101702,2352,52430,Justin Jefferson,WR,6,train,1,0.62889
2021101702,2393,46226,Tyler Conklin,TE,6,train,0,0.832651
2021101702,2415,52584,K.J. Osborn,WR,6,train,0,0.516191
2021101702,2503,52430,Justin Jefferson,WR,6,train,0,0.709732
2021101702,2601,46226,Tyler Conklin,TE,6,train,1,0.845992
2021101702,2697,43808,Robby Anderson,WR,6,train,0,0.368713
2021101702,2793,46093,D.J. Moore,WR,6,train,0,0.140216
2021101702,2847,46170,Ian Thomas,TE,6,train,0,0.384107
2021101702,2869,44123,Brandon Zylstra,WR,6,train,1,0.801622
2021101702,2954,52584,K.J. Osborn,WR,6,train,0,0.484285
2021101702,2976,44923,Dede Westbrook,WR,6,train,0,0.150164
2021101702,3130,46226,Tyler Conklin,TE,6,train,1,0.847862
2021101702,3255,46093,D.J. Moore,WR,6,train,1,0.823269
2021101702,3295,40488,Adam Thielen,WR,6,train,1,0.603866
2021101702,3345,52430,Justin Jefferson,WR,6,train,0,0.170575
2021101702,3367,40488,Adam Thielen,WR,6,train,1,0.344437
2021101702,3489,53512,Tommy Tremble,TE,6,train,0,0.446351
2021101702,3680,52430,Justin Jefferson,WR,6,train,1,0.265861
2021101702,3794,52430,Justin Jefferson,WR,6,train,0,0.427228
2021101702,3902,46093,D.J. Moore,WR,6,train,0,0.275422
2021101702,3954,46093,D.J. Moore,WR,6,train,0,0.241017
2021101702,4047,40488,Adam Thielen,WR,6,train,0,0.388558
2021101702,4110,53555,Chuba Hubbard,RB,6,train,1,0.79539
2021101702,4134,44123,Brandon Zylstra,WR,6,train,1,0.808154
2021101702,4158,46093,D.J. Moore,WR,6,train,0,0.678109
2021101702,4201,43808,Robby Anderson,WR,6,train,0,0.564744
2021101702,4257,46226,Tyler Conklin,TE,6,train,1,0.746484
2021101702,4412,46093,D.J. Moore,WR,6,train,0,0.152711
2021101702,4434,53555,Chuba Hubbard,RB,6,train,0,0.869557
2021101702,4477,43808,Robby Anderson,WR,6,train,0,0.804973
2021101702,4499,46170,Ian Thomas,TE,6,train,1,0.396614
2021101702,4523,44123,Brandon Zylstra,WR,6,train,1,0.872343
2021101702,4573,53512,Tommy Tremble,TE,6,train,0,0.623832
2021101702,4595,43808,Robby Anderson,WR,6,train,1,0.799427
2021101702,4624,46093,D.J. Moore,WR,6,train,0,0.756299
2021101702,4663,46093,D.J. Moore,WR,6,train,1,0.166533
2021101702,4692,43808,Robby Anderson,WR,6,train,1,0.565852
2021101702,4746,52584,K.J. Osborn,WR,6,train,1,0.791538
2021101702,4801,52584,K.J. Osborn,WR,6,train,1,0.512353
2021101702,4883,40488,Adam Thielen,WR,6,train,1,0.529764
2021101702,5036,40488,Adam Thielen,WR,6,train,1,0.872144
2021101702,5087,40488,Adam Thielen,WR,6,train,0,0.502698
2021101702,5133,52584,K.J. Osborn,WR,6,train,1,0.471794
2021101702,5223,52584,K.J. Osborn,WR,6,train,1,0.603475
2021101703,143,46705,Allen Lazard,WR,6,train,1,0.733868
2021101703,218,41282,Davante Adams,WR,6,train,0,0.422769
2021101703,343,52451,Cole Kmet,TE,6,train,1,0.869502
2021101703,393,52581,Darnell Mooney,WR,6,train,1,0.64021
2021101703,422,41290,Allen Robinson,WR,6,train,1,0.431183
2021101703,451,40026,Marquise Goodwin,WR,6,train,0,0.096768
2021101703,627,45635,Robert Tonyan,TE,6,train,1,0.858116
2021101703,802,52581,Darnell Mooney,WR,6,train,0,0.694603
2021101703,920,52581,Darnell Mooney,WR,6,train,0,0.402794
2021101703,966,41290,Allen Robinson,WR,6,train,0,0.441001
2021101703,1090,45635,Robert Tonyan,TE,6,train,1,0.656923
2021101703,1208,41282,Davante Adams,WR,6,train,1,0.548474
2021101703,1394,52451,Cole Kmet,TE,6,train,0,0.796678
2021101703,1612,46705,Allen Lazard,WR,6,train,0,0.263754
2021101703,1634,46276,Equanimeous St. Brown,WR,6,train,1,0.500854
2021101703,1872,52451,Cole Kmet,TE,6,train,1,0.826158
2021101703,1896,40026,Marquise Goodwin,WR,6,train,1,0.627139
2021101703,1978,41290,Allen Robinson,WR,6,train,0,0.446795
2021101703,2221,53646,Khalil Herbert,RB,6,train,0,0.886708
2021101703,2306,41282,Davante Adams,WR,6,train,1,0.736597
2021101703,2398,41282,Davante Adams,WR,6,train,0,0.250823
2021101703,2431,30842,Marcedes Lewis,TE,6,train,1,0.793753
2021101703,2485,52502,Josiah Deguara,TE,6,train,1,0.743041
2021101703,2535,44995,Aaron Jones,RB,6,train,1,0.811476
2021101703,2564,44995,Aaron Jones,RB,6,train,1,0.863284
2021101703,2656,53646,Khalil Herbert,RB,6,train,1,0.825073
2021101703,2786,41290,Allen Robinson,WR,6,train,0,0.256817
2021101703,2868,46705,Allen Lazard,WR,6,train,0,0.515045
2021101703,2940,45635,Robert Tonyan,TE,6,train,0,0.802392
2021101703,3059,41290,Allen Robinson,WR,6,train,1,0.626826
2021101703,3083,52451,Cole Kmet,TE,6,train,1,0.853678
2021101703,3189,41290,Allen Robinson,WR,6,train,1,0.69679
2021101703,3218,52451,Cole Kmet,TE,6,train,1,0.716348
2021101703,3265,52581,Darnell Mooney,WR,6,train,1,0.780088
2021101703,3357,46705,Allen Lazard,WR,6,train,1,0.405006
2021101703,3403,41282,Davante Adams,WR,6,train,1,0.712663
2021101703,3449,30842,Marcedes Lewis,TE,6,train,1,0.89921
2021101703,3580,52581,Darnell Mooney,WR,6,train,0,0.869886
2021101703,3669,52581,Darnell Mooney,WR,6,train,1,0.548528
2021101704,83,47791,T.J. Hockenson,TE,6,train,1,0.862426
2021101704,162,52443,D'Andre Swift,RB,6,train,0,0.540009
2021101704,252,52441,Tee Higgins,WR,6,train,1,0.650942
2021101704,318,53434,Ja'Marr Chase,WR,6,train,0,0.620875
2021101704,366,53631,Chris Evans,RB,6,train,1,0.644037
2021101704,478,47791,T.J. Hockenson,TE,6,train,1,0.788037
2021101704,521,44860,Joe Mixon,RB,6,train,1,0.857997
2021101704,617,52441,Tee Higgins,WR,6,train,1,0.765684
2021101704,680,42500,C.J. Uzomah,TE,6,train,1,0.696242
2021101704,704,53434,Ja'Marr Chase,WR,6,train,0,0.840432
2021101704,776,53541,Amon-Ra St. Brown,WR,6,train,0,0.478312
2021101704,903,43344,Tyler Boyd,WR,6,train,1,0.843814
2021101704,938,53434,Ja'Marr Chase,WR,6,train,1,0.890192
2021101704,1041,47791,T.J. Hockenson,TE,6,train,1,0.859767
2021101704,1138,43584,Kalif Raymond,WR,6,train,1,0.714283
2021101704,1188,47791,T.J. Hockenson,TE,6,train,0,0.768424
2021101704,1264,44860,Joe Mixon,RB,6,train,1,0.917782
2021101704,1345,43584,Kalif Raymond,WR,6,train,1,0.877944
2021101704,1369,43584,Kalif Raymond,WR,6,train,1,0.786023
2021101704,1438,43584,Kalif Raymond,WR,6,train,1,0.736902
2021101704,1521,44947,Jamaal Williams,RB,6,train,1,0.891111
2021101704,1545,47791,T.J. Hockenson,TE,6,train,0,0.767357
2021101704,1613,44860,Joe Mixon,RB,6,train,1,0.906943
2021101704,1726,43584,Kalif Raymond,WR,6,train,0,0.435025
2021101704,1843,43344,Tyler Boyd,WR,6,train,1,0.805036
2021101704,1867,43344,Tyler Boyd,WR,6,train,0,0.444865
2021101704,1889,44860,Joe Mixon,RB,6,train,1,0.862127
2021101704,1913,52441,Tee Higgins,WR,6,train,0,0.476579
2021101704,1935,52441,Tee Higgins,WR,6,train,0,0.357869
2021101704,1957,53434,Ja'Marr Chase,WR,6,train,1,0.24211
2021101704,2191,42500,C.J. Uzomah,TE,6,train,1,0.851898
2021101704,2260,44860,Joe Mixon,RB,6,train,1,0.823571
2021101704,2327,47791,T.J. Hockenson,TE,6,train,1,0.859386
2021101704,2351,47791,T.J. Hockenson,TE,6,train,1,0.891601
2021101704,2440,52441,Tee Higgins,WR,6,train,1,0.684036
2021101704,2586,52441,Tee Higgins,WR,6,train,1,0.670034
2021101704,2631,47835,Drew Sample,TE,6,train,0,0.272965
2021101704,2653,43344,Tyler Boyd,WR,6,train,0,0.74296
2021101704,2739,47791,T.J. Hockenson,TE,6,train,1,0.663612
2021101704,2787,44947,Jamaal Williams,RB,6,train,0,0.894046
2021101704,2809,53541,Amon-Ra St. Brown,WR,6,train,0,0.285369
2021101704,2903,53631,Chris Evans,RB,6,train,1,0.824394
2021101704,2948,53434,Ja'Marr Chase,WR,6,train,1,0.39507
2021101704,3031,53631,Chris Evans,RB,6,train,1,0.843124
2021101704,3055,42500,C.J. Uzomah,TE,6,train,1,0.478327
2021101704,3111,53541,Amon-Ra St. Brown,WR,6,train,1,0.842112
2021101704,3145,47791,T.J. Hockenson,TE,6,train,1,0.881814
2021101704,3190,53541,Amon-Ra St. Brown,WR,6,train,1,0.721233
2021101704,3235,48680,Tom Kennedy,WR,6,train,1,0.768882
2021101704,3259,46992,KhaDarel Hodge,WR,6,train,0,0.231332
2021101704,3281,53541,Amon-Ra St. Brown,WR,6,train,1,0.789896
2021101704,3305,53541,Amon-Ra St. Brown,WR,6,train,1,0.458055
2021101704,3350,52443,D'Andre Swift,RB,6,train,1,0.575165
2021101704,3391,52443,D'Andre Swift,RB,6,train,0,0.734703
2021101704,3507,52441,Tee Higgins,WR,6,train,0,0.36853
2021101704,3582,46322,Auden Tate,WR,6,train,0,0.432096
2021101704,3615,46322,Auden Tate,WR,6,train,1,0.911781
2021101704,3673,46992,KhaDarel Hodge,WR,6,train,1,0.509888
2021101704,3697,47791,T.J. Hockenson,TE,6,train,1,0.50714
2021101704,3743,53541,Amon-Ra St. Brown,WR,6,train,1,0.871828
2021101704,3767,43584,Kalif Raymond,WR,6,train,1,0.870045
2021101704,3791,47791,T.J. Hockenson,TE,6,train,0,0.477066
2021101704,3813,52443,D'Andre Swift,RB,6,train,1,0.851116
2021101704,3837,43584,Kalif Raymond,WR,6,train,1,0.664399
2021101704,3861,52443,D'Andre Swift,RB,6,train,1,0.851712
2021101704,3928,46992,KhaDarel Hodge,WR,6,train,0,0.785995
2021101704,3950,52443,D'Andre Swift,RB,6,train,1,0.858607
2021101705,111,42429,David Johnson,RB,6,train,0,0.901716
2021101705,182,38622,T.Y. Hilton,WR,6,train,1,0.804934
2021101705,225,46173,Nyheim Hines,RB,6,train,0,0.211425
2021101705,349,41246,Brandin Cooks,WR,6,train,1,0.358888
2021101705,378,42419,Chris Conley,WR,6,train,1,0.809926
2021101705,449,53518,Nico Collins,WR,6,train,1,0.728922
2021101705,561,41246,Brandin Cooks,WR,6,train,1,0.753544
2021101705,644,52442,Michael Pittman,WR,6,train,1,0.735573
2021101705,718,52449,Jonathan Taylor,RB,6,train,0,0.848535
2021101705,764,47842,Parris Campbell,WR,6,train,1,0.626389
2021101705,861,41246,Brandin Cooks,WR,6,train,0,0.391747
2021101705,988,38622,T.Y. Hilton,WR,6,train,1,0.455579
2021101705,1034,44792,Mo Alie-Cox,TE,6,train,0,0.59884
2021101705,1135,53518,Nico Collins,WR,6,train,1,0.382107
2021101705,1180,46167,Jordan Akins,TE,6,train,1,0.804671
2021101705,1204,46367,Phillip Lindsay,RB,6,train,1,0.608605
2021101705,1228,41246,Brandin Cooks,WR,6,train,0,0.375199
2021101705,1250,41246,Brandin Cooks,WR,6,train,1,0.543002
2021101705,1326,53518,Nico Collins,WR,6,train,1,0.631702
2021101705,1401,46167,Jordan Akins,TE,6,train,0,0.07044
2021101705,1511,38622,T.Y. Hilton,WR,6,train,1,0.377887
2021101705,1563,52442,Michael Pittman,WR,6,train,1,0.333393
2021101705,1674,44792,Mo Alie-Cox,TE,6,train,0,0.877854
2021101705,1757,45339,Pharaoh Brown,TE,6,train,1,0.87784
2021101705,1820,41246,Brandin Cooks,WR,6,train,1,0.648243
2021101705,1849,42429,David Johnson,RB,6,train,0,0.893821
2021101705,1911,43396,Chris Moore,WR,6,train,1,0.639525
2021101705,2013,43396,Chris Moore,WR,6,train,0,0.403031
2021101705,2243,53518,Nico Collins,WR,6,train,0,0.814594
2021101705,2290,44792,Mo Alie-Cox,TE,6,train,1,0.581914
2021101705,2374,45339,Pharaoh Brown,TE,6,train,0,0.863414
2021101705,2396,41246,Brandin Cooks,WR,6,train,1,0.493017
2021101705,2465,53518,Nico Collins,WR,6,train,0,0.501697
2021101705,2673,41246,Brandin Cooks,WR,6,train,1,0.396517
2021101705,2760,41246,Brandin Cooks,WR,6,train,1,0.510423
2021101705,2813,46167,Jordan Akins,TE,6,train,1,0.669799
2021101705,2863,41246,Brandin Cooks,WR,6,train,0,0.263369
2021101705,2925,42419,Chris Conley,WR,6,train,0,0.858662
2021101705,2947,46167,Jordan Akins,TE,6,train,0,0.239506
2021101705,3026,52442,Michael Pittman,WR,6,train,0,0.458397
2021101705,3077,41246,Brandin Cooks,WR,6,train,1,0.46402
2021101705,3106,37101,Mark Ingram,RB,6,train,1,0.864771
2021101705,3198,42429,David Johnson,RB,6,train,1,0.855897
2021101705,3233,53518,Nico Collins,WR,6,train,1,0.429362
2021101705,3403,38622,T.Y. Hilton,WR,6,train,1,0.862198
2021101705,3533,46367,Phillip Lindsay,RB,6,train,1,0.871527
2021101705,3609,40138,Rex Burkhead,RB,6,train,0,0.770728
2021101705,3631,46167,Jordan Akins,TE,6,train,1,0.824368
2021101705,3655,41246,Brandin Cooks,WR,6,train,0,0.446059
2021101706,123,53449,Kadarius Toney,WR,6,train,1,0.537394
2021101706,152,43329,Sterling Shepard,WR,6,train,1,0.883738
2021101706,259,53449,Kadarius Toney,WR,6,train,1,0.811114
2021101706,404,52573,Collin Johnson,WR,6,train,0,0.654233
2021101706,478,52465,Van Jefferson,WR,6,train,0,0.791204
2021101706,512,44881,Cooper Kupp,WR,6,train,1,0.534242
2021101706,562,39989,Robert Woods,WR,6,train,1,0.769656
2021101706,586,44881,Cooper Kupp,WR,6,train,0,0.671778
2021101706,667,43425,Devontae Booker,RB,6,train,1,0.711184
2021101706,712,43329,Sterling Shepard,WR,6,train,1,0.539529
2021101706,760,46113,Dante Pettis,WR,6,train,0,0.368111
2021101706,841,52573,Collin Johnson,WR,6,train,0,0.703191
2021101706,886,46113,Dante Pettis,WR,6,train,1,0.691013
2021101706,936,39989,Robert Woods,WR,6,train,0,0.781703
2021101706,958,44881,Cooper Kupp,WR,6,train,1,0.707691
2021101706,1094,44835,Evan Engram,TE,6,train,1,0.751192
2021101706,1250,44881,Cooper Kupp,WR,6,train,1,0.292084
2021101706,1286,43399,Tyler Higbee,TE,6,train,1,0.827371
2021101706,1331,39989,Robert Woods,WR,6,train,1,0.84157
2021101706,1394,44835,Evan Engram,TE,6,train,0,0.653975
2021101706,1492,47853,Darrell Henderson,RB,6,train,0,0.736861
2021101706,1523,43399,Tyler Higbee,TE,6,train,1,0.851956
2021101706,1589,44881,Cooper Kupp,WR,6,train,1,0.833754
2021101706,1652,46113,Dante Pettis,WR,6,train,0,0.694458
2021101706,1695,44821,John Ross,WR,6,train,0,0.703223
2021101706,1778,39989,Robert Woods,WR,6,train,0,0.587491
2021101706,1861,44835,Evan Engram,TE,6,train,0,0.716936
2021101706,1908,43399,Tyler Higbee,TE,6,train,1,0.815608
2021101706,1932,43399,Tyler Higbee,TE,6,train,1,0.653865
2021101706,2037,37118,Kyle Rudolph,TE,6,train,1,0.863415
2021101706,2082,43329,Sterling Shepard,WR,6,train,0,0.848395
2021101706,2104,43329,Sterling Shepard,WR,6,train,1,0.835864
2021101706,2145,46113,Dante Pettis,WR,6,train,0,0.715293
2021101706,2293,43399,Tyler Higbee,TE,6,train,1,0.863896
2021101706,2346,44881,Cooper Kupp,WR,6,train,1,0.681958
2021101706,2370,47853,Darrell Henderson,RB,6,train,1,0.283914
2021101706,2436,43329,Sterling Shepard,WR,6,train,0,0.718643
2021101706,2472,47853,Darrell Henderson,RB,6,train,1,0.91527
2021101706,2513,44881,Cooper Kupp,WR,6,train,0,0.702944
2021101706,2601,44881,Cooper Kupp,WR,6,train,1,0.834093
2021101706,2743,52465,Van Jefferson,WR,6,train,1,0.747662
2021101706,2930,43329,Sterling Shepard,WR,6,train,1,0.731531
2021101706,2975,43329,Sterling Shepard,WR,6,train,1,0.79318
2021101706,3063,46113,Dante Pettis,WR,6,train,1,0.625383
2021101706,3087,46113,Dante Pettis,WR,6,train,0,0.71234
2021101706,3139,33130,DeSean Jackson,WR,6,train,1,0.877689
2021101706,3308,44881,Cooper Kupp,WR,6,train,1,0.714102
2021101706,3371,44821,John Ross,WR,6,train,0,0.40607
2021101706,3412,46113,Dante Pettis,WR,6,train,0,0.613264
2021101706,3480,39989,Robert Woods,WR,6,train,0,0.736742
2021101706,3502,44881,Cooper Kupp,WR,6,train,0,0.276898
2021101706,3573,43329,Sterling Shepard,WR,6,train,0,0.118792
2021101706,3606,52573,Collin Johnson,WR,6,train,1,0.521869
2021101706,3633,43880,Elijhaa Penny,RB,6,train,0,0.494104
2021101706,3672,46113,Dante Pettis,WR,6,train,1,0.81828
2021101706,3696,46113,Dante Pettis,WR,6,train,1,0.796016
2021101706,3720,43880,Elijhaa Penny,RB,6,train,1,0.848727
2021101706,3766,37118,Kyle Rudolph,TE,6,train,0,0.622341
2021101706,4114,43425,Devontae Booker,RB,6,train,1,0.846408
2021101706,4138,43329,Sterling Shepard,WR,6,train,1,0.843787
2021101706,4162,44835,Evan Engram,TE,6,train,1,0.731509
2021101706,4186,52573,Collin Johnson,WR,6,train,1,0.724167
2021101706,4227,43329,Sterling Shepard,WR,6,train,1,0.868336
2021101706,4251,46113,Dante Pettis,WR,6,train,1,0.83664
2021101706,4275,52573,Collin Johnson,WR,6,train,0,0.621333
2021101706,4297,43329,Sterling Shepard,WR,6,train,1,0.783733
2021101706,4343,43329,Sterling Shepard,WR,6,train,1,0.420027
2021101707,62,53511,Dyami Brown,WR,6,train,0,0.443317
2021101707,105,47859,Terry McLaurin,WR,6,train,0,0.390301
2021101707,166,43454,Tyreek Hill,WR,6,train,1,0.908235
2021101707,190,40011,Travis Kelce,TE,6,train,1,0.829279
2021101707,242,46526,Darrel Williams,RB,6,train,1,0.864046
2021101707,306,43454,Tyreek Hill,WR,6,train,1,0.734521
2021101707,330,48683,Joe Fortson,TE,6,train,1,0.433422
2021101707,470,43722,J.D. McKissic,RB,6,train,1,0.896918
2021101707,520,42794,DeAndre Carter,WR,6,train,0,0.79147
2021101707,563,53511,Dyami Brown,WR,6,train,1,0.772964
2021101707,615,43722,J.D. McKissic,RB,6,train,0,0.661065
2021101707,637,43722,J.D. McKissic,RB,6,train,1,0.928539
2021101707,661,53511,Dyami Brown,WR,6,train,0,0.251894
2021101707,759,47839,Mecole Hardman,WR,6,train,1,0.262701
2021101707,809,47839,Mecole Hardman,WR,6,train,1,0.793464
2021101707,833,41325,Jerick McKinnon,RB,6,train,1,0.890405
2021101707,881,43454,Tyreek Hill,WR,6,train,0,0.779846
2021101707,943,45481,Ricky Seals-Jones,TE,6,train,1,0.743284
2021101707,972,53511,Dyami Brown,WR,6,train,0,0.396608
2021101707,1019,46526,Darrel Williams,RB,6,train,0,0.848051
2021101707,1041,43415,Demarcus Robinson,WR,6,train,0,0.513675
2021101707,1063,46522,Byron Pringle,WR,6,train,1,0.859809
2021101707,1135,53553,John Bates,TE,6,train,1,0.746799
2021101707,1173,47859,Terry McLaurin,WR,6,train,1,0.726233
2021101707,1230,47859,Terry McLaurin,WR,6,train,1,0.079717
2021101707,1277,47859,Terry McLaurin,WR,6,train,0,0.199424
2021101707,1320,47859,Terry McLaurin,WR,6,train,1,0.267875
2021101707,1405,41325,Jerick McKinnon,RB,6,train,0,0.656247
2021101707,1495,41325,Jerick McKinnon,RB,6,train,0,0.650326
2021101707,1536,43010,Adam Humphries,WR,6,train,0,0.587681
2021101707,1627,47839,Mecole Hardman,WR,6,train,0,0.573261
2021101707,1649,40011,Travis Kelce,TE,6,train,0,0.559746
2021101707,1719,52474,Antonio Gibson,RB,6,train,0,0.750561
2021101707,1741,53511,Dyami Brown,WR,6,train,1,0.625961
2021101707,1765,47859,Terry McLaurin,WR,6,train,1,0.493605
2021101707,1789,45481,Ricky Seals-Jones,TE,6,train,1,0.881414
2021101707,1824,43722,J.D. McKissic,RB,6,train,1,0.894489
2021101707,1853,47859,Terry McLaurin,WR,6,train,0,0.848381
2021101707,1937,45481,Ricky Seals-Jones,TE,6,train,1,0.706628
2021101707,2013,46522,Byron Pringle,WR,6,train,1,0.653872
2021101707,2037,40011,Travis Kelce,TE,6,train,1,0.818595
2021101707,2066,40011,Travis Kelce,TE,6,train,1,0.542051
2021101707,2130,43415,Demarcus Robinson,WR,6,train,0,0.668362
2021101707,2152,40011,Travis Kelce,TE,6,train,1,0.891305
2021101707,2209,45481,Ricky Seals-Jones,TE,6,train,0,0.554846
2021101707,2362,40011,Travis Kelce,TE,6,train,1,0.763591
2021101707,2386,43415,Demarcus Robinson,WR,6,train,1,0.668292
2021101707,2466,43415,Demarcus Robinson,WR,6,train,0,0.725767
2021101707,2535,43722,J.D. McKissic,RB,6,train,1,0.893453
2021101707,2590,45481,Ricky Seals-Jones,TE,6,train,1,0.803965
2021101707,2714,46526,Darrel Williams,RB,6,train,1,0.847215
2021101707,2799,46526,Darrel Williams,RB,6,train,1,0.719184
2021101707,2831,43454,Tyreek Hill,WR,6,train,1,0.717891
2021101707,2882,40011,Travis Kelce,TE,6,train,0,0.713441
2021101707,2904,43454,Tyreek Hill,WR,6,train,0,0.549789
2021101707,2938,43454,Tyreek Hill,WR,6,train,1,0.413846
2021101707,2994,43454,Tyreek Hill,WR,6,train,1,0.687436
2021101707,3078,43722,J.D. McKissic,RB,6,train,1,0.829173
2021101707,3107,45481,Ricky Seals-Jones,TE,6,train,0,0.190313
2021101707,3244,40011,Travis Kelce,TE,6,train,1,0.730188
2021101707,3335,40011,Travis Kelce,TE,6,train,1,0.656218
2021101707,3488,47859,Terry McLaurin,WR,6,train,0,0.46489
2021101707,3531,53511,Dyami Brown,WR,6,train,1,0.471055
2021101707,3555,43722,J.D. McKissic,RB,6,train,1,0.903999
2021101707,3608,53687,Dax Milne,WR,6,train,0,0.703934
2021101707,3748,43454,Tyreek Hill,WR,6,train,0,0.434315
2021101707,3770,46522,Byron Pringle,WR,6,train,1,0.638667
2021101707,3815,40011,Travis Kelce,TE,6,train,0,0.686859
2021101707,3837,43454,Tyreek Hill,WR,6,train,1,0.219753
2021101707,3877,43454,Tyreek Hill,WR,6,train,1,0.833635
2021101707,3960,43415,Demarcus Robinson,WR,6,train,1,0.825653
2021101707,4039,40011,Travis Kelce,TE,6,train,1,0.803572
2021101707,4080,43415,Demarcus Robinson,WR,6,train,1,0.436019
2021101707,4147,43722,J.D. McKissic,RB,6,train,1,0.86833
2021101707,4171,43722,J.D. McKissic,RB,6,train,0,0.860677
2021101708,56,43370,Austin Hooper,TE,6,train,0,0.773161
2021101708,102,43370,Austin Hooper,TE,6,train,1,0.742624
2021101708,137,41238,Odell Beckham,WR,6,train,0,0.298872
2021101708,262,44917,James Conner,RB,6,train,1,0.882801
2021101708,307,46116,Christian Kirk,WR,6,train,1,0.813208
2021101708,384,46116,Christian Kirk,WR,6,train,1,0.675419
2021101708,500,52595,Donovan Peoples-Jones,WR,6,train,0,0.906409
2021101708,522,41238,Odell Beckham,WR,6,train,1,0.18456
2021101708,631,52595,Donovan Peoples-Jones,WR,6,train,1,0.27227
2021101708,666,43370,Austin Hooper,TE,6,train,0,0.789865
2021101708,824,37077,A.J. Green,WR,6,train,1,0.819585
2021101708,869,39973,DeAndre Hopkins,WR,6,train,0,0.456932
2021101708,902,37077,A.J. Green,WR,6,train,0,0.539811
2021101708,965,39973,DeAndre Hopkins,WR,6,train,0,0.162826
2021101708,1178,46203,Chase Edmonds,RB,6,train,1,0.766313
2021101708,1367,45142,Darrell Daniels,TE,6,train,0,0.844634
2021101708,1500,44898,Kareem Hunt,RB,6,train,1,0.815004
2021101708,1545,43461,Rashard Higgins,WR,6,train,0,0.637251
2021101708,1703,41238,Odell Beckham,WR,6,train,1,0.829905
2021101708,1835,44898,Kareem Hunt,RB,6,train,1,0.832587
2021101708,1865,52595,Donovan Peoples-Jones,WR,6,train,1,0.849756
2021101708,1964,46203,Chase Edmonds,RB,6,train,1,0.800858
2021101708,1988,53478,Rondale Moore,WR,6,train,1,0.870103
2021101708,2038,39973,DeAndre Hopkins,WR,6,train,1,0.614934
2021101708,2196,39973,DeAndre Hopkins,WR,6,train,0,0.653805
2021101708,2319,44841,David Njoku,TE,6,train,0,0.911731
2021101708,2341,53520,Anthony Schwartz,WR,6,train,1,0.905081
2021101708,2365,47605,D'Ernest Johnson,RB,6,train,1,0.811249
2021101708,2413,52595,Donovan Peoples-Jones,WR,6,train,1,0.107542
2021101708,2519,37077,A.J. Green,WR,6,train,1,0.611675
2021101708,2543,53478,Rondale Moore,WR,6,train,1,0.819242
2021101708,2737,46116,Christian Kirk,WR,6,train,0,0.502782
2021101708,2759,46116,Christian Kirk,WR,6,train,0,0.499229
2021101708,2844,41238,Odell Beckham,WR,6,train,1,0.676827
2021101708,2894,52595,Donovan Peoples-Jones,WR,6,train,1,0.61725
2021101708,3027,53478,Rondale Moore,WR,6,train,0,0.222541
2021101708,3049,37077,A.J. Green,WR,6,train,1,0.696614
2021101708,3094,37077,A.J. Green,WR,6,train,1,0.619861
2021101708,3160,39973,DeAndre Hopkins,WR,6,train,1,0.505443
2021101708,3238,41238,Odell Beckham,WR,6,train,0,0.292434
2021101708,3260,44898,Kareem Hunt,RB,6,train,1,0.519593
2021101708,3284,46536,Johnny Stanton,FB,6,train,1,0.720023
2021101708,3308,43370,Austin Hooper,TE,6,train,1,0.794813
2021101708,3570,43461,Rashard Higgins,WR,6,train,0,0.614861
2021101708,3592,41238,Odell Beckham,WR,6,train,0,0.734321
2021101708,3656,46116,Christian Kirk,WR,6,train,1,0.503762
2021101708,3756,39973,DeAndre Hopkins,WR,6,train,0,0.151452
2021101708,3838,46116,Christian Kirk,WR,6,train,1,0.809954
2021101708,4059,44841,David Njoku,TE,6,train,1,0.831353
2021101708,4083,43461,Rashard Higgins,WR,6,train,0,0.840067
2021101708,4122,53520,Anthony Schwartz,WR,6,train,0,0.395096
2021101709,55,52420,Henry Ruggs,WR,6,train,1,0.787441
2021101709,126,52420,Henry Ruggs,WR,6,train,0,0.308633
2021101709,213,52420,Henry Ruggs,WR,6,train,1,0.341192
2021101709,278,45267,Tim Patrick,WR,6,train,1,0.495848
2021101709,374,46109,Courtland Sutton,WR,6,train,1,0.758652
2021101709,398,52766,Kendall Hinton,WR,6,train,0,0.411323
2021101709,485,45267,Tim Patrick,WR,6,train,1,0.637608
2021101709,541,42547,Darren Waller,TE,6,train,1,0.898261
2021101709,586,44045,Jalen Richard,RB,6,train,1,0.801751
2021101709,620,47932,Hunter Renfrow,WR,6,train,1,0.831477
2021101709,813,46109,Courtland Sutton,WR,6,train,0,0.460085
2021101709,835,47803,Noah Fant,TE,6,train,1,0.872234
2021101709,859,44987,Eric Saubert,TE,6,train,0,0.820432
2021101709,885,47920,Foster Moreau,TE,6,train,1,0.789825
2021101709,998,47932,Hunter Renfrow,WR,6,train,0,0.365665
2021101709,1068,47803,Noah Fant,TE,6,train,1,0.864584
2021101709,1113,46109,Courtland Sutton,WR,6,train,0,0.38528
2021101709,1153,52489,Bryan Edwards,WR,6,train,1,0.683027
2021101709,1228,52420,Henry Ruggs,WR,6,train,0,0.530467
2021101709,1332,47803,Noah Fant,TE,6,train,1,0.826277
2021101709,1356,44987,Eric Saubert,TE,6,train,1,0.856706
2021101709,1544,42547,Darren Waller,TE,6,train,1,0.871211
2021101709,1590,47932,Hunter Renfrow,WR,6,train,1,0.774771
2021101709,1631,52766,Kendall Hinton,WR,6,train,1,0.503595
2021101709,1655,42358,Melvin Gordon,RB,6,train,1,0.854943
2021101709,1733,42358,Melvin Gordon,RB,6,train,1,0.860406
2021101709,1757,45267,Tim Patrick,WR,6,train,0,0.723226
2021101709,1791,46109,Courtland Sutton,WR,6,train,1,0.532459
2021101709,1826,53464,Javonte Williams,RB,6,train,1,0.851387
2021101709,1886,43362,Kenyan Drake,RB,6,train,1,0.532062
2021101709,1924,42547,Darren Waller,TE,6,train,1,0.353879
2021101709,1953,52489,Bryan Edwards,WR,6,train,0,0.308287
2021101709,1975,42547,Darren Waller,TE,6,train,1,0.337319
2021101709,2016,43362,Kenyan Drake,RB,6,train,1,0.417564
2021101709,2185,44987,Eric Saubert,TE,6,train,1,0.601548
2021101709,2241,46109,Courtland Sutton,WR,6,train,0,0.16168
2021101709,2263,45267,Tim Patrick,WR,6,train,0,0.252833
2021101709,2349,47932,Hunter Renfrow,WR,6,train,1,0.839485
2021101709,2454,47803,Noah Fant,TE,6,train,1,0.587923
2021101709,2502,46109,Courtland Sutton,WR,6,train,1,0.279746
2021101709,2600,47803,Noah Fant,TE,6,train,0,0.292522
2021101709,2715,47932,Hunter Renfrow,WR,6,train,0,0.316553
2021101709,2756,46109,Courtland Sutton,WR,6,train,0,0.180071
2021101709,2778,44987,Eric Saubert,TE,6,train,1,0.891571
2021101709,2823,52766,Kendall Hinton,WR,6,train,1,0.855622
2021101709,2942,52489,Bryan Edwards,WR,6,train,0,0.331174
2021101709,2964,52420,Henry Ruggs,WR,6,train,1,0.369511
2021101709,3091,46109,Courtland Sutton,WR,6,train,1,0.649016
2021101709,3134,52766,Kendall Hinton,WR,6,train,1,0.737516
2021101709,3179,52766,Kendall Hinton,WR,6,train,1,0.838651
2021101709,3203,47803,Noah Fant,TE,6,train,1,0.379504
2021101709,3248,53464,Javonte Williams,RB,6,train,1,0.433864
2021101709,3283,44987,Eric Saubert,TE,6,train,0,0.683386
2021101709,3305,47803,Noah Fant,TE,6,train,1,0.897888
2021101709,3329,52766,Kendall Hinton,WR,6,train,1,0.583733
2021101709,3411,46109,Courtland Sutton,WR,6,train,0,0.478779
2021101709,3433,46109,Courtland Sutton,WR,6,train,1,0.775157
2021101709,3562,52489,Bryan Edwards,WR,6,train,1,0.233696
2021101709,3633,48233,Alec Ingold,FB,6,train,0,0.791326
2021101709,3689,45267,Tim Patrick,WR,6,train,1,0.622933
2021101709,3739,47803,Noah Fant,TE,6,train,0,0.685151
2021101709,3761,46109,Courtland Sutton,WR,6,train,0,0.423707
2021101709,3906,47803,Noah Fant,TE,6,train,1,0.618825
2021101709,3930,44987,Eric Saubert,TE,6,train,1,0.878744
2021101709,3954,46109,Courtland Sutton,WR,6,train,1,0.584846
2021101709,4001,46109,Courtland Sutton,WR,6,train,1,0.477626
2021101709,4063,46109,Courtland Sutton,WR,6,train,1,0.691814
2021101709,4087,46109,Courtland Sutton,WR,6,train,1,0.842262
2021101709,4111,47803,Noah Fant,TE,6,train,1,0.636911
2021101709,4168,53464,Javonte Williams,RB,6,train,1,0.876567
2021101709,4233,47803,Noah Fant,TE,6,train,1,0.820331
2021101709,4257,45267,Tim Patrick,WR,6,train,0,0.590416
2021101710,94,52425,CeeDee Lamb,WR,6,train,1,0.706076
2021101710,118,43293,Ezekiel Elliott,RB,6,train,1,0.88185
2021101710,179,42347,Amari Cooper,WR,6,train,1,0.554529
2021101710,373,52425,CeeDee Lamb,WR,6,train,1,0.765301
2021101710,399,46206,Dalton Schultz,TE,6,train,1,0.593022
2021101710,444,42347,Amari Cooper,WR,6,train,1,0.653025
2021101710,497,46206,Dalton Schultz,TE,6,train,1,0.65608
2021101710,521,45532,Blake Jarwin,TE,6,train,1,0.930672
2021101710,583,53549,Rhamondre Stevenson,RB,6,train,1,0.881521
2021101710,607,53549,Rhamondre Stevenson,RB,6,train,1,0.254694
2021101710,663,43324,Hunter Henry,TE,6,train,1,0.527212
2021101710,719,47911,Tony Pollard,RB,6,train,1,0.872438
2021101710,775,47911,Tony Pollard,RB,6,train,1,0.787059
2021101710,825,46277,Cedrick Wilson,WR,6,train,1,0.908444
2021101710,882,46277,Cedrick Wilson,WR,6,train,1,0.433029
2021101710,926,45052,Noah Brown,WR,6,train,1,0.656934
2021101710,971,42347,Amari Cooper,WR,6,train,1,0.808604
2021101710,1081,45532,Blake Jarwin,TE,6,train,0,0.060296
2021101710,1120,46277,Cedrick Wilson,WR,6,train,0,0.372168
2021101710,1146,44912,Jonnu Smith,TE,6,train,1,0.853195
2021101710,1202,42363,Nelson Agholor,WR,6,train,1,0.351232
2021101710,1247,48097,Jakobi Meyers,WR,6,train,1,0.688373
2021101710,1312,43293,Ezekiel Elliott,RB,6,train,1,0.791271
2021101710,1379,43293,Ezekiel Elliott,RB,6,train,1,0.885696
2021101710,1501,46277,Cedrick Wilson,WR,6,train,0,0.375927
2021101710,1604,48097,Jakobi Meyers,WR,6,train,1,0.740172
2021101710,1645,48097,Jakobi Meyers,WR,6,train,1,0.495106
2021101710,1717,43293,Ezekiel Elliott,RB,6,train,1,0.571799
2021101710,1746,46277,Cedrick Wilson,WR,6,train,1,0.573219
2021101710,2113,47870,Damien Harris,RB,6,train,1,0.879907
2021101710,2211,43293,Ezekiel Elliott,RB,6,train,1,0.737537
2021101710,2235,52425,CeeDee Lamb,WR,6,train,0,0.586062
2021101710,2331,53549,Rhamondre Stevenson,RB,6,train,1,0.669872
2021101710,2400,43293,Ezekiel Elliott,RB,6,train,1,0.521759
2021101710,2449,43293,Ezekiel Elliott,RB,6,train,1,0.191105
2021101710,2499,45052,Noah Brown,WR,6,train,1,0.821095
2021101710,2540,46206,Dalton Schultz,TE,6,train,1,0.948375
2021101710,2630,52425,CeeDee Lamb,WR,6,train,0,0.084463
2021101710,2782,43324,Hunter Henry,TE,6,train,1,0.784081
2021101710,2806,48097,Jakobi Meyers,WR,6,train,0,0.778503
2021101710,2890,52425,CeeDee Lamb,WR,6,train,1,0.646553
2021101710,2919,43293,Ezekiel Elliott,RB,6,train,1,0.836481
2021101710,3006,52425,CeeDee Lamb,WR,6,train,1,0.338016
2021101710,3052,43293,Ezekiel Elliott,RB,6,train,0,0.806444
2021101710,3074,42347,Amari Cooper,WR,6,train,0,0.228854
2021101710,3167,48097,Jakobi Meyers,WR,6,train,1,0.553983
2021101710,3276,42363,Nelson Agholor,WR,6,train,0,0.137573
2021101710,3319,48097,Jakobi Meyers,WR,6,train,1,0.446001
2021101710,3549,42347,Amari Cooper,WR,6,train,0,0.233256
2021101710,3673,42347,Amari Cooper,WR,6,train,0,0.126907
2021101710,3807,45185,Kendrick Bourne,WR,6,train,0,0.74156
2021101710,3874,45185,Kendrick Bourne,WR,6,train,1,0.357348
2021101710,3935,52425,CeeDee Lamb,WR,6,train,0,0.527937
2021101710,3957,43293,Ezekiel Elliott,RB,6,train,1,0.544321
2021101710,3998,42347,Amari Cooper,WR,6,train,1,0.618245
2021101710,4022,46277,Cedrick Wilson,WR,6,train,1,0.414943
2021101710,4046,46206,Dalton Schultz,TE,6,train,1,0.418731
2021101710,4070,46277,Cedrick Wilson,WR,6,train,0,0.837309
2021101710,4092,46998,Malik Turner,WR,6,train,0,0.210673
2021101710,4136,52425,CeeDee Lamb,WR,6,train,1,0.61309
2021101710,4271,42363,Nelson Agholor,WR,6,train,0,0.340819
2021101710,4293,48097,Jakobi Meyers,WR,6,train,1,0.258158
2021101710,4363,42363,Nelson Agholor,WR,6,train,0,0.381053
2021101710,4429,52425,CeeDee Lamb,WR,6,train,1,0.560304
2021101710,4470,46206,Dalton Schultz,TE,6,train,1,0.529293
2021101710,4494,42347,Amari Cooper,WR,6,train,1,0.713241
2021101710,4563,52425,CeeDee Lamb,WR,6,train,1,0.713668
2021101711,126,53453,Najee Harris,RB,6,train,1,0.724136
2021101711,231,47847,DK Metcalf,WR,6,train,1,0.413737
2021101711,280,46129,James Washington,WR,6,train,1,0.864976
2021101711,328,47849,Diontae Johnson,WR,6,train,0,0.347031
2021101711,378,53484,Pat Freiermuth,TE,6,train,1,0.775744
2021101711,471,47847,DK Metcalf,WR,6,train,0,0.519803
2021101711,493,47987,Travis Homer,RB,6,train,1,0.901144
2021101711,517,48119,Penny Hart,WR,6,train,1,0.504466
2021101711,594,42412,Tyler Lockett,WR,6,train,0,0.302727
2021101711,660,53484,Pat Freiermuth,TE,6,train,1,0.895899
2021101711,747,47849,Diontae Johnson,WR,6,train,1,0.666152
2021101711,792,47849,Diontae Johnson,WR,6,train,1,0.790483
2021101711,816,47849,Diontae Johnson,WR,6,train,0,0.370416
2021101711,921,47847,DK Metcalf,WR,6,train,1,0.844001
2021101711,945,44856,Gerald Everett,TE,6,train,0,0.492551
2021101711,1032,41236,Eric Ebron,TE,6,train,1,0.491433
2021101711,1103,53484,Pat Freiermuth,TE,6,train,1,0.886321
2021101711,1127,52457,Chase Claypool,WR,6,train,0,0.755114
2021101711,1166,53453,Najee Harris,RB,6,train,1,0.706903
2021101711,1229,47847,DK Metcalf,WR,6,train,1,0.529588
2021101711,1294,52622,Freddie Swain,WR,6,train,0,0.606456
2021101711,1320,52622,Freddie Swain,WR,6,train,1,0.894623
2021101711,1428,53453,Najee Harris,RB,6,train,1,0.874847
2021101711,1473,53484,Pat Freiermuth,TE,6,train,1,0.783763
2021101711,1529,53453,Najee Harris,RB,6,train,1,0.852215
2021101711,1574,47849,Diontae Johnson,WR,6,train,0,0.15287
2021101711,1693,52457,Chase Claypool,WR,6,train,1,0.862702
2021101711,1846,42412,Tyler Lockett,WR,6,train,0,0.825611
2021101711,1868,42412,Tyler Lockett,WR,6,train,0,0.491099
2021101711,1949,47849,Diontae Johnson,WR,6,train,1,0.886201
2021101711,1978,53453,Najee Harris,RB,6,train,0,0.86116
2021101711,2000,47849,Diontae Johnson,WR,6,train,1,0.820625
2021101711,2436,47849,Diontae Johnson,WR,6,train,1,0.679354
2021101711,2464,47849,Diontae Johnson,WR,6,train,1,0.444748
2021101711,2555,41236,Eric Ebron,TE,6,train,1,0.904741
2021101711,2579,53484,Pat Freiermuth,TE,6,train,1,0.71405
2021101711,2739,44856,Gerald Everett,TE,6,train,1,0.760283
2021101711,2879,53453,Najee Harris,RB,6,train,1,0.851376
2021101711,2903,52457,Chase Claypool,WR,6,train,0,0.37652
2021101711,2985,42412,Tyler Lockett,WR,6,train,0,0.805423
2021101711,3424,52457,Chase Claypool,WR,6,train,1,0.604606
2021101711,3472,47849,Diontae Johnson,WR,6,train,0,0.1391
2021101711,3494,52457,Chase Claypool,WR,6,train,0,0.492214
2021101711,3653,53484,Pat Freiermuth,TE,6,train,1,0.615258
2021101711,3781,52457,Chase Claypool,WR,6,train,0,0.156518
2021101711,3814,47849,Diontae Johnson,WR,6,train,0,0.736589
2021101711,3836,53453,Najee Harris,RB,6,train,1,0.818856
2021101711,3917,46189,Will Dissly,TE,6,train,1,0.722812
2021101711,3967,52552,DeeJay Dallas,RB,6,train,1,0.855044
2021101711,4008,52552,DeeJay Dallas,RB,6,train,1,0.860537
2021101711,4032,47847,DK Metcalf,WR,6,train,1,0.655965
2021101711,4056,52552,DeeJay Dallas,RB,6,train,1,0.889102
2021101711,4131,47847,DK Metcalf,WR,6,train,1,0.657311
2021101711,4327,42412,Tyler Lockett,WR,6,train,1,0.602796
2021101711,4372,52552,DeeJay Dallas,RB,6,train,1,0.877456
2021101711,4461,53484,Pat Freiermuth,TE,6,train,1,0.855033
2021101711,4485,46256,Ray-Ray McCloud,WR,6,train,1,0.72256
2021101800,161,47834,A.J. Brown,WR,6,train,0,0.301168
2021101800,183,44003,Marcus Johnson,WR,6,train,0,0.543983
2021101800,275,42489,Stefon Diggs,WR,6,train,1,0.812125
2021101800,462,47857,Devin Singletary,RB,6,train,1,0.926606
2021101800,691,52494,Zack Moss,RB,6,train,1,0.866978
2021101800,807,43334,Derrick Henry,RB,6,train,1,0.881242
2021101800,873,37079,Julio Jones,WR,6,train,1,0.813656
2021101800,897,37079,Julio Jones,WR,6,train,0,0.763414
2021101800,923,47879,Dawson Knox,TE,6,train,1,0.875165
2021101800,987,47857,Devin Singletary,RB,6,train,1,0.866835
2021101800,1011,42489,Stefon Diggs,WR,6,train,0,0.767977
2021101800,1054,42489,Stefon Diggs,WR,6,train,1,0.625279
2021101800,1194,42489,Stefon Diggs,WR,6,train,0,0.576693
2021101800,1368,47857,Devin Singletary,RB,6,train,1,0.873819
2021101800,1397,35521,Emmanuel Sanders,WR,6,train,1,0.692591
2021101800,1421,35521,Emmanuel Sanders,WR,6,train,1,0.477137
2021101800,1449,47857,Devin Singletary,RB,6,train,1,0.888639
2021101800,1590,37079,Julio Jones,WR,6,train,1,0.343936
2021101800,1692,37079,Julio Jones,WR,6,train,0,0.546647
2021101800,1757,52494,Zack Moss,RB,6,train,0,0.789657
2021101800,1948,42489,Stefon Diggs,WR,6,train,1,0.638698
2021101800,2010,42489,Stefon Diggs,WR,6,train,1,0.813358
2021101800,2072,52494,Zack Moss,RB,6,train,0,0.811368
2021101800,2117,38947,Cole Beasley,WR,6,train,1,0.443337
2021101800,2269,35521,Emmanuel Sanders,WR,6,train,1,0.801428
2021101800,2293,42489,Stefon Diggs,WR,6,train,1,0.603812
2021101800,2322,47879,Dawson Knox,TE,6,train,1,0.891726
2021101800,2346,38947,Cole Beasley,WR,6,train,1,0.712863
2021101800,2412,38947,Cole Beasley,WR,6,train,0,0.814107
2021101800,2486,47834,A.J. Brown,WR,6,train,1,0.798312
2021101800,2531,42589,Geoff Swaim,TE,6,train,0,0.835497
2021101800,2663,47834,A.J. Brown,WR,6,train,1,0.824164
2021101800,2687,47834,A.J. Brown,WR,6,train,1,0.69183
2021101800,2732,42589,Geoff Swaim,TE,6,train,1,0.545382
2021101800,2761,47834,A.J. Brown,WR,6,train,0,0.120539
2021101800,2901,38947,Cole Beasley,WR,6,train,1,0.831117
2021101800,2925,35521,Emmanuel Sanders,WR,6,train,1,0.703767
2021101800,2954,35521,Emmanuel Sanders,WR,6,train,0,0.331971
2021101800,2976,47879,Dawson Knox,TE,6,train,1,0.840931
2021101800,3000,42489,Stefon Diggs,WR,6,train,0,0.404114
2021101800,3082,48011,Tommy Sweeney,TE,6,train,1,0.60902
2021101800,3207,47834,A.J. Brown,WR,6,train,1,0.821062
2021101800,3252,47834,A.J. Brown,WR,6,train,1,0.794358
2021101800,3337,47834,A.J. Brown,WR,6,train,1,0.83513
2021101800,3361,37079,Julio Jones,WR,6,train,1,0.695371
2021101800,3419,42489,Stefon Diggs,WR,6,train,1,0.736166
2021101800,3470,42489,Stefon Diggs,WR,6,train,1,0.428335
2021101800,3524,35521,Emmanuel Sanders,WR,6,train,0,0.354176
2021101800,3550,42818,Jake Kumerow,WR,6,train,0,0.286371
2021101800,3612,53074,Nick Westbrook-Ikhine,WR,6,train,1,0.877871
2021101800,3636,47834,A.J. Brown,WR,6,train,1,0.864417
2021101800,3681,53074,Nick Westbrook-Ikhine,WR,6,train,1,0.251787
2021101800,3705,53074,Nick Westbrook-Ikhine,WR,6,train,1,0.875035
2021101800,3825,35521,Emmanuel Sanders,WR,6,train,1,0.372588
2021101800,3849,52494,Zack Moss,RB,6,train,1,0.853451
2021101800,3890,38947,Cole Beasley,WR,6,train,1,0.904138
2021101800,3914,52536,Gabe Davis,WR,6,train,1,0.572764
2021101800,3976,35521,Emmanuel Sanders,WR,6,train,0,0.4463
2021102100,56,41292,Jarvis Landry,WR,7,test,1,0.917144
2021102100,267,47803,Noah Fant,TE,7,test,1,0.893879
2021102100,401,41292,Jarvis Landry,WR,7,test,1,0.693969
2021102100,435,41292,Jarvis Landry,WR,7,test,1,0.522172
2021102100,486,41292,Jarvis Landry,WR,7,test,1,0.546056
2021102100,535,41238,Odell Beckham,WR,7,test,0,0.265963
2021102100,631,53640,Demetric Felton,RB,7,test,1,0.905733
2021102100,802,46109,Courtland Sutton,WR,7,test,1,0.249639
2021102100,890,41320,John Brown,WR,7,test,0,0.490165
2021102100,1048,41238,Odell Beckham,WR,7,test,0,0.740614
2021102100,1070,53520,Anthony Schwartz,WR,7,test,0,0.447232
2021102100,1205,47803,Noah Fant,TE,7,test,1,0.875815
2021102100,1292,44841,David Njoku,TE,7,test,1,0.600578
2021102100,1337,43461,Rashard Higgins,WR,7,test,0,0.537616
2021102100,1383,52523,Harrison Bryant,TE,7,test,1,0.759054
2021102100,1439,41292,Jarvis Landry,WR,7,test,0,0.41916
2021102100,1587,41238,Odell Beckham,WR,7,test,0,0.697862
2021102100,1673,47803,Noah Fant,TE,7,test,0,0.366034
2021102100,1753,43461,Rashard Higgins,WR,7,test,1,0.648181
2021102100,1794,41238,Odell Beckham,WR,7,test,0,0.741577
2021102100,1820,43370,Austin Hooper,TE,7,test,0,0.306136
2021102100,1871,46109,Courtland Sutton,WR,7,test,0,0.255895
2021102100,1966,47803,Noah Fant,TE,7,test,1,0.869236
2021102100,2011,46109,Courtland Sutton,WR,7,test,1,0.602417
2021102100,2035,46109,Courtland Sutton,WR,7,test,1,0.627303
2021102100,2106,52766,Kendall Hinton,WR,7,test,1,0.747175
2021102100,2130,52766,Kendall Hinton,WR,7,test,1,0.837135
2021102100,2175,47803,Noah Fant,TE,7,test,1,0.874585
2021102100,2199,47803,Noah Fant,TE,7,test,0,0.230596
2021102100,2248,42358,Melvin Gordon,RB,7,test,1,0.775967
2021102100,2357,41238,Odell Beckham,WR,7,test,1,0.830869
2021102100,2381,41238,Odell Beckham,WR,7,test,1,0.50727
2021102100,2405,53520,Anthony Schwartz,WR,7,test,1,0.790082
2021102100,2450,47605,D'Ernest Johnson,RB,7,test,1,0.298264
2021102100,2484,52523,Harrison Bryant,TE,7,test,0,0.777522
2021102100,2590,41292,Jarvis Landry,WR,7,test,0,0.165164
2021102100,2655,46536,Johnny Stanton,FB,7,test,1,0.878962
2021102100,2733,45267,Tim Patrick,WR,7,test,0,0.62728
2021102100,2755,53464,Javonte Williams,RB,7,test,1,0.837558
2021102100,2990,41292,Jarvis Landry,WR,7,test,0,0.333279
2021102100,3103,53464,Javonte Williams,RB,7,test,0,0.851913
2021102100,3125,53464,Javonte Williams,RB,7,test,1,0.872876
2021102100,3182,46109,Courtland Sutton,WR,7,test,1,0.760945
2021102100,3233,45267,Tim Patrick,WR,7,test,0,0.377358
2021102100,3255,45267,Tim Patrick,WR,7,test,1,0.710183
2021102100,3304,46109,Courtland Sutton,WR,7,test,1,0.754185
2021102100,3329,44987,Eric Saubert,TE,7,test,1,0.814802
2021102100,3370,45267,Tim Patrick,WR,7,test,1,0.788928
2021102100,3394,42358,Melvin Gordon,RB,7,test,0,0.742617
2021102100,3416,52660,Tyrie Cleveland,WR,7,test,0,0.364386
2021102100,3438,47803,Noah Fant,TE,7,test,1,0.774445
2021102100,3539,45267,Tim Patrick,WR,7,test,0,0.609433
2021102100,3673,43370,Austin Hooper,TE,7,test,1,0.826527
2021102100,3756,41292,Jarvis Landry,WR,7,test,1,0.601174
2021102400,78,52441,Tee Higgins,WR,7,test,1,0.259551
2021102400,123,52441,Tee Higgins,WR,7,test,0,0.203235
2021102400,145,44927,Samaje Perine,RB,7,test,1,0.839243
2021102400,169,43344,Tyler Boyd,WR,7,test,0,0.432204
2021102400,200,52441,Tee Higgins,WR,7,test,0,0.351988
2021102400,239,52441,Tee Higgins,WR,7,test,0,0.265907
2021102400,299,53456,Rashod Bateman,WR,7,test,0,0.789656
2021102400,342,47808,Marquise Brown,WR,7,test,0,0.206912
2021102400,471,43344,Tyler Boyd,WR,7,test,0,0.077391
2021102400,493,53434,Ja'Marr Chase,WR,7,test,1,0.582204
2021102400,540,52441,Tee Higgins,WR,7,test,1,0.513295
2021102400,564,52441,Tee Higgins,WR,7,test,0,0.672937
2021102400,641,47808,Marquise Brown,WR,7,test,0,0.379021
2021102400,663,53456,Rashod Bateman,WR,7,test,0,0.339548
2021102400,731,43344,Tyler Boyd,WR,7,test,1,0.689153
2021102400,755,52441,Tee Higgins,WR,7,test,0,0.260374
2021102400,802,46155,Mark Andrews,TE,7,test,1,0.574183
2021102400,851,41332,Devonta Freeman,RB,7,test,1,0.889913
2021102400,875,46155,Mark Andrews,TE,7,test,1,0.476044
2021102400,924,46155,Mark Andrews,TE,7,test,0,0.723076
2021102400,973,46155,Mark Andrews,TE,7,test,0,0.254255
2021102400,1167,47852,Josh Oliver,TE,7,test,1,0.768101
2021102400,1305,52441,Tee Higgins,WR,7,test,1,0.854591
2021102400,1340,42500,C.J. Uzomah,TE,7,test,1,0.524177
2021102400,1420,47808,Marquise Brown,WR,7,test,0,0.521767
2021102400,1484,47808,Marquise Brown,WR,7,test,1,0.590043
2021102400,1684,52441,Tee Higgins,WR,7,test,1,0.283253
2021102400,1708,42500,C.J. Uzomah,TE,7,test,1,0.475417
2021102400,1732,53434,Ja'Marr Chase,WR,7,test,1,0.76049
2021102400,1756,53434,Ja'Marr Chase,WR,7,test,1,0.464807
2021102400,1780,52441,Tee Higgins,WR,7,test,0,0.312251
2021102400,1825,53434,Ja'Marr Chase,WR,7,test,1,0.494493
2021102400,1849,43344,Tyler Boyd,WR,7,test,1,0.790067
2021102400,1918,52441,Tee Higgins,WR,7,test,0,0.322427
2021102400,2055,53456,Rashod Bateman,WR,7,test,1,0.619237
2021102400,2079,47808,Marquise Brown,WR,7,test,1,0.393556
2021102400,2134,53434,Ja'Marr Chase,WR,7,test,1,0.79908
2021102400,2179,53434,Ja'Marr Chase,WR,7,test,1,0.471511
2021102400,2210,42500,C.J. Uzomah,TE,7,test,1,0.648132
2021102400,2273,53456,Rashod Bateman,WR,7,test,1,0.739296
2021102400,2297,47808,Marquise Brown,WR,7,test,0,0.302644
2021102400,2388,53456,Rashod Bateman,WR,7,test,0,0.867842
2021102400,2477,52441,Tee Higgins,WR,7,test,1,0.484294
2021102400,2522,53434,Ja'Marr Chase,WR,7,test,1,0.664496
2021102400,2599,46155,Mark Andrews,TE,7,test,0,0.268775
2021102400,2641,47808,Marquise Brown,WR,7,test,1,0.912469
2021102400,2690,43344,Tyler Boyd,WR,7,test,1,0.753683
2021102400,2714,53434,Ja'Marr Chase,WR,7,test,0,0.368832
2021102400,2760,52441,Tee Higgins,WR,7,test,1,0.649425
2021102400,2810,43344,Tyler Boyd,WR,7,test,0,0.725598
2021102400,2832,52441,Tee Higgins,WR,7,test,1,0.544744
2021102400,2872,53434,Ja'Marr Chase,WR,7,test,1,0.17744
2021102400,2979,52441,Tee Higgins,WR,7,test,0,0.307408
2021102400,3001,53434,Ja'Marr Chase,WR,7,test,0,0.458915
2021102400,3070,47808,Marquise Brown,WR,7,test,0,0.402169
2021102400,3152,47808,Marquise Brown,WR,7,test,1,0.635075
2021102400,3176,52609,James Proche,WR,7,test,0,0.193997
2021102400,3198,46155,Mark Andrews,TE,7,test,0,0.882004
2021102400,3220,47808,Marquise Brown,WR,7,test,0,0.755505
2021102400,3368,53180,Ty'Son Williams,RB,7,test,1,0.696202
2021102400,3414,47808,Marquise Brown,WR,7,test,0,0.701937
2021102400,3526,53180,Ty'Son Williams,RB,7,test,1,0.815885
2021102400,3649,39996,Le'Veon Bell,RB,7,test,1,0.880864
2021102400,3683,39996,Le'Veon Bell,RB,7,test,0,0.860876
2021102400,3705,47808,Marquise Brown,WR,7,test,0,0.227479
2021102400,3843,47852,Josh Oliver,TE,7,test,1,0.885064
2021102400,3873,41332,Devonta Freeman,RB,7,test,1,0.731539
2021102400,3897,41332,Devonta Freeman,RB,7,test,1,0.905473
2021102400,3925,52500,Devin Duvernay,WR,7,test,1,0.323118
2021102400,3949,47808,Marquise Brown,WR,7,test,0,0.542467
2021102400,3971,47852,Josh Oliver,TE,7,test,0,0.752964
2021102400,3993,47852,Josh Oliver,TE,7,test,0,0.23858
2021102400,4015,47852,Josh Oliver,TE,7,test,0,0.675367
2021102401,55,41282,Davante Adams,WR,7,test,1,0.786853
2021102401,124,44995,Aaron Jones,RB,7,test,1,0.858456
2021102401,148,46276,Equanimeous St. Brown,WR,7,test,0,0.322857
2021102401,170,30842,Marcedes Lewis,TE,7,test,1,0.803247
2021102401,300,44995,Aaron Jones,RB,7,test,1,0.833456
2021102401,324,41282,Davante Adams,WR,7,test,1,0.806582
2021102401,425,47859,Terry McLaurin,WR,7,test,1,0.621661
2021102401,538,47859,Terry McLaurin,WR,7,test,1,0.814946
2021102401,562,47859,Terry McLaurin,WR,7,test,1,0.574067
2021102401,766,47859,Terry McLaurin,WR,7,test,0,0.279677
2021102401,827,43722,J.D. McKissic,RB,7,test,1,0.901099
2021102401,914,47859,Terry McLaurin,WR,7,test,0,0.755236
2021102401,959,45635,Robert Tonyan,TE,7,test,1,0.844314
2021102401,983,44995,Aaron Jones,RB,7,test,1,0.686934
2021102401,1007,44995,Aaron Jones,RB,7,test,1,0.843587
2021102401,1055,37139,Randall Cobb,WR,7,test,1,0.443086
2021102401,1140,41282,Davante Adams,WR,7,test,0,0.34838
2021102401,1268,43722,J.D. McKissic,RB,7,test,0,0.858597
2021102401,1290,47859,Terry McLaurin,WR,7,test,0,0.410539
2021102401,1312,46705,Allen Lazard,WR,7,test,1,0.674895
2021102401,1383,46705,Allen Lazard,WR,7,test,1,0.83921
2021102401,1407,46705,Allen Lazard,WR,7,test,1,0.6157
2021102401,1513,41282,Davante Adams,WR,7,test,1,0.810376
2021102401,1537,37139,Randall Cobb,WR,7,test,0,0.716718
2021102401,1578,46705,Allen Lazard,WR,7,test,1,0.41962
2021102401,1836,45635,Robert Tonyan,TE,7,test,1,0.34161
2021102401,1899,45481,Ricky Seals-Jones,TE,7,test,1,0.762475
2021102401,1955,42794,DeAndre Carter,WR,7,test,1,0.831216
2021102401,1984,43010,Adam Humphries,WR,7,test,1,0.436958
2021102401,2029,47859,Terry McLaurin,WR,7,test,1,0.881476
2021102401,2074,45481,Ricky Seals-Jones,TE,7,test,1,0.829943
2021102401,2381,52470,A.J. Dillon,RB,7,test,0,0.532805
2021102401,2403,52470,A.J. Dillon,RB,7,test,1,0.852088
2021102401,2635,47859,Terry McLaurin,WR,7,test,0,0.550615
2021102401,2657,45481,Ricky Seals-Jones,TE,7,test,0,0.744133
2021102401,2744,41282,Davante Adams,WR,7,test,1,0.455836
2021102401,2837,45635,Robert Tonyan,TE,7,test,1,0.460333
2021102401,2861,41282,Davante Adams,WR,7,test,0,0.359116
2021102401,2915,46705,Allen Lazard,WR,7,test,0,0.239977
2021102401,2954,41282,Davante Adams,WR,7,test,1,0.823494
2021102401,3052,47859,Terry McLaurin,WR,7,test,0,0.358024
2021102401,3074,47859,Terry McLaurin,WR,7,test,1,0.578996
2021102401,3098,47859,Terry McLaurin,WR,7,test,1,0.759155
2021102401,3122,43010,Adam Humphries,WR,7,test,1,0.79977
2021102401,3178,43722,J.D. McKissic,RB,7,test,0,0.70842
2021102401,3221,45481,Ricky Seals-Jones,TE,7,test,1,0.656487
2021102401,3245,53687,Dax Milne,WR,7,test,1,0.323875
2021102401,3298,53687,Dax Milne,WR,7,test,0,0.560478
2021102401,3320,45481,Ricky Seals-Jones,TE,7,test,1,0.367744
2021102401,3344,43010,Adam Humphries,WR,7,test,0,0.514049
2021102401,3371,30842,Marcedes Lewis,TE,7,test,1,0.849456
2021102401,3432,47859,Terry McLaurin,WR,7,test,1,0.855363
2021102401,3456,45481,Ricky Seals-Jones,TE,7,test,1,0.539609
2021102401,3504,43722,J.D. McKissic,RB,7,test,1,0.851296
2021102401,3743,43010,Adam Humphries,WR,7,test,1,0.810711
2021102401,3788,53687,Dax Milne,WR,7,test,0,0.471448
2021102401,3810,53687,Dax Milne,WR,7,test,1,0.936673
2021102401,3839,47859,Terry McLaurin,WR,7,test,0,0.30042
2021102401,3861,45481,Ricky Seals-Jones,TE,7,test,1,0.913861
2021102401,3951,43722,J.D. McKissic,RB,7,test,1,0.912523
2021102402,100,53435,Jaylen Waddle,WR,7,test,1,0.550134
2021102402,181,53435,Jaylen Waddle,WR,7,test,1,0.702096
2021102402,263,44857,Adam Shaheen,TE,7,test,1,0.898429
2021102402,287,48017,Myles Gaskin,RB,7,test,1,0.841738
2021102402,382,45050,Isaiah Ford,WR,7,test,1,0.54855
2021102402,459,39975,Cordarrelle Patterson,RB,7,test,1,0.824281
2021102402,483,46095,Calvin Ridley,WR,7,test,0,0.428735
2021102402,535,44931,Mack Hollins,WR,7,test,0,0.43334
2021102402,557,48017,Myles Gaskin,RB,7,test,1,0.861783
2021102402,581,44857,Adam Shaheen,TE,7,test,1,0.650063
2021102402,624,53433,Kyle Pitts,TE,7,test,1,0.835622
2021102402,648,46094,Hayden Hurst,TE,7,test,1,0.880905
2021102402,741,37234,Lee Smith,TE,7,test,1,0.859868
2021102402,852,53433,Kyle Pitts,TE,7,test,1,0.89958
2021102402,910,46111,Mike Gesicki,TE,7,test,1,0.832413
2021102402,1000,52922,Salvon Ahmed,RB,7,test,1,0.885753
2021102402,1048,48480,Preston Williams,WR,7,test,0,0.348567
2021102402,1145,39975,Cordarrelle Patterson,RB,7,test,0,0.819557
2021102402,1167,46263,Russell Gage,WR,7,test,1,0.539794
2021102402,1191,41808,Keith Smith,FB,7,test,1,0.899924
2021102402,1215,48374,Olamide Zaccheaus,WR,7,test,1,0.844896
2021102402,1260,46094,Hayden Hurst,TE,7,test,1,0.810747
2021102402,1284,46095,Calvin Ridley,WR,7,test,0,0.485339
2021102402,1327,46095,Calvin Ridley,WR,7,test,1,0.765417
2021102402,1511,48480,Preston Williams,WR,7,test,1,0.875568
2021102402,1601,46192,Durham Smythe,TE,7,test,1,0.840815
2021102402,1646,46192,Durham Smythe,TE,7,test,0,0.379467
2021102402,1673,53433,Kyle Pitts,TE,7,test,1,0.281582
2021102402,1713,46094,Hayden Hurst,TE,7,test,1,0.933156
2021102402,1754,43429,Tajae Sharpe,WR,7,test,1,0.903998
2021102402,1795,46095,Calvin Ridley,WR,7,test,1,0.671232
2021102402,1824,46263,Russell Gage,WR,7,test,1,0.798828
2021102402,1949,53433,Kyle Pitts,TE,7,test,1,0.358459
2021102402,2002,46263,Russell Gage,WR,7,test,1,0.25063
2021102402,2140,46192,Durham Smythe,TE,7,test,1,0.837959
2021102402,2237,46095,Calvin Ridley,WR,7,test,0,0.748478
2021102402,2259,39975,Cordarrelle Patterson,RB,7,test,1,0.719904
2021102402,2308,44857,Adam Shaheen,TE,7,test,1,0.837727
2021102402,2375,53435,Jaylen Waddle,WR,7,test,1,0.714379
2021102402,2425,44857,Adam Shaheen,TE,7,test,1,0.891612
2021102402,2538,46111,Mike Gesicki,TE,7,test,1,0.47283
2021102402,2616,46094,Hayden Hurst,TE,7,test,0,0.184687
2021102402,2638,53433,Kyle Pitts,TE,7,test,1,0.726942
2021102402,2683,43429,Tajae Sharpe,WR,7,test,1,0.740792
2021102402,2707,46095,Calvin Ridley,WR,7,test,0,0.708467
2021102402,2733,39975,Cordarrelle Patterson,RB,7,test,0,0.080598
2021102402,2755,46263,Russell Gage,WR,7,test,0,0.358477
2021102402,2811,44931,Mack Hollins,WR,7,test,1,0.708024
2021102402,2986,53433,Kyle Pitts,TE,7,test,0,0.523944
2021102402,3008,46095,Calvin Ridley,WR,7,test,0,0.740675
2021102402,3034,53435,Jaylen Waddle,WR,7,test,0,0.344051
2021102402,3081,46095,Calvin Ridley,WR,7,test,1,0.795727
2021102402,3191,46192,Durham Smythe,TE,7,test,1,0.603907
2021102402,3220,46111,Mike Gesicki,TE,7,test,1,0.357055
2021102402,3244,46111,Mike Gesicki,TE,7,test,1,0.402934
2021102402,3289,53435,Jaylen Waddle,WR,7,test,1,0.669178
2021102402,3344,48017,Myles Gaskin,RB,7,test,1,0.850103
2021102402,3392,48017,Myles Gaskin,RB,7,test,1,0.874067
2021102402,3490,46263,Russell Gage,WR,7,test,0,0.668064
2021102402,3512,46095,Calvin Ridley,WR,7,test,1,0.864827
2021102402,3578,39975,Cordarrelle Patterson,RB,7,test,0,0.124464
2021102402,3842,44857,Adam Shaheen,TE,7,test,0,0.746584
2021102402,3870,46111,Mike Gesicki,TE,7,test,1,0.742843
2021102402,3922,44931,Mack Hollins,WR,7,test,1,0.790589
2021102402,3993,53433,Kyle Pitts,TE,7,test,1,0.690844
2021102402,4035,53433,Kyle Pitts,TE,7,test,1,0.496874
2021102403,94,44912,Jonnu Smith,TE,7,test,1,0.712513
2021102403,351,44912,Jonnu Smith,TE,7,test,0,0.224688
2021102403,515,44817,Corey Davis,WR,7,test,0,0.450462
2021102403,537,42448,Jamison Crowder,WR,7,test,0,0.436412
2021102403,559,47969,Ty Johnson,RB,7,test,1,0.916977
2021102403,681,47969,Ty Johnson,RB,7,test,1,0.833976
2021102403,755,53463,Elijah Moore,WR,7,test,0,0.500605
2021102403,797,44912,Jonnu Smith,TE,7,test,0,0.694921
2021102403,819,44912,Jonnu Smith,TE,7,test,1,0.857741
2021102403,948,44912,Jonnu Smith,TE,7,test,0,0.742865
2021102403,970,45185,Kendrick Bourne,WR,7,test,1,0.833158
2021102403,994,43324,Hunter Henry,TE,7,test,0,0.717086
2021102403,1066,45555,Keelan Cole,WR,7,test,1,0.64866
2021102403,1112,40149,Ryan Griffin,TE,7,test,1,0.295845
2021102403,1141,45555,Keelan Cole,WR,7,test,0,0.317302
2021102403,1268,44817,Corey Davis,WR,7,test,1,0.331656
2021102403,1347,48097,Jakobi Meyers,WR,7,test,0,0.62433
2021102403,1369,42363,Nelson Agholor,WR,7,test,0,0.100697
2021102403,1391,48097,Jakobi Meyers,WR,7,test,1,0.748884
2021102403,1436,47749,Jakob Johnson,FB,7,test,1,0.774113
2021102403,1481,42363,Nelson Agholor,WR,7,test,0,0.180577
2021102403,1573,42363,Nelson Agholor,WR,7,test,0,0.295191
2021102403,1712,53536,Michael Carter,RB,7,test,1,0.842854
2021102403,1741,44817,Corey Davis,WR,7,test,1,0.578712
2021102403,1791,44817,Corey Davis,WR,7,test,1,0.819706
2021102403,1874,39212,Brandon Bolden,RB,7,test,1,0.872991
2021102403,1898,39212,Brandon Bolden,RB,7,test,0,0.890488
2021102403,1920,45185,Kendrick Bourne,WR,7,test,1,0.720992
2021102403,2074,39212,Brandon Bolden,RB,7,test,1,0.896772
2021102403,2141,39212,Brandon Bolden,RB,7,test,1,0.870215
2021102403,2170,48097,Jakobi Meyers,WR,7,test,0,0.186694
2021102403,2203,43324,Hunter Henry,TE,7,test,1,0.222665
2021102403,2271,47969,Ty Johnson,RB,7,test,0,0.918297
2021102403,2357,53463,Elijah Moore,WR,7,test,0,0.684826
2021102403,2405,44817,Corey Davis,WR,7,test,1,0.312849
2021102403,2429,47969,Ty Johnson,RB,7,test,1,0.906259
2021102403,2453,42448,Jamison Crowder,WR,7,test,1,0.869753
2021102403,2506,45555,Keelan Cole,WR,7,test,0,0.142405
2021102403,2598,45185,Kendrick Bourne,WR,7,test,1,0.825369
2021102403,2650,39212,Brandon Bolden,RB,7,test,1,0.867359
2021102403,2679,47870,Damien Harris,RB,7,test,1,0.869197
2021102403,2839,53536,Michael Carter,RB,7,test,1,0.862189
2021102403,2863,44817,Corey Davis,WR,7,test,0,0.44212
2021102403,2885,42448,Jamison Crowder,WR,7,test,1,0.398455
2021102403,2909,53536,Michael Carter,RB,7,test,1,0.910249
2021102403,2959,40149,Ryan Griffin,TE,7,test,0,0.726382
2021102403,3062,43324,Hunter Henry,TE,7,test,0,0.540332
2021102403,3125,53536,Michael Carter,RB,7,test,1,0.775044
2021102403,3152,44817,Corey Davis,WR,7,test,0,0.360117
2021102403,3185,52467,Denzel Mims,WR,7,test,0,0.169529
2021102403,3207,53463,Elijah Moore,WR,7,test,0,0.231749
2021102403,3308,48097,Jakobi Meyers,WR,7,test,1,0.875911
2021102403,3332,43324,Hunter Henry,TE,7,test,1,0.691448
2021102403,3418,53536,Michael Carter,RB,7,test,1,0.872696
2021102403,3452,42448,Jamison Crowder,WR,7,test,0,0.255095
2021102403,3474,53463,Elijah Moore,WR,7,test,0,0.300244
2021102403,3496,47969,Ty Johnson,RB,7,test,1,0.834581
2021102403,3525,45555,Keelan Cole,WR,7,test,0,0.793101
2021102403,3559,47969,Ty Johnson,RB,7,test,1,0.819797
2021102403,3588,53463,Elijah Moore,WR,7,test,0,0.579741
2021102403,3610,47904,Trevon Wesco,TE,7,test,0,0.4814
2021102403,3653,48097,Jakobi Meyers,WR,7,test,1,0.687972
2021102403,3682,45185,Kendrick Bourne,WR,7,test,1,0.148088
2021102403,3777,42448,Jamison Crowder,WR,7,test,1,0.810634
2021102403,3822,53536,Michael Carter,RB,7,test,1,0.776012
2021102403,3846,53536,Michael Carter,RB,7,test,0,0.857965
2021102403,3868,47969,Ty Johnson,RB,7,test,1,0.913008
2021102403,3922,47815,N'Keal Harry,WR,7,test,0,0.180703
2021102403,3971,48988,Gunner Olszewski,WR,7,test,1,0.620216
2021102403,4039,47749,Jakob Johnson,FB,7,test,1,0.649314
2021102403,4198,52467,Denzel Mims,WR,7,test,1,0.60665
2021102403,4222,53536,Michael Carter,RB,7,test,1,0.878871
2021102404,108,53555,Chuba Hubbard,RB,7,test,1,0.733322
2021102404,242,53512,Tommy Tremble,TE,7,test,1,0.715712
2021102404,266,46093,D.J. Moore,WR,7,test,0,0.840978
2021102404,328,46140,Royce Freeman,RB,7,test,1,0.613187
2021102404,417,47954,Darius Slayton,WR,7,test,1,0.548351
2021102404,573,53512,Tommy Tremble,TE,7,test,1,0.771557
2021102404,597,43808,Robby Anderson,WR,7,test,0,0.575842
2021102404,650,44835,Evan Engram,TE,7,test,1,0.879831
2021102404,742,37118,Kyle Rudolph,TE,7,test,1,0.823883
2021102404,782,37118,Kyle Rudolph,TE,7,test,1,0.817682
2021102404,858,44835,Evan Engram,TE,7,test,0,0.199366
2021102404,964,53555,Chuba Hubbard,RB,7,test,0,0.737262
2021102404,1065,46113,Dante Pettis,WR,7,test,1,0.741489
2021102404,1148,48489,David Sills,WR,7,test,0,0.634177
2021102404,1170,47954,Darius Slayton,WR,7,test,0,0.368274
2021102404,1278,43808,Robby Anderson,WR,7,test,0,0.355465
2021102404,1325,47954,Darius Slayton,WR,7,test,1,0.788142
2021102404,1370,47954,Darius Slayton,WR,7,test,1,0.767875
2021102404,1415,52573,Collin Johnson,WR,7,test,1,0.716357
2021102404,1515,46542,Keith Kirkwood,WR,7,test,1,0.709374
2021102404,1560,46093,D.J. Moore,WR,7,test,1,0.501953
2021102404,1584,46093,D.J. Moore,WR,7,test,1,0.745215
2021102404,1653,53555,Chuba Hubbard,RB,7,test,1,0.876148
2021102404,1731,46170,Ian Thomas,TE,7,test,0,0.65065
2021102404,1799,47954,Darius Slayton,WR,7,test,1,0.735441
2021102404,1823,44835,Evan Engram,TE,7,test,0,0.444586
2021102404,1856,44821,John Ross,WR,7,test,1,0.800219
2021102404,1897,43425,Devontae Booker,RB,7,test,1,0.877729
2021102404,2071,46542,Keith Kirkwood,WR,7,test,1,0.879359
2021102404,2095,46542,Keith Kirkwood,WR,7,test,0,0.398607
2021102404,2208,47954,Darius Slayton,WR,7,test,0,0.524837
2021102404,2321,46093,D.J. Moore,WR,7,test,1,0.811363
2021102404,2345,53555,Chuba Hubbard,RB,7,test,1,0.630735
2021102404,2470,43425,Devontae Booker,RB,7,test,0,0.74767
2021102404,2557,43808,Robby Anderson,WR,7,test,1,0.778189
2021102404,2602,45594,Colin Thompson,TE,7,test,0,0.829201
2021102404,2652,47954,Darius Slayton,WR,7,test,1,0.405059
2021102404,2705,46113,Dante Pettis,WR,7,test,1,0.803714
2021102404,2729,43425,Devontae Booker,RB,7,test,1,0.767938
2021102404,2888,46113,Dante Pettis,WR,7,test,1,0.72538
2021102404,2980,46093,D.J. Moore,WR,7,test,0,0.389349
2021102404,3102,44835,Evan Engram,TE,7,test,1,0.880805
2021102404,3147,47954,Darius Slayton,WR,7,test,0,0.540442
2021102404,3173,47954,Darius Slayton,WR,7,test,0,0.110738
2021102404,3212,46113,Dante Pettis,WR,7,test,1,0.730689
2021102404,3309,46093,D.J. Moore,WR,7,test,1,0.467184
2021102404,3344,43808,Robby Anderson,WR,7,test,0,0.605991
2021102404,3431,52573,Collin Johnson,WR,7,test,1,0.838452
2021102404,3529,44835,Evan Engram,TE,7,test,0,0.759117
2021102404,3572,44821,John Ross,WR,7,test,1,0.765385
2021102404,3617,52573,Collin Johnson,WR,7,test,0,0.522743
2021102404,3694,46093,D.J. Moore,WR,7,test,0,0.655975
2021102404,3716,46093,D.J. Moore,WR,7,test,0,0.401376
2021102404,3757,43808,Robby Anderson,WR,7,test,0,0.601563
2021102404,3856,46093,D.J. Moore,WR,7,test,1,0.826322
2021102404,3880,43808,Robby Anderson,WR,7,test,0,0.548522
2021102404,3902,43808,Robby Anderson,WR,7,test,0,0.395334
2021102404,3924,53633,Shi Smith,WR,7,test,0,0.644157
2021102404,3967,46093,D.J. Moore,WR,7,test,1,0.604745
2021102404,3996,46542,Keith Kirkwood,WR,7,test,0,0.428989
2021102404,4018,53633,Shi Smith,WR,7,test,0,0.875178
2021102404,4040,46170,Ian Thomas,TE,7,test,0,0.553167
2021102405,64,47834,A.J. Brown,WR,7,test,1,0.29474
2021102405,109,37079,Julio Jones,WR,7,test,1,0.792602
2021102405,159,44003,Marcus Johnson,WR,7,test,0,0.430931
2021102405,192,43334,Derrick Henry,RB,7,test,1,0.916852
2021102405,360,46522,Byron Pringle,WR,7,test,1,0.853852
2021102405,389,47839,Mecole Hardman,WR,7,test,1,0.855059
2021102405,457,40011,Travis Kelce,TE,7,test,1,0.887655
2021102405,597,37079,Julio Jones,WR,7,test,1,0.82151
2021102405,661,47834,A.J. Brown,WR,7,test,1,0.359716
2021102405,826,47834,A.J. Brown,WR,7,test,1,0.329286
2021102405,965,47839,Mecole Hardman,WR,7,test,0,0.456367
2021102405,1050,42589,Geoff Swaim,TE,7,test,1,0.840751
2021102405,1182,42486,MyCole Pruitt,TE,7,test,1,0.652456
2021102405,1234,37079,Julio Jones,WR,7,test,0,0.303967
2021102405,1277,37079,Julio Jones,WR,7,test,0,0.376069
2021102405,1333,39646,Josh Gordon,WR,7,test,0,0.444519
2021102405,1380,44930,Josh Reynolds,WR,7,test,1,0.783257
2021102405,1404,47834,A.J. Brown,WR,7,test,0,0.121878
2021102405,1479,37079,Julio Jones,WR,7,test,1,0.835047
2021102405,1503,47834,A.J. Brown,WR,7,test,1,0.745076
2021102405,1625,43454,Tyreek Hill,WR,7,test,1,0.842402
2021102405,1665,40011,Travis Kelce,TE,7,test,1,0.919595
2021102405,1721,43415,Demarcus Robinson,WR,7,test,0,0.654757
2021102405,1801,47834,A.J. Brown,WR,7,test,1,0.703501
2021102405,1850,45355,Anthony Firkser,TE,7,test,1,0.69403
2021102405,1874,47834,A.J. Brown,WR,7,test,0,0.225098
2021102405,2070,40011,Travis Kelce,TE,7,test,1,0.881572
2021102405,2191,46522,Byron Pringle,WR,7,test,1,0.645884
2021102405,2215,43454,Tyreek Hill,WR,7,test,1,0.730737
2021102405,2293,40011,Travis Kelce,TE,7,test,0,0.330978
2021102405,2391,44930,Josh Reynolds,WR,7,test,1,0.899692
2021102405,2507,52501,Darrynton Evans,RB,7,test,1,0.833972
2021102405,2531,47834,A.J. Brown,WR,7,test,1,0.804184
2021102405,2580,47834,A.J. Brown,WR,7,test,1,0.839204
2021102405,2625,44003,Marcus Johnson,WR,7,test,0,0.710311
2021102405,2647,42486,MyCole Pruitt,TE,7,test,0,0.613782
2021102405,2697,47839,Mecole Hardman,WR,7,test,1,0.78178
2021102405,2732,43454,Tyreek Hill,WR,7,test,0,0.878908
2021102405,2754,40011,Travis Kelce,TE,7,test,1,0.500153
2021102405,2778,46522,Byron Pringle,WR,7,test,1,0.78064
2021102405,2881,46526,Darrel Williams,RB,7,test,0,0.491064
2021102405,3068,43454,Tyreek Hill,WR,7,test,0,0.820574
2021102405,3090,46522,Byron Pringle,WR,7,test,1,0.87553
2021102405,3114,43454,Tyreek Hill,WR,7,test,1,0.839813
2021102405,3138,47839,Mecole Hardman,WR,7,test,1,0.896087
2021102405,3162,46526,Darrel Williams,RB,7,test,1,0.787906
2021102405,3186,43454,Tyreek Hill,WR,7,test,1,0.840064
2021102405,3210,46522,Byron Pringle,WR,7,test,0,0.122814
2021102405,3258,40011,Travis Kelce,TE,7,test,0,0.55225
2021102405,3312,41325,Jerick McKinnon,RB,7,test,0,0.852526
2021102405,3334,40011,Travis Kelce,TE,7,test,1,0.52571
2021102405,3358,41325,Jerick McKinnon,RB,7,test,0,0.214949
2021102405,3380,46522,Byron Pringle,WR,7,test,1,0.444376
2021102405,3421,43415,Demarcus Robinson,WR,7,test,0,0.861427
2021102405,3462,40011,Travis Kelce,TE,7,test,0,0.068053
2021102405,3666,46526,Darrel Williams,RB,7,test,1,0.900116
2021102405,3690,40011,Travis Kelce,TE,7,test,1,0.888061
2021102405,3714,43454,Tyreek Hill,WR,7,test,0,0.718879
2021102405,3736,53591,Noah Gray,TE,7,test,1,0.909974
2021102405,3760,40011,Travis Kelce,TE,7,test,0,0.635032
2021102405,3782,43454,Tyreek Hill,WR,7,test,1,0.282733
2021102405,3806,43415,Demarcus Robinson,WR,7,test,0,0.665666
2021102405,3845,45369,Marcus Kemp,WR,7,test,1,0.883654
2021102405,3922,43454,Tyreek Hill,WR,7,test,1,0.88009
2021102405,3996,40011,Travis Kelce,TE,7,test,0,0.809444
2021102405,4027,49476,Derrick Gore,RB,7,test,1,0.862621
2021102405,4077,43454,Tyreek Hill,WR,7,test,1,0.91355
2021102405,4123,45369,Marcus Kemp,WR,7,test,0,0.557982
2021102405,4177,43415,Demarcus Robinson,WR,7,test,1,0.87069
2021102405,4201,47839,Mecole Hardman,WR,7,test,1,0.905066
2021102406,96,52443,D'Andre Swift,RB,7,test,1,0.830582
2021102406,120,47791,T.J. Hockenson,TE,7,test,0,0.769887
2021102406,325,47791,T.J. Hockenson,TE,7,test,0,0.544553
2021102406,460,43746,Geronimo Allison,WR,7,test,0,0.761633
2021102406,523,43399,Tyler Higbee,TE,7,test,1,0.859671
2021102406,573,44881,Cooper Kupp,WR,7,test,1,0.268725
2021102406,652,44881,Cooper Kupp,WR,7,test,1,0.804322
2021102406,681,44881,Cooper Kupp,WR,7,test,1,0.890769
2021102406,705,43399,Tyler Higbee,TE,7,test,1,0.833778
2021102406,740,47853,Darrell Henderson,RB,7,test,0,0.791658
2021102406,825,47791,T.J. Hockenson,TE,7,test,1,0.649413
2021102406,990,43584,Kalif Raymond,WR,7,test,0,0.738984
2021102406,1094,44881,Cooper Kupp,WR,7,test,0,0.158751
2021102406,1116,52465,Van Jefferson,WR,7,test,1,0.761567
2021102406,1140,52465,Van Jefferson,WR,7,test,0,0.295881
2021102406,1194,52465,Van Jefferson,WR,7,test,0,0.645059
2021102406,1239,47853,Darrell Henderson,RB,7,test,1,0.852467
2021102406,1305,44881,Cooper Kupp,WR,7,test,1,0.813422
2021102406,1355,47853,Darrell Henderson,RB,7,test,0,0.633647
2021102406,1377,52465,Van Jefferson,WR,7,test,1,0.539067
2021102406,1587,43399,Tyler Higbee,TE,7,test,0,0.418348
2021102406,1609,44881,Cooper Kupp,WR,7,test,1,0.278211
2021102406,1693,39989,Robert Woods,WR,7,test,1,0.885899
2021102406,1783,39989,Robert Woods,WR,7,test,1,0.765974
2021102406,1848,43399,Tyler Higbee,TE,7,test,0,0.819519
2021102406,1870,39989,Robert Woods,WR,7,test,1,0.84947
2021102406,1973,43584,Kalif Raymond,WR,7,test,1,0.82429
2021102406,1997,52443,D'Andre Swift,RB,7,test,1,0.388522
2021102406,2021,43584,Kalif Raymond,WR,7,test,1,0.408341
2021102406,2062,43584,Kalif Raymond,WR,7,test,1,0.749202
2021102406,2143,43746,Geronimo Allison,WR,7,test,0,0.189836
2021102406,2304,52465,Van Jefferson,WR,7,test,0,0.170245
2021102406,2326,33130,DeSean Jackson,WR,7,test,0,0.160233
2021102406,2359,39989,Robert Woods,WR,7,test,1,0.773918
2021102406,2383,47853,Darrell Henderson,RB,7,test,1,0.911006
2021102406,2412,33130,DeSean Jackson,WR,7,test,0,0.559592
2021102406,2494,47853,Darrell Henderson,RB,7,test,0,0.802833
2021102406,2679,47791,T.J. Hockenson,TE,7,test,1,0.78852
2021102406,2724,47791,T.J. Hockenson,TE,7,test,1,0.58826
2021102406,2790,52465,Van Jefferson,WR,7,test,1,0.648946
2021102406,2814,43399,Tyler Higbee,TE,7,test,0,0.140938
2021102406,2931,43399,Tyler Higbee,TE,7,test,1,0.820748
2021102406,2981,43399,Tyler Higbee,TE,7,test,0,0.769706
2021102406,3025,43584,Kalif Raymond,WR,7,test,1,0.442658
2021102406,3108,52443,D'Andre Swift,RB,7,test,0,0.819725
2021102406,3187,44881,Cooper Kupp,WR,7,test,1,0.858477
2021102406,3246,44881,Cooper Kupp,WR,7,test,0,0.268594
2021102406,3268,44881,Cooper Kupp,WR,7,test,1,0.392974
2021102406,3316,52465,Van Jefferson,WR,7,test,0,0.464005
2021102406,3350,44881,Cooper Kupp,WR,7,test,0,0.725434
2021102406,3383,43399,Tyler Higbee,TE,7,test,1,0.64792
2021102406,3407,44881,Cooper Kupp,WR,7,test,1,0.735685
2021102406,3462,39907,Darren Fells,TE,7,test,1,0.845019
2021102406,3507,52443,D'Andre Swift,RB,7,test,1,0.647664
2021102406,3553,47791,T.J. Hockenson,TE,7,test,1,0.862651
2021102406,3577,47791,T.J. Hockenson,TE,7,test,1,0.867932
2021102406,3659,46992,KhaDarel Hodge,WR,7,test,1,0.862025
2021102406,3688,47791,T.J. Hockenson,TE,7,test,1,0.781025
2021102406,3792,52443,D'Andre Swift,RB,7,test,1,0.899436
2021102406,3858,47791,T.J. Hockenson,TE,7,test,0,0.280359
2021102406,3939,39989,Robert Woods,WR,7,test,1,0.562089
2021102406,4060,52465,Van Jefferson,WR,7,test,1,0.826198
2021102406,4180,43584,Kalif Raymond,WR,7,test,1,0.483784
2021102406,4226,52443,D'Andre Swift,RB,7,test,1,0.773446
2021102406,4255,52443,D'Andre Swift,RB,7,test,0,0.865166
2021102407,61,53439,DeVonta Smith,WR,7,test,0,0.7744
2021102407,136,46118,Dallas Goedert,TE,7,test,1,0.706266
2021102407,223,53579,Kenneth Gainwell,RB,7,test,1,0.84954
2021102407,319,52420,Henry Ruggs,WR,7,test,1,0.820382
2021102407,427,44045,Jalen Richard,RB,7,test,1,0.891001
2021102407,462,44849,Zay Jones,WR,7,test,1,0.390025
2021102407,510,47807,Josh Jacobs,RB,7,test,1,0.654553
2021102407,545,47932,Hunter Renfrow,WR,7,test,1,0.744267
2021102407,569,44045,Jalen Richard,RB,7,test,0,0.873963
2021102407,617,53439,DeVonta Smith,WR,7,test,1,0.67892
2021102407,728,46118,Dallas Goedert,TE,7,test,0,0.4864
2021102407,801,52420,Henry Ruggs,WR,7,test,1,0.822218
2021102407,825,47932,Hunter Renfrow,WR,7,test,1,0.904625
2021102407,868,47807,Josh Jacobs,RB,7,test,1,0.863165
2021102407,979,47932,Hunter Renfrow,WR,7,test,1,0.789346
2021102407,1003,47920,Foster Moreau,TE,7,test,1,0.290739
2021102407,1177,53439,DeVonta Smith,WR,7,test,1,0.359423
2021102407,1304,52489,Bryan Edwards,WR,7,test,1,0.631133
2021102407,1349,52420,Henry Ruggs,WR,7,test,1,0.528594
2021102407,1448,52420,Henry Ruggs,WR,7,test,1,0.694108
2021102407,1489,47807,Josh Jacobs,RB,7,test,1,0.87264
2021102407,1644,43362,Kenyan Drake,RB,7,test,1,0.791582
2021102407,1706,47932,Hunter Renfrow,WR,7,test,1,0.83541
2021102407,1730,44045,Jalen Richard,RB,7,test,1,0.856723
2021102407,1771,43362,Kenyan Drake,RB,7,test,1,0.866942
2021102407,1795,47932,Hunter Renfrow,WR,7,test,0,0.699579
2021102407,1967,47920,Foster Moreau,TE,7,test,1,0.71148
2021102407,1991,47932,Hunter Renfrow,WR,7,test,1,0.523007
2021102407,2227,53579,Kenneth Gainwell,RB,7,test,0,0.25213
2021102407,2288,44045,Jalen Richard,RB,7,test,1,0.805871
2021102407,2339,52489,Bryan Edwards,WR,7,test,1,0.568912
2021102407,2406,47932,Hunter Renfrow,WR,7,test,1,0.486835
2021102407,2482,52608,Quez Watkins,WR,7,test,1,0.646138
2021102407,2570,53439,DeVonta Smith,WR,7,test,0,0.543493
2021102407,2592,53579,Kenneth Gainwell,RB,7,test,0,0.730913
2021102407,2614,46118,Dallas Goedert,TE,7,test,1,0.697961
2021102407,2890,46118,Dallas Goedert,TE,7,test,1,0.342562
2021102407,3074,48233,Alec Ingold,FB,7,test,1,0.729019
2021102407,3161,44045,Jalen Richard,RB,7,test,1,0.822978
2021102407,3279,52608,Quez Watkins,WR,7,test,0,0.296275
2021102407,3301,53579,Kenneth Gainwell,RB,7,test,1,0.910365
2021102407,3325,53439,DeVonta Smith,WR,7,test,1,0.611268
2021102407,3354,53579,Kenneth Gainwell,RB,7,test,0,0.909043
2021102407,3376,53579,Kenneth Gainwell,RB,7,test,1,0.907501
2021102407,3421,46270,Boston Scott,RB,7,test,0,0.272729
2021102407,3443,46270,Boston Scott,RB,7,test,1,0.904423
2021102407,3467,53439,DeVonta Smith,WR,7,test,1,0.721931
2021102407,3513,52608,Quez Watkins,WR,7,test,0,0.26844
2021102407,3535,52429,Jalen Reagor,WR,7,test,1,0.426159
2021102407,3719,52608,Quez Watkins,WR,7,test,1,0.674619
2021102407,3760,52429,Jalen Reagor,WR,7,test,1,0.764969
2021102407,3784,46118,Dallas Goedert,TE,7,test,0,0.456266
2021102407,3806,53439,DeVonta Smith,WR,7,test,1,0.792766
2021102407,3852,53579,Kenneth Gainwell,RB,7,test,1,0.864616
2021102408,85,39983,Zach Ertz,TE,7,test,1,0.623514
2021102408,199,37101,Mark Ingram,RB,7,test,1,0.819239
2021102408,223,33566,Danny Amendola,WR,7,test,0,0.843204
2021102408,439,37101,Mark Ingram,RB,7,test,1,0.84686
2021102408,484,33566,Danny Amendola,WR,7,test,1,0.632514
2021102408,679,53518,Nico Collins,WR,7,test,1,0.808346
2021102408,761,46167,Jordan Akins,TE,7,test,1,0.882612
2021102408,785,45339,Pharaoh Brown,TE,7,test,1,0.86242
2021102408,900,39973,DeAndre Hopkins,WR,7,test,0,0.686034
2021102408,922,39983,Zach Ertz,TE,7,test,1,0.735881
2021102408,967,39973,DeAndre Hopkins,WR,7,test,1,0.694116
2021102408,1083,39973,DeAndre Hopkins,WR,7,test,0,0.56617
2021102408,1105,46116,Christian Kirk,WR,7,test,1,0.474049
2021102408,1385,41246,Brandin Cooks,WR,7,test,1,0.492811
2021102408,1521,46116,Christian Kirk,WR,7,test,0,0.396342
2021102408,1566,37077,A.J. Green,WR,7,test,1,0.323836
2021102408,1616,46116,Christian Kirk,WR,7,test,1,0.699284
2021102408,1848,46116,Christian Kirk,WR,7,test,1,0.752987
2021102408,1872,39973,DeAndre Hopkins,WR,7,test,1,0.400259
2021102408,2075,39983,Zach Ertz,TE,7,test,0,0.808874
2021102408,2172,53518,Nico Collins,WR,7,test,0,0.564342
2021102408,2215,46167,Jordan Akins,TE,7,test,1,0.891462
2021102408,2293,53518,Nico Collins,WR,7,test,1,0.840887
2021102408,2317,42429,David Johnson,RB,7,test,1,0.925085
2021102408,2406,39973,DeAndre Hopkins,WR,7,test,1,0.749964
2021102408,2451,37077,A.J. Green,WR,7,test,1,0.789887
2021102408,2496,46116,Christian Kirk,WR,7,test,1,0.847235
2021102408,2520,39983,Zach Ertz,TE,7,test,1,0.759898
2021102408,2576,42429,David Johnson,RB,7,test,1,0.844624
2021102408,2621,42429,David Johnson,RB,7,test,0,0.33772
2021102408,2683,46203,Chase Edmonds,RB,7,test,0,0.860861
2021102408,2781,39983,Zach Ertz,TE,7,test,0,0.548535
2021102408,2831,37101,Mark Ingram,RB,7,test,1,0.893813
2021102408,2855,37101,Mark Ingram,RB,7,test,0,0.732201
2021102408,2969,46203,Chase Edmonds,RB,7,test,0,0.851394
2021102408,3037,45339,Pharaoh Brown,TE,7,test,1,0.854493
2021102408,3101,41246,Brandin Cooks,WR,7,test,0,0.803613
2021102408,3313,41246,Brandin Cooks,WR,7,test,1,0.747443
2021102408,3358,53518,Nico Collins,WR,7,test,0,0.337275
2021102408,3585,42429,David Johnson,RB,7,test,1,0.760584
2021102408,3614,33566,Danny Amendola,WR,7,test,1,0.711792
2021102408,3626,42429,David Johnson,RB,7,test,1,0.751465
2021102408,3698,41246,Brandin Cooks,WR,7,test,0,0.326807
2021102408,3720,45339,Pharaoh Brown,TE,7,test,1,0.886298
2021102408,3744,53518,Nico Collins,WR,7,test,0,0.55417
2021102408,3766,33566,Danny Amendola,WR,7,test,0,0.581527
2021102409,104,42503,Jesse James,TE,7,test,1,0.70151
2021102409,158,44896,Chris Godwin,WR,7,test,0,0.392395
2021102409,330,52451,Cole Kmet,TE,7,test,0,0.631126
2021102409,403,41233,Mike Evans,WR,7,test,0,0.854051
2021102409,474,52451,Cole Kmet,TE,7,test,1,0.715546
2021102409,498,52581,Darnell Mooney,WR,7,test,0,0.71038
2021102409,520,41290,Allen Robinson,WR,7,test,0,0.444363
2021102409,551,44896,Chris Godwin,WR,7,test,1,0.645355
2021102409,604,44896,Chris Godwin,WR,7,test,1,0.598888
2021102409,628,42033,Cameron Brate,TE,7,test,0,0.630007
2021102409,671,44896,Chris Godwin,WR,7,test,1,0.677909
2021102409,769,53646,Khalil Herbert,RB,7,test,1,0.870147
2021102409,843,41233,Mike Evans,WR,7,test,1,0.737271
2021102409,909,42033,Cameron Brate,TE,7,test,0,0.641589
2021102409,931,41233,Mike Evans,WR,7,test,1,0.391803
2021102409,1035,41712,Damien Williams,RB,7,test,1,0.882915
2021102409,1064,52581,Darnell Mooney,WR,7,test,0,0.744665
2021102409,1154,41233,Mike Evans,WR,7,test,0,0.516086
2021102409,1176,41233,Mike Evans,WR,7,test,0,0.332777
2021102409,1198,44896,Chris Godwin,WR,7,test,0,0.210782
2021102409,1266,42503,Jesse James,TE,7,test,1,0.874998
2021102409,1290,53646,Khalil Herbert,RB,7,test,1,0.843411
2021102409,1365,42033,Cameron Brate,TE,7,test,0,0.795647
2021102409,1387,44816,Leonard Fournette,RB,7,test,0,0.695251
2021102409,1409,44831,O.J. Howard,TE,7,test,0,0.736526
2021102409,1451,52581,Darnell Mooney,WR,7,test,1,0.620684
2021102409,1559,41290,Allen Robinson,WR,7,test,1,0.837138
2021102409,1659,48700,Jesper Horsted,TE,7,test,0,0.207408
2021102409,1757,44896,Chris Godwin,WR,7,test,1,0.4408
2021102409,1781,41233,Mike Evans,WR,7,test,1,0.267633
2021102409,1882,41290,Allen Robinson,WR,7,test,1,0.809769
2021102409,1932,40026,Marquise Goodwin,WR,7,test,0,0.272666
2021102409,2016,44896,Chris Godwin,WR,7,test,0,0.444777
2021102409,2038,39985,Giovani Bernard,RB,7,test,1,0.866958
2021102409,2199,44816,Leonard Fournette,RB,7,test,1,0.767418
2021102409,2261,44831,O.J. Howard,TE,7,test,0,0.650516
2021102409,2283,41233,Mike Evans,WR,7,test,0,0.177213
2021102409,2305,41233,Mike Evans,WR,7,test,1,0.329479
2021102409,2423,44831,O.J. Howard,TE,7,test,1,0.869426
2021102409,2515,44896,Chris Godwin,WR,7,test,1,0.80363
2021102409,2627,42899,Damiere Byrd,WR,7,test,1,0.863955
2021102409,2656,52581,Darnell Mooney,WR,7,test,1,0.483097
2021102409,2741,52451,Cole Kmet,TE,7,test,1,0.794044
2021102409,2771,41712,Damien Williams,RB,7,test,0,0.749263
2021102409,2804,52581,Darnell Mooney,WR,7,test,0,0.780077
2021102409,2851,52569,Tyler Johnson,WR,7,test,1,0.853294
2021102409,3205,41290,Allen Robinson,WR,7,test,0,0.259267
2021102409,3269,44896,Chris Godwin,WR,7,test,1,0.426797
2021102409,3314,42033,Cameron Brate,TE,7,test,0,0.85429
2021102409,3336,44816,Leonard Fournette,RB,7,test,0,0.838604
2021102409,3413,52451,Cole Kmet,TE,7,test,1,0.800214
2021102409,3458,40026,Marquise Goodwin,WR,7,test,1,0.719603
2021102409,3507,53646,Khalil Herbert,RB,7,test,1,0.625319
2021102409,3701,46544,Deon Yelder,TE,7,test,1,0.848425
2021102409,3725,53558,Jaelon Darden,WR,7,test,0,0.540744
2021102409,3908,40026,Marquise Goodwin,WR,7,test,0,0.686631
2021102409,3956,42503,Jesse James,TE,7,test,1,0.872529
2021102409,3997,52451,Cole Kmet,TE,7,test,1,0.853914
2021102410,62,47819,Deebo Samuel,WR,7,test,1,0.863622
2021102410,141,46671,Trent Sherfield,WR,7,test,1,0.900184
2021102410,371,47819,Deebo Samuel,WR,7,test,0,0.297528
2021102410,397,52708,Jamycal Hasty,RB,7,test,0,0.156238
2021102410,477,45102,Zach Pascal,WR,7,test,0,0.65568
2021102410,503,52442,Michael Pittman,WR,7,test,1,0.286288
2021102410,679,47819,Deebo Samuel,WR,7,test,1,0.737637
2021102410,754,52708,Jamycal Hasty,RB,7,test,0,0.348364
2021102410,810,45102,Zach Pascal,WR,7,test,0,0.398873
2021102410,854,46172,Keke Coutee,WR,7,test,0,0.327116
2021102410,995,46671,Trent Sherfield,WR,7,test,0,0.526145
2021102410,1038,52708,Jamycal Hasty,RB,7,test,0,0.734428
2021102410,1127,53556,Kylen Granson,TE,7,test,0,0.584841
2021102410,1177,48118,Ashton Dulin,WR,7,test,0,0.10913
2021102410,1345,46173,Nyheim Hines,RB,7,test,0,0.769063
2021102410,1437,46331,Ross Dwelley,TE,7,test,0,0.567651
2021102410,1524,52449,Jonathan Taylor,RB,7,test,1,0.918258
2021102410,1635,47819,Deebo Samuel,WR,7,test,1,0.782179
2021102410,1752,52442,Michael Pittman,WR,7,test,0,0.491343
2021102410,1800,40641,Jack Doyle,TE,7,test,0,0.818648
2021102410,2126,44792,Mo Alie-Cox,TE,7,test,1,0.868709
2021102410,2150,46172,Keke Coutee,WR,7,test,1,0.821968
2021102410,2368,47819,Deebo Samuel,WR,7,test,1,0.867052
2021102410,2461,38613,Mohamed Sanu,WR,7,test,1,0.65758
2021102410,2485,47819,Deebo Samuel,WR,7,test,0,0.776718
2021102410,2561,52442,Michael Pittman,WR,7,test,1,0.797639
2021102410,2596,52442,Michael Pittman,WR,7,test,0,0.325715
2021102410,2719,47819,Deebo Samuel,WR,7,test,1,0.812068
2021102410,2754,47819,Deebo Samuel,WR,7,test,1,0.14559
2021102410,2811,52433,Brandon Aiyuk,WR,7,test,1,0.773704
2021102410,3041,47819,Deebo Samuel,WR,7,test,1,0.688395
2021102410,3080,52598,Charlie Woerner,TE,7,test,1,0.795247
2021102410,3108,47819,Deebo Samuel,WR,7,test,1,0.65148
2021102410,3226,52442,Michael Pittman,WR,7,test,1,0.856741
2021102410,3287,48118,Ashton Dulin,WR,7,test,0,0.373905
2021102410,3374,44792,Mo Alie-Cox,TE,7,test,1,0.796277
2021102410,3434,52449,Jonathan Taylor,RB,7,test,1,0.704381
2021102410,3520,52598,Charlie Woerner,TE,7,test,1,0.778717
2021102410,3548,47819,Deebo Samuel,WR,7,test,0,0.741159
2021102410,3621,52442,Michael Pittman,WR,7,test,1,0.831006
2021102410,3692,45102,Zach Pascal,WR,7,test,0,0.66573
2021102410,3714,52442,Michael Pittman,WR,7,test,1,0.500613
2021102410,3781,52708,Jamycal Hasty,RB,7,test,1,0.915976
2021102410,3805,46331,Ross Dwelley,TE,7,test,1,0.83914
2021102410,3833,52708,Jamycal Hasty,RB,7,test,1,0.757321
2021102410,3882,52625,Jauan Jennings,WR,7,test,0,0.758661
2021102500,210,46160,Tre'Quan Smith,WR,7,test,0,0.598679
2021102500,253,46160,Tre'Quan Smith,WR,7,test,0,0.803277
2021102500,326,47847,DK Metcalf,WR,7,test,1,0.206004
2021102500,450,52942,Juwan Johnson,TE,7,test,1,0.79683
2021102500,474,40092,Kenny Stills,WR,7,test,0,0.555043
2021102500,598,42412,Tyler Lockett,WR,7,test,1,0.7591
2021102500,694,44856,Gerald Everett,TE,7,test,1,0.891632
2021102500,894,48119,Penny Hart,WR,7,test,0,0.678192
2021102500,1069,53098,Marquez Callaway,WR,7,test,1,0.469322
2021102500,1104,44879,Alvin Kamara,RB,7,test,1,0.882602
2021102500,1240,53098,Marquez Callaway,WR,7,test,1,0.707036
2021102500,1264,53098,Marquez Callaway,WR,7,test,1,0.764974
2021102500,1347,44879,Alvin Kamara,RB,7,test,1,0.879594
2021102500,1478,53098,Marquez Callaway,WR,7,test,0,0.822167
2021102500,1562,52622,Freddie Swain,WR,7,test,1,0.860948
2021102500,1597,42412,Tyler Lockett,WR,7,test,0,0.312939
2021102500,1619,44856,Gerald Everett,TE,7,test,1,0.848465
2021102500,1751,52622,Freddie Swain,WR,7,test,0,0.19764
2021102500,1792,44879,Alvin Kamara,RB,7,test,1,0.895885
2021102500,1816,40092,Kenny Stills,WR,7,test,0,0.604013
2021102500,1855,44879,Alvin Kamara,RB,7,test,1,0.877242
2021102500,1900,44879,Alvin Kamara,RB,7,test,1,0.75689
2021102500,1924,52513,Adam Trautman,TE,7,test,1,0.843684
2021102500,1953,44879,Alvin Kamara,RB,7,test,1,0.849673
2021102500,2047,44856,Gerald Everett,TE,7,test,0,0.47401
2021102500,2214,44879,Alvin Kamara,RB,7,test,1,0.806309
2021102500,2243,53098,Marquez Callaway,WR,7,test,0,0.829859
2021102500,2293,52622,Freddie Swain,WR,7,test,1,0.885559
2021102500,2348,42412,Tyler Lockett,WR,7,test,1,0.647935
2021102500,2553,48318,Devine Ozigbo,RB,7,test,1,0.671894
2021102500,2603,42350,Kevin White,WR,7,test,0,0.225485
2021102500,2625,40092,Kenny Stills,WR,7,test,0,0.359736
2021102500,2835,52513,Adam Trautman,TE,7,test,1,0.873785
2021102500,2934,52622,Freddie Swain,WR,7,test,0,0.444965
2021102500,3099,53098,Marquez Callaway,WR,7,test,1,0.572404
2021102500,3165,53098,Marquez Callaway,WR,7,test,0,0.687468
2021102500,3238,47847,DK Metcalf,WR,7,test,0,0.709351
2021102500,3260,47847,DK Metcalf,WR,7,test,1,0.81124
2021102500,3305,43460,Alex Collins,RB,7,test,1,0.832259
2021102500,3350,52622,Freddie Swain,WR,7,test,1,0.907929
2021102500,3395,52622,Freddie Swain,WR,7,test,1,0.747458
2021102500,3484,42437,Ty Montgomery,WR,7,test,0,0.907093
2021102500,3536,42350,Kevin White,WR,7,test,0,0.484134
2021102500,3624,46160,Tre'Quan Smith,WR,7,test,0,0.228036
2021102500,3660,46160,Tre'Quan Smith,WR,7,test,1,0.689565
2021102500,3684,53098,Marquez Callaway,WR,7,test,0,0.293253
2021102500,3735,53098,Marquez Callaway,WR,7,test,1,0.599264
2021102500,3904,47847,DK Metcalf,WR,7,test,0,0.673454
2021102500,3998,47847,DK Metcalf,WR,7,test,0,0.489459
2021102800,334,53514,Amari Rodgers,WR,8,test,0,0.812279
2021102800,368,53514,Amari Rodgers,WR,8,test,1,0.829078
2021102800,392,44995,Aaron Jones,RB,8,test,0,0.175012
2021102800,471,39983,Zach Ertz,TE,8,test,1,0.507971
2021102800,495,37077,A.J. Green,WR,8,test,1,0.812942
2021102800,519,39973,DeAndre Hopkins,WR,8,test,1,0.18936
2021102800,784,45635,Robert Tonyan,TE,8,test,0,0.79761
2021102800,850,47970,Juwann Winfree,WR,8,test,1,0.829602
2021102800,874,46276,Equanimeous St. Brown,WR,8,test,0,0.849257
2021102800,917,47970,Juwann Winfree,WR,8,test,1,0.860408
2021102800,1133,48234,Antoine Wesley,WR,8,test,0,0.361145
2021102800,1261,45635,Robert Tonyan,TE,8,test,1,0.874359
2021102800,1454,30842,Marcedes Lewis,TE,8,test,0,0.604894
2021102800,1489,47970,Juwann Winfree,WR,8,test,0,0.111452
2021102800,1511,37139,Randall Cobb,WR,8,test,0,0.084858
2021102800,1595,46116,Christian Kirk,WR,8,test,1,0.64355
2021102800,1651,37077,A.J. Green,WR,8,test,0,0.274193
2021102800,1735,37139,Randall Cobb,WR,8,test,1,0.833833
2021102800,1860,47970,Juwann Winfree,WR,8,test,0,0.73742
2021102800,1903,44995,Aaron Jones,RB,8,test,0,0.569292
2021102800,2171,46276,Equanimeous St. Brown,WR,8,test,1,0.663034
2021102800,2269,37077,A.J. Green,WR,8,test,1,0.732081
2021102800,2319,46116,Christian Kirk,WR,8,test,1,0.874344
2021102800,2367,37077,A.J. Green,WR,8,test,0,0.34084
2021102800,2389,37077,A.J. Green,WR,8,test,1,0.827641
2021102800,2413,46203,Chase Edmonds,RB,8,test,0,0.611707
2021102800,2435,48234,Antoine Wesley,WR,8,test,1,0.659175
2021102800,2506,39973,DeAndre Hopkins,WR,8,test,1,0.647919
2021102800,2755,45635,Robert Tonyan,TE,8,test,1,0.698858
2021102800,2897,37139,Randall Cobb,WR,8,test,1,0.622115
2021102800,2953,53478,Rondale Moore,WR,8,test,0,0.445418
2021102800,3052,48234,Antoine Wesley,WR,8,test,0,0.487094
2021102800,3074,46116,Christian Kirk,WR,8,test,0,0.590128
2021102800,3096,46203,Chase Edmonds,RB,8,test,1,0.901205
2021102800,3125,39983,Zach Ertz,TE,8,test,1,0.851061
2021102800,3202,39983,Zach Ertz,TE,8,test,1,0.57338
2021102800,3298,44995,Aaron Jones,RB,8,test,1,0.89757
2021102800,3346,47970,Juwann Winfree,WR,8,test,1,0.820762
2021102800,3708,37139,Randall Cobb,WR,8,test,0,0.346466
2021102800,3751,46116,Christian Kirk,WR,8,test,0,0.732403
2021102800,3773,37077,A.J. Green,WR,8,test,1,0.701514
2021102800,3797,46116,Christian Kirk,WR,8,test,1,0.42985
2021102800,3862,46116,Christian Kirk,WR,8,test,1,0.795848
2021102800,3917,46203,Chase Edmonds,RB,8,test,1,0.727159
2021102800,4039,37077,A.J. Green,WR,8,test,0,0.424306
2021103100,132,53433,Kyle Pitts,TE,8,test,0,0.541825
2021103100,230,53512,Tommy Tremble,TE,8,test,1,0.760724
2021103100,422,53512,Tommy Tremble,TE,8,test,1,0.742086
2021103100,467,46093,D.J. Moore,WR,8,test,0,0.419954
2021103100,587,42469,Mike Davis,RB,8,test,1,0.850706
2021103100,637,42469,Mike Davis,RB,8,test,0,0.835103
2021103100,722,53555,Chuba Hubbard,RB,8,test,0,0.316753
2021103100,744,46170,Ian Thomas,TE,8,test,1,0.892372
2021103100,798,48374,Olamide Zaccheaus,WR,8,test,1,0.627915
2021103100,843,53433,Kyle Pitts,TE,8,test,0,0.510433
2021103100,923,46094,Hayden Hurst,TE,8,test,1,0.799414
2021103100,947,43429,Tajae Sharpe,WR,8,test,1,0.799196
2021103100,1032,39975,Cordarrelle Patterson,RB,8,test,1,0.231766
2021103100,1151,46093,D.J. Moore,WR,8,test,1,0.874316
2021103100,1307,53433,Kyle Pitts,TE,8,test,1,0.819223
2021103100,1352,42469,Mike Davis,RB,8,test,1,0.84068
2021103100,1381,53433,Kyle Pitts,TE,8,test,0,0.197694
2021103100,1456,53433,Kyle Pitts,TE,8,test,1,0.434128
2021103100,1480,39975,Cordarrelle Patterson,RB,8,test,1,0.732334
2021103100,1550,46094,Hayden Hurst,TE,8,test,0,0.719927
2021103100,1602,46140,Royce Freeman,RB,8,test,0,0.760373
2021103100,1700,53512,Tommy Tremble,TE,8,test,0,0.704166
2021103100,1722,42397,Ameer Abdullah,RB,8,test,0,0.306519
2021103100,1879,53555,Chuba Hubbard,RB,8,test,1,0.873446
2021103100,1908,46093,D.J. Moore,WR,8,test,1,0.571258
2021103100,2051,39975,Cordarrelle Patterson,RB,8,test,1,0.780019
2021103100,2096,39975,Cordarrelle Patterson,RB,8,test,1,0.779472
2021103100,2263,43808,Robby Anderson,WR,8,test,0,0.712712
2021103100,2374,46093,D.J. Moore,WR,8,test,1,0.900047
2021103100,2472,53512,Tommy Tremble,TE,8,test,1,0.795386
2021103100,2496,46093,D.J. Moore,WR,8,test,0,0.135228
2021103100,2573,46094,Hayden Hurst,TE,8,test,1,0.836588
2021103100,2602,39975,Cordarrelle Patterson,RB,8,test,1,0.766735
2021103100,2685,43429,Tajae Sharpe,WR,8,test,1,0.306349
2021103100,2770,53433,Kyle Pitts,TE,8,test,0,0.620454
2021103100,2959,42397,Ameer Abdullah,RB,8,test,1,0.757189
2021103100,3021,46093,D.J. Moore,WR,8,test,0,0.451602
2021103100,3120,46542,Keith Kirkwood,WR,8,test,0,0.477901
2021103100,3218,53433,Kyle Pitts,TE,8,test,0,0.249723
2021103100,3424,43429,Tajae Sharpe,WR,8,test,1,0.551342
2021103100,3448,42469,Mike Davis,RB,8,test,1,0.813007
2021103100,3472,42469,Mike Davis,RB,8,test,1,0.702136
2021103100,3517,43429,Tajae Sharpe,WR,8,test,0,0.106018
2021103100,3539,43429,Tajae Sharpe,WR,8,test,1,0.481074
2021103100,3580,53433,Kyle Pitts,TE,8,test,0,0.258622
2021103100,3745,43429,Tajae Sharpe,WR,8,test,1,0.755011
2021103100,3769,43429,Tajae Sharpe,WR,8,test,0,0.43362
2021103101,62,47857,Devin Singletary,RB,8,test,1,0.703067
2021103101,112,42489,Stefon Diggs,WR,8,test,0,0.679233
2021103101,210,42357,DeVante Parker,WR,8,test,1,0.324524
2021103101,255,42357,DeVante Parker,WR,8,test,0,0.782645
2021103101,277,53435,Jaylen Waddle,WR,8,test,1,0.637879
2021103101,338,42357,DeVante Parker,WR,8,test,1,0.866136
2021103101,383,53435,Jaylen Waddle,WR,8,test,0,0.294484
2021103101,405,53435,Jaylen Waddle,WR,8,test,1,0.601833
2021103101,535,35521,Emmanuel Sanders,WR,8,test,0,0.386632
2021103101,737,53435,Jaylen Waddle,WR,8,test,0,0.485976
2021103101,759,53435,Jaylen Waddle,WR,8,test,1,0.774096
2021103101,799,42357,DeVante Parker,WR,8,test,1,0.936112
2021103101,962,52536,Gabe Davis,WR,8,test,1,0.86069
2021103101,1126,48017,Myles Gaskin,RB,8,test,1,0.289932
2021103101,1251,38947,Cole Beasley,WR,8,test,1,0.408342
2021103101,1299,35521,Emmanuel Sanders,WR,8,test,0,0.537885
2021103101,1321,42489,Stefon Diggs,WR,8,test,0,0.57113
2021103101,1368,53435,Jaylen Waddle,WR,8,test,0,0.504093
2021103101,1435,42357,DeVante Parker,WR,8,test,1,0.840519
2021103101,1485,46111,Mike Gesicki,TE,8,test,1,0.827338
2021103101,1530,48472,Patrick Laird,RB,8,test,1,0.873176
2021103101,1582,44931,Mack Hollins,WR,8,test,0,0.602409
2021103101,1695,52494,Zack Moss,RB,8,test,1,0.88796
2021103101,1724,48011,Tommy Sweeney,TE,8,test,0,0.443873
2021103101,1780,48011,Tommy Sweeney,TE,8,test,1,0.826165
2021103101,1834,44857,Adam Shaheen,TE,8,test,1,0.718886
2021103101,1929,46111,Mike Gesicki,TE,8,test,1,0.888361
2021103101,1970,53435,Jaylen Waddle,WR,8,test,0,0.754985
2021103101,2120,42357,DeVante Parker,WR,8,test,1,0.740341
2021103101,2222,38947,Cole Beasley,WR,8,test,0,0.728792
2021103101,2248,38947,Cole Beasley,WR,8,test,0,0.160648
2021103101,2306,48017,Myles Gaskin,RB,8,test,1,0.826629
2021103101,2352,53435,Jaylen Waddle,WR,8,test,0,0.613961
2021103101,2501,38947,Cole Beasley,WR,8,test,0,0.829236
2021103101,2527,38947,Cole Beasley,WR,8,test,1,0.837466
2021103101,2551,52494,Zack Moss,RB,8,test,1,0.602164
2021103101,2616,38947,Cole Beasley,WR,8,test,1,0.82743
2021103101,2780,48011,Tommy Sweeney,TE,8,test,0,0.712613
2021103101,2813,52536,Gabe Davis,WR,8,test,1,0.775039
2021103101,2908,52922,Salvon Ahmed,RB,8,test,1,0.883003
2021103101,2937,48017,Myles Gaskin,RB,8,test,0,0.599599
2021103101,2979,35521,Emmanuel Sanders,WR,8,test,1,0.663497
2021103101,3067,38947,Cole Beasley,WR,8,test,1,0.80042
2021103101,3234,38947,Cole Beasley,WR,8,test,1,0.719703
2021103101,3290,42489,Stefon Diggs,WR,8,test,1,0.753359
2021103101,3350,53435,Jaylen Waddle,WR,8,test,0,0.372419
2021103101,3372,42357,DeVante Parker,WR,8,test,1,0.755255
2021103101,3401,46111,Mike Gesicki,TE,8,test,0,0.595143
2021103101,3496,53435,Jaylen Waddle,WR,8,test,1,0.787813
2021103101,3520,42357,DeVante Parker,WR,8,test,1,0.743836
2021103101,3544,52922,Salvon Ahmed,RB,8,test,0,0.757571
2021103101,3566,42357,DeVante Parker,WR,8,test,0,0.364937
2021103101,3588,46111,Mike Gesicki,TE,8,test,1,0.325249
2021103101,3700,48011,Tommy Sweeney,TE,8,test,1,0.646429
2021103101,3760,48011,Tommy Sweeney,TE,8,test,1,0.668992
2021103101,3808,35521,Emmanuel Sanders,WR,8,test,0,0.234059
2021103101,3830,38947,Cole Beasley,WR,8,test,1,0.738442
2021103101,3891,35521,Emmanuel Sanders,WR,8,test,0,0.458928
2021103101,4284,48472,Patrick Laird,RB,8,test,1,0.679101
2021103101,4313,42357,DeVante Parker,WR,8,test,0,0.473983
2021103101,4335,53435,Jaylen Waddle,WR,8,test,0,0.624506
2021103101,4401,53435,Jaylen Waddle,WR,8,test,0,0.317922
2021103102,62,47819,Deebo Samuel,WR,8,test,0,0.41163
2021103102,84,52433,Brandon Aiyuk,WR,8,test,0,0.38112
2021103102,109,38613,Mohamed Sanu,WR,8,test,1,0.68307
2021103102,241,47819,Deebo Samuel,WR,8,test,0,0.791925
2021103102,295,38613,Mohamed Sanu,WR,8,test,1,0.558809
2021103102,398,52581,Darnell Mooney,WR,8,test,1,0.714489
2021103102,475,52581,Darnell Mooney,WR,8,test,1,0.758664
2021103102,555,42503,Jesse James,TE,8,test,1,0.88662
2021103102,657,47819,Deebo Samuel,WR,8,test,1,0.779236
2021103102,702,40078,Kyle Juszczyk,FB,8,test,0,0.580277
2021103102,724,52708,Jamycal Hasty,RB,8,test,1,0.485687
2021103102,804,52451,Cole Kmet,TE,8,test,0,0.400481
2021103102,870,52581,Darnell Mooney,WR,8,test,1,0.807084
2021103102,894,52451,Cole Kmet,TE,8,test,1,0.875203
2021103102,1038,52451,Cole Kmet,TE,8,test,1,0.441544
2021103102,1083,42503,Jesse James,TE,8,test,1,0.257492
2021103102,1176,52433,Brandon Aiyuk,WR,8,test,1,0.695696
2021103102,1200,47819,Deebo Samuel,WR,8,test,1,0.428044
2021103102,1245,52625,Jauan Jennings,WR,8,test,0,0.675322
2021103102,1284,38613,Mohamed Sanu,WR,8,test,0,0.79418
2021103102,1383,52581,Darnell Mooney,WR,8,test,0,0.70187
2021103102,1405,41290,Allen Robinson,WR,8,test,1,0.814145
2021103102,1471,52581,Darnell Mooney,WR,8,test,1,0.784052
2021103102,1716,52451,Cole Kmet,TE,8,test,1,0.824928
2021103102,1830,52433,Brandon Aiyuk,WR,8,test,0,0.325906
2021103102,1852,52433,Brandon Aiyuk,WR,8,test,1,0.393356
2021103102,1876,52433,Brandon Aiyuk,WR,8,test,1,0.724922
2021103102,1934,47819,Deebo Samuel,WR,8,test,1,0.258496
2021103102,1997,47819,Deebo Samuel,WR,8,test,0,0.22826
2021103102,2077,42503,Jesse James,TE,8,test,1,0.57825
2021103102,2143,41290,Allen Robinson,WR,8,test,0,0.839967
2021103102,2186,40026,Marquise Goodwin,WR,8,test,1,0.772608
2021103102,2231,41290,Allen Robinson,WR,8,test,1,0.720319
2021103102,2312,53646,Khalil Herbert,RB,8,test,1,0.889848
2021103102,2343,52451,Cole Kmet,TE,8,test,0,0.532944
2021103102,2470,52598,Charlie Woerner,TE,8,test,0,0.175782
2021103102,2757,52581,Darnell Mooney,WR,8,test,1,0.84119
2021103102,2890,52451,Cole Kmet,TE,8,test,0,0.905347
2021103102,2954,47819,Deebo Samuel,WR,8,test,1,0.248575
2021103102,3005,52598,Charlie Woerner,TE,8,test,1,0.820466
2021103102,3029,40078,Kyle Juszczyk,FB,8,test,1,0.818854
2021103102,3172,40026,Marquise Goodwin,WR,8,test,1,0.778571
2021103102,3256,52581,Darnell Mooney,WR,8,test,1,0.657398
2021103102,3280,40026,Marquise Goodwin,WR,8,test,0,0.402224
2021103102,3323,41290,Allen Robinson,WR,8,test,1,0.688003
2021103102,3414,38613,Mohamed Sanu,WR,8,test,1,0.843143
2021103102,3480,52708,Jamycal Hasty,RB,8,test,1,0.793692
2021103102,3597,41290,Allen Robinson,WR,8,test,0,0.6695
2021103102,3651,52581,Darnell Mooney,WR,8,test,0,0.458259
2021103102,3962,52581,Darnell Mooney,WR,8,test,0,0.213412
2021103103,55,43370,Austin Hooper,TE,8,test,1,0.708005
2021103103,105,41292,Jarvis Landry,WR,8,test,0,0.647804
2021103103,148,43461,Rashard Higgins,WR,8,test,1,0.714281
2021103103,193,52523,Harrison Bryant,TE,8,test,1,0.554128
2021103103,217,43370,Austin Hooper,TE,8,test,1,0.814209
2021103103,262,43370,Austin Hooper,TE,8,test,0,0.838
2021103103,394,53484,Pat Freiermuth,TE,8,test,1,0.757649
2021103103,460,53484,Pat Freiermuth,TE,8,test,0,0.307733
2021103103,503,53484,Pat Freiermuth,TE,8,test,1,0.860699
2021103103,538,53484,Pat Freiermuth,TE,8,test,0,0.73437
2021103103,712,41292,Jarvis Landry,WR,8,test,1,0.591689
2021103103,736,46104,Nick Chubb,RB,8,test,1,0.852751
2021103103,899,52457,Chase Claypool,WR,8,test,1,0.806532
2021103103,944,47849,Diontae Johnson,WR,8,test,1,0.761447
2021103103,1010,47924,Zach Gentry,TE,8,test,0,0.410995
2021103103,1119,53484,Pat Freiermuth,TE,8,test,1,0.773911
2021103103,1233,41292,Jarvis Landry,WR,8,test,0,0.333827
2021103103,1255,43461,Rashard Higgins,WR,8,test,0,0.681015
2021103103,1313,47849,Diontae Johnson,WR,8,test,0,0.202448
2021103103,1456,41292,Jarvis Landry,WR,8,test,0,0.679796
2021103103,1641,46129,James Washington,WR,8,test,1,0.85306
2021103103,1665,47849,Diontae Johnson,WR,8,test,1,0.621095
2021103103,1774,47849,Diontae Johnson,WR,8,test,0,0.758189
2021103103,1955,43461,Rashard Higgins,WR,8,test,1,0.834972
2021103103,2179,47849,Diontae Johnson,WR,8,test,0,0.77831
2021103103,2201,47849,Diontae Johnson,WR,8,test,0,0.319567
2021103103,2329,41292,Jarvis Landry,WR,8,test,1,0.82269
2021103103,2353,52523,Harrison Bryant,TE,8,test,1,0.773094
2021103103,2403,43370,Austin Hooper,TE,8,test,1,0.808885
2021103103,2580,47849,Diontae Johnson,WR,8,test,1,0.377161
2021103103,2630,47849,Diontae Johnson,WR,8,test,0,0.260015
2021103103,2652,47905,Benny Snell,RB,8,test,1,0.867338
2021103103,2742,53484,Pat Freiermuth,TE,8,test,1,0.850538
2021103103,2921,43461,Rashard Higgins,WR,8,test,0,0.472279
2021103103,2955,41292,Jarvis Landry,WR,8,test,1,0.804121
2021103103,3050,47924,Zach Gentry,TE,8,test,1,0.836362
2021103103,3100,53453,Najee Harris,RB,8,test,1,0.805661
2021103103,3270,47924,Zach Gentry,TE,8,test,1,0.782151
2021103103,3339,53484,Pat Freiermuth,TE,8,test,0,0.701752
2021103103,3361,47849,Diontae Johnson,WR,8,test,0,0.722172
2021103103,3400,53484,Pat Freiermuth,TE,8,test,1,0.201669
2021103103,3476,44841,David Njoku,TE,8,test,1,0.686124
2021103103,3566,44841,David Njoku,TE,8,test,1,0.875164
2021103103,3636,41292,Jarvis Landry,WR,8,test,1,0.746741
2021103103,3719,47849,Diontae Johnson,WR,8,test,1,0.807577
2021103103,3847,41292,Jarvis Landry,WR,8,test,1,0.803703
2021103103,3876,41292,Jarvis Landry,WR,8,test,0,0.712323
2021103103,3915,41238,Odell Beckham,WR,8,test,0,0.514577
2021103103,3948,43370,Austin Hooper,TE,8,test,0,0.129472
2021103103,4014,43370,Austin Hooper,TE,8,test,1,0.521628
2021103103,4055,41292,Jarvis Landry,WR,8,test,0,0.517718
2021103103,4249,52457,Chase Claypool,WR,8,test,0,0.200527
2021103104,62,47791,T.J. Hockenson,TE,8,test,1,0.775113
2021103104,128,47791,T.J. Hockenson,TE,8,test,0,0.681404
2021103104,169,53439,DeVonta Smith,WR,8,test,0,0.819509
2021103104,212,52429,Jalen Reagor,WR,8,test,0,0.280151
2021103104,268,47791,T.J. Hockenson,TE,8,test,1,0.708437
2021103104,292,53686,Jermar Jefferson,RB,8,test,1,0.798632
2021103104,548,52608,Quez Watkins,WR,8,test,1,0.616971
2021103104,972,46118,Dallas Goedert,TE,8,test,0,0.859898
2021103104,1049,53541,Amon-Ra St. Brown,WR,8,test,1,0.64563
2021103104,1073,53541,Amon-Ra St. Brown,WR,8,test,1,0.431725
2021103104,1167,46992,KhaDarel Hodge,WR,8,test,0,0.506899
2021103104,1212,52443,D'Andre Swift,RB,8,test,1,0.859302
2021103104,1372,46118,Dallas Goedert,TE,8,test,1,0.844673
2021103104,1491,47791,T.J. Hockenson,TE,8,test,1,0.893551
2021103104,1558,47791,T.J. Hockenson,TE,8,test,1,0.395562
2021103104,1620,47791,T.J. Hockenson,TE,8,test,1,0.785773
2021103104,1661,47791,T.J. Hockenson,TE,8,test,1,0.712672
2021103104,1690,53541,Amon-Ra St. Brown,WR,8,test,1,0.664841
2021103104,1725,52443,D'Andre Swift,RB,8,test,1,0.708634
2021103104,1791,46798,Godwin Igwebuike,RB,8,test,1,0.850091
2021103104,1858,52443,D'Andre Swift,RB,8,test,1,0.780613
2021103104,2033,53439,DeVonta Smith,WR,8,test,0,0.170172
2021103104,2108,46118,Dallas Goedert,TE,8,test,1,0.5807
2021103104,2174,46118,Dallas Goedert,TE,8,test,1,0.664389
2021103104,2325,53541,Amon-Ra St. Brown,WR,8,test,1,0.723108
2021103104,2399,48680,Tom Kennedy,WR,8,test,1,0.937644
2021103104,2455,43584,Kalif Raymond,WR,8,test,0,0.275169
2021103104,2509,46270,Boston Scott,RB,8,test,0,0.679948
2021103104,2531,53439,DeVonta Smith,WR,8,test,1,0.324911
2021103104,2755,52443,D'Andre Swift,RB,8,test,1,0.873411
2021103104,2827,52443,D'Andre Swift,RB,8,test,1,0.867287
2021103104,2903,47791,T.J. Hockenson,TE,8,test,1,0.747884
2021103104,2927,53541,Amon-Ra St. Brown,WR,8,test,0,0.289508
2021103104,3157,53686,Jermar Jefferson,RB,8,test,1,0.462694
2021103104,3181,53686,Jermar Jefferson,RB,8,test,1,0.8189
2021103104,3205,47791,T.J. Hockenson,TE,8,test,1,0.830763
2021103104,3229,46798,Godwin Igwebuike,RB,8,test,1,0.618136
2021103104,3253,48680,Tom Kennedy,WR,8,test,0,0.306226
2021103104,3275,46798,Godwin Igwebuike,RB,8,test,1,0.850389
2021103104,3299,46992,KhaDarel Hodge,WR,8,test,0,0.27072
2021103104,3321,47791,T.J. Hockenson,TE,8,test,1,0.838907
2021103104,3376,53541,Amon-Ra St. Brown,WR,8,test,0,0.646379
2021103105,76,43399,Tyler Higbee,TE,8,test,1,0.844028
2021103105,142,52465,Van Jefferson,WR,8,test,1,0.563036
2021103105,166,39989,Robert Woods,WR,8,test,0,0.804234
2021103105,188,44881,Cooper Kupp,WR,8,test,1,0.526419
2021103105,212,44881,Cooper Kupp,WR,8,test,1,0.809688
2021103105,236,44881,Cooper Kupp,WR,8,test,1,0.623712
2021103105,292,47853,Darrell Henderson,RB,8,test,1,0.832488
2021103105,391,41246,Brandin Cooks,WR,8,test,1,0.725709
2021103105,597,43399,Tyler Higbee,TE,8,test,1,0.854554
2021103105,626,52465,Van Jefferson,WR,8,test,1,0.565184
2021103105,740,44881,Cooper Kupp,WR,8,test,0,0.162027
2021103105,762,44881,Cooper Kupp,WR,8,test,1,0.806778
2021103105,786,47853,Darrell Henderson,RB,8,test,0,0.857532
2021103105,930,46100,Sony Michel,RB,8,test,1,0.870079
2021103105,965,39989,Robert Woods,WR,8,test,0,0.648317
2021103105,986,39989,Robert Woods,WR,8,test,1,0.767101
2021103105,1032,46100,Sony Michel,RB,8,test,1,0.852019
2021103105,1122,39989,Robert Woods,WR,8,test,0,0.711808
2021103105,1156,44881,Cooper Kupp,WR,8,test,0,0.591558
2021103105,1233,52972,Scottie Phillips,RB,8,test,0,0.590798
2021103105,1267,33566,Danny Amendola,WR,8,test,0,0.650236
2021103105,1366,52465,Van Jefferson,WR,8,test,0,0.432508
2021103105,1399,39989,Robert Woods,WR,8,test,1,0.653513
2021103105,1455,53518,Nico Collins,WR,8,test,1,0.496046
2021103105,1513,46167,Jordan Akins,TE,8,test,1,0.793638
2021103105,1760,52465,Van Jefferson,WR,8,test,0,0.509498
2021103105,1864,46167,Jordan Akins,TE,8,test,1,0.680474
2021103105,1905,41246,Brandin Cooks,WR,8,test,0,0.467453
2021103105,1976,53518,Nico Collins,WR,8,test,1,0.811953
2021103105,2077,33566,Danny Amendola,WR,8,test,0,0.588238
2021103105,2206,52465,Van Jefferson,WR,8,test,0,0.844831
2021103105,2240,39989,Robert Woods,WR,8,test,0,0.56121
2021103105,2309,33566,Danny Amendola,WR,8,test,1,0.784349
2021103105,2438,52465,Van Jefferson,WR,8,test,1,0.385098
2021103105,2483,44881,Cooper Kupp,WR,8,test,1,0.71021
2021103105,2596,42429,David Johnson,RB,8,test,1,0.845043
2021103105,2693,53678,Ben Skowronek,WR,8,test,1,0.78103
2021103105,2743,44881,Cooper Kupp,WR,8,test,1,0.39154
2021103105,2931,52972,Scottie Phillips,RB,8,test,1,0.887625
2021103105,2955,33566,Danny Amendola,WR,8,test,0,0.402984
2021103105,3102,41246,Brandin Cooks,WR,8,test,1,0.701889
2021103105,3126,53518,Nico Collins,WR,8,test,1,0.843244
2021103105,3214,41246,Brandin Cooks,WR,8,test,1,0.878665
2021103105,3259,43396,Chris Moore,WR,8,test,1,0.302933
2021103105,3288,40138,Rex Burkhead,RB,8,test,1,0.813049
2021103105,3393,52465,Van Jefferson,WR,8,test,0,0.822752
2021103105,3467,53518,Nico Collins,WR,8,test,1,0.702964
2021103105,3512,41246,Brandin Cooks,WR,8,test,1,0.702944
2021103105,3536,41246,Brandin Cooks,WR,8,test,1,0.355183
2021103105,3593,42419,Chris Conley,WR,8,test,1,0.650599
2021103105,3617,52972,Scottie Phillips,RB,8,test,1,0.835747
2021103105,3708,53576,Brevin Jordan,TE,8,test,1,0.672581
2021103105,3972,40138,Rex Burkhead,RB,8,test,1,0.901982
2021103105,3996,53576,Brevin Jordan,TE,8,test,1,0.624762
2021103105,4020,53576,Brevin Jordan,TE,8,test,0,0.624813
2021103105,4042,46167,Jordan Akins,TE,8,test,1,0.874852
2021103105,4066,40138,Rex Burkhead,RB,8,test,1,0.868768
2021103105,4090,46167,Jordan Akins,TE,8,test,1,0.65268
2021103105,4114,42419,Chris Conley,WR,8,test,0,0.394863
2021103106,62,52449,Jonathan Taylor,RB,8,test,1,0.883749
2021103106,86,52442,Michael Pittman,WR,8,test,1,0.847772
2021103106,131,52442,Michael Pittman,WR,8,test,0,0.577532
2021103106,153,46173,Nyheim Hines,RB,8,test,1,0.857666
2021103106,335,52442,Michael Pittman,WR,8,test,0,0.336916
2021103106,357,52442,Michael Pittman,WR,8,test,1,0.586643
2021103106,434,44003,Marcus Johnson,WR,8,test,0,0.436808
2021103106,460,52442,Michael Pittman,WR,8,test,1,0.507092
2021103106,584,44003,Marcus Johnson,WR,8,test,0,0.53661
2021103106,673,38622,T.Y. Hilton,WR,8,test,1,0.694747
2021103106,697,52442,Michael Pittman,WR,8,test,0,0.34581
2021103106,719,40641,Jack Doyle,TE,8,test,1,0.925757
2021103106,743,38622,T.Y. Hilton,WR,8,test,0,0.126056
2021103106,765,52442,Michael Pittman,WR,8,test,0,0.64415
2021103106,808,42589,Geoff Swaim,TE,8,test,1,0.823191
2021103106,862,42589,Geoff Swaim,TE,8,test,1,0.529056
2021103106,907,45355,Anthony Firkser,TE,8,test,1,0.773338
2021103106,950,42486,MyCole Pruitt,TE,8,test,1,0.747422
2021103106,1066,42589,Geoff Swaim,TE,8,test,1,0.88764
2021103106,1182,52449,Jonathan Taylor,RB,8,test,1,0.804777
2021103106,1207,45102,Zach Pascal,WR,8,test,1,0.815466
2021103106,1333,42486,MyCole Pruitt,TE,8,test,1,0.668557
2021103106,1394,42589,Geoff Swaim,TE,8,test,1,0.787358
2021103106,1479,45355,Anthony Firkser,TE,8,test,0,0.207169
2021103106,1524,47834,A.J. Brown,WR,8,test,1,0.602657
2021103106,1641,45102,Zach Pascal,WR,8,test,1,0.577148
2021103106,1727,44792,Mo Alie-Cox,TE,8,test,0,0.479805
2021103106,1749,52442,Michael Pittman,WR,8,test,1,0.684728
2021103106,1773,48118,Ashton Dulin,WR,8,test,0,0.256622
2021103106,1806,52442,Michael Pittman,WR,8,test,1,0.713621
2021103106,1847,46173,Nyheim Hines,RB,8,test,1,0.644118
2021103106,1876,38622,T.Y. Hilton,WR,8,test,0,0.382661
2021103106,2110,47834,A.J. Brown,WR,8,test,1,0.480753
2021103106,2199,43556,Chester Rogers,WR,8,test,0,0.74871
2021103106,2268,42589,Geoff Swaim,TE,8,test,0,0.815301
2021103106,2290,47834,A.J. Brown,WR,8,test,1,0.706691
2021103106,2319,47834,A.J. Brown,WR,8,test,1,0.856543
2021103106,2369,47834,A.J. Brown,WR,8,test,1,0.747207
2021103106,2393,53074,Nick Westbrook-Ikhine,WR,8,test,1,0.164081
2021103106,2518,44792,Mo Alie-Cox,TE,8,test,0,0.538602
2021103106,2540,44792,Mo Alie-Cox,TE,8,test,0,0.793141
2021103106,2622,44003,Marcus Johnson,WR,8,test,0,0.690832
2021103106,2665,47834,A.J. Brown,WR,8,test,1,0.743092
2021103106,2799,38622,T.Y. Hilton,WR,8,test,1,0.919863
2021103106,2844,45102,Zach Pascal,WR,8,test,0,0.366362
2021103106,2954,43334,Derrick Henry,RB,8,test,0,0.487144
2021103106,3069,44003,Marcus Johnson,WR,8,test,0,0.155964
2021103106,3091,53074,Nick Westbrook-Ikhine,WR,8,test,1,0.582133
2021103106,3163,47834,A.J. Brown,WR,8,test,1,0.378
2021103106,3203,47834,A.J. Brown,WR,8,test,1,0.888555
2021103106,3261,48118,Ashton Dulin,WR,8,test,0,0.387037
2021103106,3283,45102,Zach Pascal,WR,8,test,0,0.814078
2021103106,3305,52442,Michael Pittman,WR,8,test,1,0.52242
2021103106,3370,45102,Zach Pascal,WR,8,test,1,0.818429
2021103106,3445,38622,T.Y. Hilton,WR,8,test,0,0.794703
2021103106,3470,45102,Zach Pascal,WR,8,test,0,0.289086
2021103106,3617,46173,Nyheim Hines,RB,8,test,0,0.806558
2021103106,3639,48118,Ashton Dulin,WR,8,test,0,0.881792
2021103106,3691,47834,A.J. Brown,WR,8,test,1,0.691664
2021103106,3784,44975,Jeremy McNichols,RB,8,test,1,0.732886
2021103106,4052,45102,Zach Pascal,WR,8,test,1,0.789333
2021103106,4076,52442,Michael Pittman,WR,8,test,0,0.5251
2021103106,4109,48118,Ashton Dulin,WR,8,test,0,0.592045
2021103106,4131,52442,Michael Pittman,WR,8,test,1,0.821375
2021103106,4166,52442,Michael Pittman,WR,8,test,1,0.612391
2021103106,4207,44792,Mo Alie-Cox,TE,8,test,0,0.713344
2021103106,4229,48118,Ashton Dulin,WR,8,test,0,0.4937
2021103106,4456,52449,Jonathan Taylor,RB,8,test,0,0.24854
2021103106,4478,45102,Zach Pascal,WR,8,test,0,0.43072
2021103106,4518,47834,A.J. Brown,WR,8,test,0,0.495522
2021103106,4561,47834,A.J. Brown,WR,8,test,1,0.697872
2021103106,4603,48118,Ashton Dulin,WR,8,test,0,0.750378
2021103106,4625,52442,Michael Pittman,WR,8,test,1,0.787656
2021103106,4670,52442,Michael Pittman,WR,8,test,0,0.384782
2021103106,4728,53074,Nick Westbrook-Ikhine,WR,8,test,0,0.885909
2021103106,4750,47834,A.J. Brown,WR,8,test,1,0.708749
2021103107,79,52467,Denzel Mims,WR,8,test,1,0.905711
2021103107,114,42448,Jamison Crowder,WR,8,test,1,0.732249
2021103107,138,42428,Tyler Kroft,TE,8,test,1,0.744245
2021103107,162,53536,Michael Carter,RB,8,test,1,0.841303
2021103107,257,47969,Ty Johnson,RB,8,test,1,0.881108
2021103107,399,53434,Ja'Marr Chase,WR,8,test,0,0.770169
2021103107,421,42500,C.J. Uzomah,TE,8,test,1,0.758953
2021103107,445,43344,Tyler Boyd,WR,8,test,1,0.796577
2021103107,488,42448,Jamison Crowder,WR,8,test,1,0.799813
2021103107,554,42448,Jamison Crowder,WR,8,test,1,0.81891
2021103107,595,40149,Ryan Griffin,TE,8,test,1,0.821741
2021103107,720,53434,Ja'Marr Chase,WR,8,test,0,0.426516
2021103107,787,53536,Michael Carter,RB,8,test,0,0.283373
2021103107,842,44927,Samaje Perine,RB,8,test,1,0.707428
2021103107,866,52441,Tee Higgins,WR,8,test,0,0.256825
2021103107,899,44860,Joe Mixon,RB,8,test,1,0.4417
2021103107,1013,45555,Keelan Cole,WR,8,test,0,0.832135
2021103107,1101,53463,Elijah Moore,WR,8,test,1,0.77732
2021103107,1146,53536,Michael Carter,RB,8,test,0,0.734062
2021103107,1311,53536,Michael Carter,RB,8,test,0,0.901116
2021103107,1354,46279,Braxton Berrios,WR,8,test,1,0.850302
2021103107,1397,53434,Ja'Marr Chase,WR,8,test,1,0.814781
2021103107,1470,43344,Tyler Boyd,WR,8,test,1,0.844396
2021103107,1531,44860,Joe Mixon,RB,8,test,1,0.856841
2021103107,1555,52441,Tee Higgins,WR,8,test,1,0.266715
2021103107,1579,52441,Tee Higgins,WR,8,test,0,0.35211
2021103107,1601,53434,Ja'Marr Chase,WR,8,test,1,0.558196
2021103107,1686,42448,Jamison Crowder,WR,8,test,1,0.86816
2021103107,1758,53434,Ja'Marr Chase,WR,8,test,0,0.546202
2021103107,1820,44860,Joe Mixon,RB,8,test,0,0.744634
2021103107,1842,43344,Tyler Boyd,WR,8,test,0,0.814269
2021103107,1905,45555,Keelan Cole,WR,8,test,1,0.809874
2021103107,1929,53536,Michael Carter,RB,8,test,1,0.589449
2021103107,2003,42448,Jamison Crowder,WR,8,test,1,0.915907
2021103107,2044,45555,Keelan Cole,WR,8,test,0,0.318605
2021103107,2069,53536,Michael Carter,RB,8,test,1,0.798778
2021103107,2169,46279,Braxton Berrios,WR,8,test,1,0.292789
2021103107,2323,52441,Tee Higgins,WR,8,test,1,0.779526
2021103107,2347,53434,Ja'Marr Chase,WR,8,test,1,0.763456
2021103107,2397,52441,Tee Higgins,WR,8,test,1,0.69233
2021103107,2425,52441,Tee Higgins,WR,8,test,0,0.22573
2021103107,2487,52467,Denzel Mims,WR,8,test,1,0.487214
2021103107,2551,47969,Ty Johnson,RB,8,test,1,0.85122
2021103107,2575,53463,Elijah Moore,WR,8,test,1,0.807456
2021103107,2620,53536,Michael Carter,RB,8,test,0,0.572953
2021103107,2733,42448,Jamison Crowder,WR,8,test,1,0.812877
2021103107,2762,52467,Denzel Mims,WR,8,test,0,0.522891
2021103107,2865,52441,Tee Higgins,WR,8,test,1,0.648307
2021103107,2889,44860,Joe Mixon,RB,8,test,1,0.797327
2021103107,2970,53536,Michael Carter,RB,8,test,1,0.769435
2021103107,3015,48657,Jeff Smith,WR,8,test,1,0.716795
2021103107,3039,53463,Elijah Moore,WR,8,test,1,0.740967
2021103107,3220,53434,Ja'Marr Chase,WR,8,test,0,0.278419
2021103107,3242,42500,C.J. Uzomah,TE,8,test,1,0.899395
2021103107,3332,43344,Tyler Boyd,WR,8,test,0,0.454999
2021103107,3354,42500,C.J. Uzomah,TE,8,test,1,0.512988
2021103107,3378,43344,Tyler Boyd,WR,8,test,1,0.269649
2021103107,3423,53434,Ja'Marr Chase,WR,8,test,0,0.266089
2021103107,3445,43344,Tyler Boyd,WR,8,test,1,0.616326
2021103107,3508,53463,Elijah Moore,WR,8,test,1,0.854522
2021103107,3532,53536,Michael Carter,RB,8,test,0,0.674914
2021103107,3554,53536,Michael Carter,RB,8,test,1,0.867473
2021103107,3578,53463,Elijah Moore,WR,8,test,0,0.548373
2021103107,3611,42448,Jamison Crowder,WR,8,test,1,0.875954
2021103107,3635,45555,Keelan Cole,WR,8,test,1,0.788376
2021103107,3659,45555,Keelan Cole,WR,8,test,1,0.876493
2021103107,3735,47969,Ty Johnson,RB,8,test,1,0.85815
2021103107,3869,42428,Tyler Kroft,TE,8,test,1,0.64354
2021103107,3948,43344,Tyler Boyd,WR,8,test,1,0.372586
2021103107,4133,53536,Michael Carter,RB,8,test,0,0.756565
2021103107,4200,47969,Ty Johnson,RB,8,test,1,0.285031
2021103108,54,34540,Jared Cook,TE,8,test,1,0.717601
2021103108,99,40024,Keenan Allen,WR,8,test,1,0.664023
2021103108,128,40024,Keenan Allen,WR,8,test,0,0.525464
2021103108,171,45573,Austin Ekeler,RB,8,test,1,0.722747
2021103108,290,47749,Jakob Johnson,FB,8,test,0,0.82289
2021103108,312,45185,Kendrick Bourne,WR,8,test,1,0.790617
2021103108,341,42363,Nelson Agholor,WR,8,test,1,0.281969
2021103108,393,47870,Damien Harris,RB,8,test,0,0.873314
2021103108,485,47749,Jakob Johnson,FB,8,test,1,0.860247
2021103108,619,34540,Jared Cook,TE,8,test,1,0.409434
2021103108,648,44819,Mike Williams,WR,8,test,0,0.303738
2021103108,740,53549,Rhamondre Stevenson,RB,8,test,1,0.813984
2021103108,790,53549,Rhamondre Stevenson,RB,8,test,0,0.270811
2021103108,894,40024,Keenan Allen,WR,8,test,0,0.845337
2021103108,979,40024,Keenan Allen,WR,8,test,1,0.804246
2021103108,1035,44912,Jonnu Smith,TE,8,test,1,0.730954
2021103108,1156,43324,Hunter Henry,TE,8,test,1,0.81368
2021103108,1180,45185,Kendrick Bourne,WR,8,test,0,0.818001
2021103108,1223,43324,Hunter Henry,TE,8,test,0,0.752787
2021103108,1273,48097,Jakobi Meyers,WR,8,test,0,0.467356
2021103108,1332,44819,Mike Williams,WR,8,test,1,0.793394
2021103108,1403,45185,Kendrick Bourne,WR,8,test,0,0.558675
2021103108,1425,45185,Kendrick Bourne,WR,8,test,1,0.846303
2021103108,1555,43324,Hunter Henry,TE,8,test,0,0.754269
2021103108,1651,44819,Mike Williams,WR,8,test,0,0.205362
2021103108,1748,42363,Nelson Agholor,WR,8,test,0,0.429764
2021103108,1770,48097,Jakobi Meyers,WR,8,test,0,0.504094
2021103108,1810,40024,Keenan Allen,WR,8,test,1,0.879327
2021103108,1860,44819,Mike Williams,WR,8,test,0,0.366496
2021103108,1882,45573,Austin Ekeler,RB,8,test,0,0.636573
2021103108,1908,45185,Kendrick Bourne,WR,8,test,1,0.752133
2021103108,1932,42363,Nelson Agholor,WR,8,test,0,0.415744
2021103108,1954,48097,Jakobi Meyers,WR,8,test,0,0.245243
2021103108,1976,45185,Kendrick Bourne,WR,8,test,0,0.817915
2021103108,2166,48097,Jakobi Meyers,WR,8,test,1,0.79704
2021103108,2211,47815,N'Keal Harry,WR,8,test,1,0.428067
2021103108,2292,42363,Nelson Agholor,WR,8,test,0,0.292029
2021103108,2314,45185,Kendrick Bourne,WR,8,test,1,0.614532
2021103108,2354,45573,Austin Ekeler,RB,8,test,1,0.836792
2021103108,2404,40024,Keenan Allen,WR,8,test,0,0.50442
2021103108,2426,34540,Jared Cook,TE,8,test,0,0.24591
2021103108,2549,48097,Jakobi Meyers,WR,8,test,1,0.660352
2021103108,2668,48097,Jakobi Meyers,WR,8,test,0,0.21846
2021103108,2711,48097,Jakobi Meyers,WR,8,test,0,0.570552
2021103108,2794,45573,Austin Ekeler,RB,8,test,1,0.892896
2021103108,2866,40024,Keenan Allen,WR,8,test,0,0.831002
2021103108,2922,44912,Jonnu Smith,TE,8,test,1,0.86938
2021103108,2965,42363,Nelson Agholor,WR,8,test,1,0.843978
2021103108,3078,43845,Stephen Anderson,TE,8,test,1,0.807395
2021103108,3185,40024,Keenan Allen,WR,8,test,1,0.769869
2021103108,3230,45573,Austin Ekeler,RB,8,test,0,0.883773
2021103108,3252,34540,Jared Cook,TE,8,test,0,0.834413
2021103108,3332,45573,Austin Ekeler,RB,8,test,0,0.231588
2021103108,3386,44819,Mike Williams,WR,8,test,1,0.745216
2021103108,3671,48097,Jakobi Meyers,WR,8,test,1,0.617937
2021103108,3683,45573,Austin Ekeler,RB,8,test,1,0.860042
2021103108,3758,47815,N'Keal Harry,WR,8,test,1,0.79086
2021103108,3802,40024,Keenan Allen,WR,8,test,1,0.717695
2021103108,3831,42363,Nelson Agholor,WR,8,test,1,0.812205
2021103108,3896,48097,Jakobi Meyers,WR,8,test,1,0.814775
2021103108,3919,48556,Jalen Guyton,WR,8,test,1,0.599975
2021103108,3960,34540,Jared Cook,TE,8,test,0,0.237704
2021103108,3989,45573,Austin Ekeler,RB,8,test,1,0.820424
2021103108,4019,45573,Austin Ekeler,RB,8,test,1,0.847883
2021103108,4065,53506,Josh Palmer,WR,8,test,1,0.266284
2021103109,75,44978,Jamal Agnew,WR,8,test,1,0.809489
2021103109,141,41286,Carlos Hyde,RB,8,test,1,0.835289
2021103109,165,45785,Dan Arnold,TE,8,test,1,0.826386
2021103109,189,52733,James Robinson,RB,8,test,0,0.830637
2021103109,268,42412,Tyler Lockett,WR,8,test,1,0.83476
2021103109,313,46189,Will Dissly,TE,8,test,0,0.543077
2021103109,414,42412,Tyler Lockett,WR,8,test,1,0.373052
2021103109,623,52450,Laviska Shenault,WR,8,test,0,0.8218
2021103109,705,42412,Tyler Lockett,WR,8,test,1,0.870298
2021103109,734,47847,DK Metcalf,WR,8,test,1,0.371223
2021103109,855,41286,Carlos Hyde,RB,8,test,1,0.868184
2021103109,903,39954,Tavon Austin,WR,8,test,0,0.385072
2021103109,934,42412,Tyler Lockett,WR,8,test,1,0.845599
2021103109,1034,47847,DK Metcalf,WR,8,test,1,0.786872
2021103109,1058,42412,Tyler Lockett,WR,8,test,1,0.347997
2021103109,1144,47847,DK Metcalf,WR,8,test,1,0.280116
2021103109,1242,38696,Marvin Jones,WR,8,test,1,0.784114
2021103109,1316,44978,Jamal Agnew,WR,8,test,0,0.671173
2021103109,1359,44978,Jamal Agnew,WR,8,test,0,0.861319
2021103109,1381,44978,Jamal Agnew,WR,8,test,0,0.315075
2021103109,1439,44856,Gerald Everett,TE,8,test,1,0.638955
2021103109,1463,42412,Tyler Lockett,WR,8,test,1,0.414622
2021103109,1492,42412,Tyler Lockett,WR,8,test,1,0.825617
2021103109,1609,47847,DK Metcalf,WR,8,test,1,0.786434
2021103109,1693,52622,Freddie Swain,WR,8,test,0,0.632674
2021103109,1766,42412,Tyler Lockett,WR,8,test,0,0.641024
2021103109,1944,42412,Tyler Lockett,WR,8,test,0,0.630515
2021103109,2031,38696,Marvin Jones,WR,8,test,0,0.64765
2021103109,2095,52450,Laviska Shenault,WR,8,test,0,0.767872
2021103109,2138,42412,Tyler Lockett,WR,8,test,1,0.828148
2021103109,2193,42412,Tyler Lockett,WR,8,test,1,0.853476
2021103109,2266,44856,Gerald Everett,TE,8,test,0,0.480885
2021103109,2288,47847,DK Metcalf,WR,8,test,1,0.692423
2021103109,2688,53574,Luke Farrell,TE,8,test,1,0.73286
2021103109,2734,41286,Carlos Hyde,RB,8,test,1,0.68643
2021103109,2847,41286,Carlos Hyde,RB,8,test,0,0.802266
2021103109,2869,45785,Dan Arnold,TE,8,test,0,0.230277
2021103109,2953,42412,Tyler Lockett,WR,8,test,1,0.817262
2021103109,2977,47987,Travis Homer,RB,8,test,1,0.880717
2021103109,3020,45785,Dan Arnold,TE,8,test,1,0.630549
2021103109,3044,38696,Marvin Jones,WR,8,test,1,0.921247
2021103109,3068,45785,Dan Arnold,TE,8,test,0,0.814926
2021103109,3090,44978,Jamal Agnew,WR,8,test,1,0.112252
2021103109,3176,52450,Laviska Shenault,WR,8,test,1,0.891592
2021103109,3276,38696,Marvin Jones,WR,8,test,0,0.367856
2021103109,3473,44978,Jamal Agnew,WR,8,test,0,0.601532
2021103109,3516,45785,Dan Arnold,TE,8,test,1,0.746852
2021103109,3540,45719,Dare Ogunbowale,RB,8,test,1,0.877533
2021103109,3564,44978,Jamal Agnew,WR,8,test,1,0.691828
2021103109,3588,53574,Luke Farrell,TE,8,test,0,0.182431
2021103109,3610,38696,Marvin Jones,WR,8,test,1,0.404065
2021103109,3634,48601,Tyron Johnson,WR,8,test,0,0.211002
2021103109,3668,45785,Dan Arnold,TE,8,test,1,0.848951
2021103109,3692,41286,Carlos Hyde,RB,8,test,1,0.81774
2021103109,3716,39954,Tavon Austin,WR,8,test,1,0.846769
2021103109,3762,38696,Marvin Jones,WR,8,test,0,0.153504
2021103109,3828,44978,Jamal Agnew,WR,8,test,1,0.501571
2021103109,3905,45785,Dan Arnold,TE,8,test,1,0.842626
2021103109,3945,48601,Tyron Johnson,WR,8,test,1,0.781469
2021103109,3991,41286,Carlos Hyde,RB,8,test,1,0.882948
2021103109,4020,39954,Tavon Austin,WR,8,test,0,0.590369
2021103109,4066,44978,Jamal Agnew,WR,8,test,0,0.604817
2021103109,4094,41286,Carlos Hyde,RB,8,test,1,0.898088
2021103109,4140,44978,Jamal Agnew,WR,8,test,0,0.185395
2021103110,99,43722,J.D. McKissic,RB,8,test,1,0.899922
2021103110,228,45481,Ricky Seals-Jones,TE,8,test,0,0.747476
2021103110,252,47803,Noah Fant,TE,8,test,1,0.830804
2021103110,362,47803,Noah Fant,TE,8,test,0,0.619579
2021103110,398,46109,Courtland Sutton,WR,8,test,1,0.279199
2021103110,530,46109,Courtland Sutton,WR,8,test,0,0.664147
2021103110,577,42794,DeAndre Carter,WR,8,test,0,0.306307
2021103110,599,52474,Antonio Gibson,RB,8,test,0,0.697548
2021103110,653,47859,Terry McLaurin,WR,8,test,1,0.689916
2021103110,719,43722,J.D. McKissic,RB,8,test,1,0.850222
2021103110,783,52474,Antonio Gibson,RB,8,test,1,0.859494
2021103110,894,47859,Terry McLaurin,WR,8,test,0,0.509714
2021103110,957,52423,Jerry Jeudy,WR,8,test,1,0.774741
2021103110,986,45267,Tim Patrick,WR,8,test,1,0.533987
2021103110,1111,46362,Cam Sims,WR,8,test,1,0.85967
2021103110,1140,52474,Antonio Gibson,RB,8,test,1,0.815435
2021103110,1227,43010,Adam Humphries,WR,8,test,1,0.66595
2021103110,1261,53960,Jaret Patterson,RB,8,test,0,0.82687
2021103110,1372,52526,Albert Okwuegbunam,TE,8,test,1,0.887862
2021103110,1459,52526,Albert Okwuegbunam,TE,8,test,1,0.781718
2021103110,1500,45267,Tim Patrick,WR,8,test,1,0.540522
2021103110,1524,42358,Melvin Gordon,RB,8,test,1,0.589648
2021103110,1580,43722,J.D. McKissic,RB,8,test,1,0.892616
2021103110,1604,42794,DeAndre Carter,WR,8,test,1,0.664231
2021103110,1645,45481,Ricky Seals-Jones,TE,8,test,1,0.573546
2021103110,1674,43722,J.D. McKissic,RB,8,test,1,0.803726
2021103110,1883,47803,Noah Fant,TE,8,test,1,0.837778
2021103110,1970,52526,Albert Okwuegbunam,TE,8,test,1,0.678361
2021103110,2013,45481,Ricky Seals-Jones,TE,8,test,1,0.513085
2021103110,2082,47859,Terry McLaurin,WR,8,test,1,0.809195
2021103110,2150,42358,Melvin Gordon,RB,8,test,1,0.833231
2021103110,2325,53553,John Bates,TE,8,test,1,0.808389
2021103110,2370,43010,Adam Humphries,WR,8,test,1,0.786108
2021103110,2565,52423,Jerry Jeudy,WR,8,test,1,0.839278
2021103110,2626,53464,Javonte Williams,RB,8,test,1,0.840421
2021103110,2650,53464,Javonte Williams,RB,8,test,1,0.898882
2021103110,2729,46109,Courtland Sutton,WR,8,test,0,0.722267
2021103110,2881,47859,Terry McLaurin,WR,8,test,0,0.233203
2021103110,2927,45267,Tim Patrick,WR,8,test,1,0.419575
2021103110,2974,46109,Courtland Sutton,WR,8,test,1,0.861819
2021103110,3017,52423,Jerry Jeudy,WR,8,test,1,0.496528
2021103110,3083,52423,Jerry Jeudy,WR,8,test,1,0.769824
2021103110,3112,43722,J.D. McKissic,RB,8,test,1,0.819844
2021103110,3167,43722,J.D. McKissic,RB,8,test,1,0.833771
2021103110,3208,47859,Terry McLaurin,WR,8,test,0,0.36006
2021103110,3230,53687,Dax Milne,WR,8,test,1,0.565451
2021103110,3280,53687,Dax Milne,WR,8,test,0,0.352747
2021103110,3308,42794,DeAndre Carter,WR,8,test,1,0.807459
2021103110,3332,52474,Antonio Gibson,RB,8,test,1,0.850614
2021103110,3443,46362,Cam Sims,WR,8,test,0,0.362491
2021103110,3532,53464,Javonte Williams,RB,8,test,0,0.765009
2021103110,3597,42794,DeAndre Carter,WR,8,test,0,0.435816
2021103110,3727,43010,Adam Humphries,WR,8,test,0,0.439249
2021103111,75,52569,Tyler Johnson,WR,8,test,1,0.845223
2021103111,153,44879,Alvin Kamara,RB,8,test,1,0.840146
2021103111,182,42437,Ty Montgomery,WR,8,test,0,0.813074
2021103111,286,44075,Garrett Griffin,TE,8,test,1,0.791427
2021103111,310,53098,Marquez Callaway,WR,8,test,1,0.755303
2021103111,408,44896,Chris Godwin,WR,8,test,1,0.888688
2021103111,437,44831,O.J. Howard,TE,8,test,0,0.275807
2021103111,500,35481,Rob Gronkowski,TE,8,test,0,0.449938
2021103111,522,44896,Chris Godwin,WR,8,test,1,0.816061
2021103111,588,52513,Adam Trautman,TE,8,test,0,0.776961
2021103111,789,52513,Adam Trautman,TE,8,test,0,0.869785
2021103111,834,46160,Tre'Quan Smith,WR,8,test,1,0.678612
2021103111,1039,52569,Tyler Johnson,WR,8,test,1,0.634919
2021103111,1063,41233,Mike Evans,WR,8,test,0,0.292326
2021103111,1089,53558,Jaelon Darden,WR,8,test,1,0.78141
2021103111,1113,42033,Cameron Brate,TE,8,test,0,0.270531
2021103111,1220,52513,Adam Trautman,TE,8,test,0,0.604064
2021103111,1248,52513,Adam Trautman,TE,8,test,1,0.852381
2021103111,1293,53098,Marquez Callaway,WR,8,test,0,0.645797
2021103111,1372,44896,Chris Godwin,WR,8,test,1,0.163653
2021103111,1426,42033,Cameron Brate,TE,8,test,0,0.687573
2021103111,1448,52569,Tyler Johnson,WR,8,test,1,0.472181
2021103111,1477,44831,O.J. Howard,TE,8,test,1,0.888862
2021103111,1615,44075,Garrett Griffin,TE,8,test,1,0.854813
2021103111,1643,52942,Juwan Johnson,TE,8,test,0,0.281361
2021103111,1669,44075,Garrett Griffin,TE,8,test,1,0.723785
2021103111,1741,44879,Alvin Kamara,RB,8,test,0,0.793787
2021103111,1774,46160,Tre'Quan Smith,WR,8,test,0,0.603046
2021103111,1955,44896,Chris Godwin,WR,8,test,0,0.211836
2021103111,2002,46160,Tre'Quan Smith,WR,8,test,1,0.861066
2021103111,2098,45005,Alex Armah,RB,8,test,1,0.83026
2021103111,2222,42350,Kevin White,WR,8,test,1,0.375859
2021103111,2367,52513,Adam Trautman,TE,8,test,0,0.455061
2021103111,2527,44831,O.J. Howard,TE,8,test,0,0.535006
2021103111,2554,42033,Cameron Brate,TE,8,test,1,0.851414
2021103111,2603,44816,Leonard Fournette,RB,8,test,1,0.875532
2021103111,2632,44896,Chris Godwin,WR,8,test,1,0.705765
2021103111,2664,44816,Leonard Fournette,RB,8,test,0,0.728848
2021103111,2717,42033,Cameron Brate,TE,8,test,1,0.804549
2021103111,2807,39985,Giovani Bernard,RB,8,test,1,0.862979
2021103111,3019,44896,Chris Godwin,WR,8,test,1,0.657751
2021103111,3098,44896,Chris Godwin,WR,8,test,1,0.892189
2021103111,3123,41233,Mike Evans,WR,8,test,1,0.338099
2021103111,3429,52569,Tyler Johnson,WR,8,test,1,0.852147
2021103111,3660,53098,Marquez Callaway,WR,8,test,0,0.191336
2021103111,3777,44816,Leonard Fournette,RB,8,test,1,0.873058
2021103111,3801,44831,O.J. Howard,TE,8,test,1,0.857801
2021103111,3854,44816,Leonard Fournette,RB,8,test,1,0.88987
2021103111,3882,44767,Cyril Grayson,WR,8,test,1,0.402428
2021103111,3967,44879,Alvin Kamara,RB,8,test,1,0.813627
2021103111,3991,53098,Marquez Callaway,WR,8,test,1,0.701457
2021103111,4178,53098,Marquez Callaway,WR,8,test,1,0.508864
2021103111,4251,44879,Alvin Kamara,RB,8,test,0,0.8644
2021103111,4273,44879,Alvin Kamara,RB,8,test,1,0.822007
2021103111,4342,41233,Mike Evans,WR,8,test,0,0.153428
2021103111,4364,44896,Chris Godwin,WR,8,test,0,0.550266
2021103111,4465,52569,Tyler Johnson,WR,8,test,1,0.769456
2021103111,4489,52569,Tyler Johnson,WR,8,test,0,0.655669
2021103112,97,46226,Tyler Conklin,TE,8,test,1,0.344755
2021103112,184,52430,Justin Jefferson,WR,8,test,0,0.159044
2021103112,238,40488,Adam Thielen,WR,8,test,1,0.735396
2021103112,315,42347,Amari Cooper,WR,8,test,1,0.837191
2021103112,386,45532,Blake Jarwin,TE,8,test,0,0.810251
2021103112,465,52425,CeeDee Lamb,WR,8,test,1,0.52066
2021103112,516,42347,Amari Cooper,WR,8,test,0,0.69065
2021103112,538,52425,CeeDee Lamb,WR,8,test,1,0.825807
2021103112,646,52430,Justin Jefferson,WR,8,test,0,0.224629
2021103112,685,46226,Tyler Conklin,TE,8,test,0,0.813096
2021103112,788,52425,CeeDee Lamb,WR,8,test,1,0.635773
2021103112,939,45532,Blake Jarwin,TE,8,test,0,0.717486
2021103112,1021,46226,Tyler Conklin,TE,8,test,1,0.710878
2021103112,1045,52584,K.J. Osborn,WR,8,test,0,0.756746
2021103112,1113,42347,Amari Cooper,WR,8,test,1,0.385076
2021103112,1228,46206,Dalton Schultz,TE,8,test,1,0.75724
2021103112,1253,46277,Cedrick Wilson,WR,8,test,1,0.575273
2021103112,1298,43293,Ezekiel Elliott,RB,8,test,0,0.727751
2021103112,1320,42347,Amari Cooper,WR,8,test,0,0.620773
2021103112,1418,40488,Adam Thielen,WR,8,test,0,0.620323
2021103112,1469,37179,Luke Stocker,TE,8,test,1,0.85455
2021103112,1535,40488,Adam Thielen,WR,8,test,1,0.786889
2021103112,1602,47885,Alexander Mattison,RB,8,test,1,0.784063
2021103112,1695,43293,Ezekiel Elliott,RB,8,test,1,0.569901
2021103112,1719,42347,Amari Cooper,WR,8,test,1,0.792131
2021103112,1743,46206,Dalton Schultz,TE,8,test,0,0.25857
2021103112,1809,46206,Dalton Schultz,TE,8,test,0,0.178521
2021103112,1831,45052,Noah Brown,WR,8,test,0,0.317951
2021103112,1901,53586,Ihmir Smith-Marsette,WR,8,test,1,0.742475
2021103112,1952,40488,Adam Thielen,WR,8,test,0,0.790014
2021103112,2050,46206,Dalton Schultz,TE,8,test,0,0.909038
2021103112,2072,46277,Cedrick Wilson,WR,8,test,1,0.402463
2021103112,2128,52430,Justin Jefferson,WR,8,test,0,0.475687
2021103112,2352,42347,Amari Cooper,WR,8,test,0,0.647154
2021103112,2423,52430,Justin Jefferson,WR,8,test,1,0.805686
2021103112,2473,46176,Christopher Herndon,TE,8,test,1,0.84809
2021103112,2545,46226,Tyler Conklin,TE,8,test,1,0.832503
2021103112,2631,42347,Amari Cooper,WR,8,test,1,0.799811
2021103112,2660,46206,Dalton Schultz,TE,8,test,0,0.254515
2021103112,2722,46277,Cedrick Wilson,WR,8,test,1,0.867097
2021103112,2789,43971,C.J. Ham,FB,8,test,1,0.802271
2021103112,2813,44853,Dalvin Cook,RB,8,test,0,0.84592
2021103112,2860,46277,Cedrick Wilson,WR,8,test,0,0.28811
2021103112,2938,47911,Tony Pollard,RB,8,test,1,0.7887
2021103112,2968,42347,Amari Cooper,WR,8,test,0,0.581634
2021103112,3024,43971,C.J. Ham,FB,8,test,1,0.818235
2021103112,3091,52584,K.J. Osborn,WR,8,test,1,0.834214
2021103112,3145,52425,CeeDee Lamb,WR,8,test,1,0.830313
2021103112,3169,42347,Amari Cooper,WR,8,test,1,0.745295
2021103112,3193,43293,Ezekiel Elliott,RB,8,test,0,0.856236
2021103112,3221,45052,Noah Brown,WR,8,test,1,0.342883
2021103112,3280,52425,CeeDee Lamb,WR,8,test,1,0.643507
2021103112,3396,52430,Justin Jefferson,WR,8,test,0,0.490243
2021103112,3507,42347,Amari Cooper,WR,8,test,0,0.303664
2021103112,3529,52425,CeeDee Lamb,WR,8,test,0,0.741262
2021103112,3624,43971,C.J. Ham,FB,8,test,1,0.786767
2021103112,3785,47885,Alexander Mattison,RB,8,test,1,0.87468
2021103112,3814,40488,Adam Thielen,WR,8,test,1,0.289053
2021103112,3878,52425,CeeDee Lamb,WR,8,test,0,0.647801
2021103112,3906,42347,Amari Cooper,WR,8,test,1,0.299239
2021103112,3930,42347,Amari Cooper,WR,8,test,1,0.77687
2021103112,3964,46206,Dalton Schultz,TE,8,test,0,0.166368
2021103112,4003,45052,Noah Brown,WR,8,test,1,0.608294
2021103112,4048,45052,Noah Brown,WR,8,test,1,0.878373
2021103112,4109,43293,Ezekiel Elliott,RB,8,test,1,0.870402
2021103112,4167,43293,Ezekiel Elliott,RB,8,test,1,0.870699
2021103112,4288,40488,Adam Thielen,WR,8,test,1,0.518063
2021103112,4317,46226,Tyler Conklin,TE,8,test,0,0.594196
2021103112,4362,52584,K.J. Osborn,WR,8,test,1,0.84447
2021103112,4409,46226,Tyler Conklin,TE,8,test,1,0.380726
2021110100,79,40011,Travis Kelce,TE,8,test,1,0.861364
2021110100,159,46522,Byron Pringle,WR,8,test,1,0.917468
2021110100,183,46526,Darrel Williams,RB,8,test,1,0.881846
2021110100,241,47839,Mecole Hardman,WR,8,test,1,0.839976
2021110100,393,39646,Josh Gordon,WR,8,test,0,0.818089
2021110100,441,47954,Darius Slayton,WR,8,test,0,0.817774
2021110100,531,43454,Tyreek Hill,WR,8,test,1,0.589816
2021110100,587,44821,John Ross,WR,8,test,0,0.210322
2021110100,724,43454,Tyreek Hill,WR,8,test,1,0.760576
2021110100,775,40011,Travis Kelce,TE,8,test,0,0.351584
2021110100,797,43454,Tyreek Hill,WR,8,test,0,0.462516
2021110100,917,44821,John Ross,WR,8,test,1,0.599472
2021110100,1037,43329,Sterling Shepard,WR,8,test,0,0.340347
2021110100,1083,37118,Kyle Rudolph,TE,8,test,1,0.900394
2021110100,1160,43454,Tyreek Hill,WR,8,test,0,0.62154
2021110100,1267,43329,Sterling Shepard,WR,8,test,0,0.288615
2021110100,1301,43329,Sterling Shepard,WR,8,test,0,0.661981
2021110100,1351,46526,Darrel Williams,RB,8,test,1,0.589806
2021110100,1396,43454,Tyreek Hill,WR,8,test,1,0.843522
2021110100,1458,46522,Byron Pringle,WR,8,test,0,0.722538
2021110100,1480,43454,Tyreek Hill,WR,8,test,1,0.699608
2021110100,1664,37118,Kyle Rudolph,TE,8,test,1,0.879845
2021110100,1736,43425,Devontae Booker,RB,8,test,1,0.596443
2021110100,1833,43329,Sterling Shepard,WR,8,test,1,0.735927
2021110100,1896,46526,Darrel Williams,RB,8,test,1,0.907797
2021110100,1920,43454,Tyreek Hill,WR,8,test,0,0.620621
2021110100,1970,43415,Demarcus Robinson,WR,8,test,0,0.402037
2021110100,2032,47839,Mecole Hardman,WR,8,test,0,0.162262
2021110100,2096,53449,Kadarius Toney,WR,8,test,1,0.771438
2021110100,2120,43425,Devontae Booker,RB,8,test,1,0.847083
2021110100,2165,43329,Sterling Shepard,WR,8,test,0,0.290088
2021110100,2569,47839,Mecole Hardman,WR,8,test,1,0.860863
2021110100,2593,40011,Travis Kelce,TE,8,test,0,0.324432
2021110100,2643,44821,John Ross,WR,8,test,1,0.710568
2021110100,2688,53449,Kadarius Toney,WR,8,test,1,0.527323
2021110100,2712,53449,Kadarius Toney,WR,8,test,0,0.31705
2021110100,2761,43454,Tyreek Hill,WR,8,test,0,0.378262
2021110100,2783,46526,Darrel Williams,RB,8,test,1,0.913625
2021110100,2881,43415,Demarcus Robinson,WR,8,test,1,0.71624
2021110100,2954,43454,Tyreek Hill,WR,8,test,0,0.132397
2021110100,2976,40011,Travis Kelce,TE,8,test,1,0.923468
2021110100,3089,52573,Collin Johnson,WR,8,test,1,0.561674
2021110100,3150,53449,Kadarius Toney,WR,8,test,1,0.423897
2021110100,3195,53449,Kadarius Toney,WR,8,test,1,0.838409
2021110100,3260,44835,Evan Engram,TE,8,test,1,0.479705
2021110100,3362,46526,Darrel Williams,RB,8,test,1,0.88325
2021110100,3392,43454,Tyreek Hill,WR,8,test,1,0.709783
2021110100,3421,46526,Darrel Williams,RB,8,test,1,0.896379
2021110100,3529,42460,Blake Bell,TE,8,test,0,0.764385
2021110100,3572,43454,Tyreek Hill,WR,8,test,1,0.593293
2021110100,3617,47839,Mecole Hardman,WR,8,test,0,0.826404
2021110100,3796,43880,Elijhaa Penny,RB,8,test,1,0.822197
2021110100,3831,52573,Collin Johnson,WR,8,test,1,0.478216
2021110100,3876,47954,Darius Slayton,WR,8,test,0,0.304198
2021110100,3909,43425,Devontae Booker,RB,8,test,1,0.867504
2021110100,3955,43425,Devontae Booker,RB,8,test,0,0.857546
2021110100,4016,40011,Travis Kelce,TE,8,test,0,0.530458
2021110100,4071,46522,Byron Pringle,WR,8,test,0,0.750167
2021110100,4113,40011,Travis Kelce,TE,8,test,1,0.919667
2021110100,4363,44835,Evan Engram,TE,8,test,1,0.874359
2021110100,4411,44835,Evan Engram,TE,8,test,0,0.69801
